|‚ù§‚ù§ I challenge you to #SaveTheWorld from #Covid-19! Recycle empty soda bottles into face shields and become a hero!  https://t.co/b5luv683Ov #TogetherAtHome ! https://t.co/EV48wQrEQ7|
|Date night with my better half (Covid-at-home-style}: Double Crusted Rack of Lamb with Herbs de Provence with a side of  Gnocchi with Jarlsberg and Parmesan Cream Sauce. Pat√´ to start and a great Syrah from‚Ä¶ https://t.co/IXa49FZP0s|
|We are living in difficult times due to the Coronavirus (COVID-19).  I‚Äôm pledging to stay home for good health and safety.  I‚Äôm watching a special program on one of the American Television networks that support the‚Ä¶ https://t.co/FgjNRl406g|
|Lets pray together that everything will get fineüôèüôè #arrascreations #corona #covid19 #letspray
 #letspraytogether  #letsfightcorona  #fightcorona  #letsfightcovid19together  #letsfightcoronatogether  #socialdistancing‚Ä¶ https://t.co/pyqZeqY6p5|
|Lets pray together that everything will get fineüôèüôè #arrascreations #corona #covid19 #letspray
 #letspraytogether  #letsfightcorona  #fightcorona  #letsfightcovid19together  #letsfightcoronatogether  #socialdistancing‚Ä¶ https://t.co/7R69C2O7mU|
|COVID-19 update 
Home???
100-15 204th St, Queens ,NY 11423
HRA cityFHEPS voucher 311NYC housing connect home base I want my own apartment NOW or a hotel room with its own bathroom  and don't move people around every‚Ä¶ https://t.co/UUVGEHebfH|
|‚ù§ I challenge you to #SaveTheWorld from #Coronavirus! Recycle empty soda bottles into face shields and become a hero!  https://t.co/b5luv683Ov #BillionShieldsChallenge ! https://t.co/g6aUZFabiG|
|I challenge you to #SaveTheWorld‚ù§ from #Coronavirus! Recycle empty soda bottles into face shields and become a hero!   #BillionShields #Bottles2Shields  Spanish https://t.co/Dzh14jOsuB  #TogetherAtHome ! https://t.co/aHNseeGJxq|
|Which man get his nails done?   A or B?   #nails #nailsofinstagram #nailsüíÖ #nailsonfleek #nailstyle #menshealth #mani #pedi #pedicure  #canyoutell #debate #corona #quarantine #questions #nail #nailtech #besafe‚Ä¶ https://t.co/E5Sh6qc8UC|
|I challenge you to ‚ù§#SaveTheWorld from #Coronavirus! Recycle empty soda bottles into face shields and become a hero!   #BillionShields  Russian https://t.co/lunyFgaptB #TogetherAtHome ! https://t.co/MZIi1VRawE|
|Updated 8:22 p.m. ET President Trump on Friday said states are well equipped to adequately test for COVID-19, a position that has been contradicted by https://t.co/zXGMz4r0kv #atx #austin #all512|
|Don‚Äôt believe the hype! Showing my support for @corona ! Salud! #coronafamiliar #fuckcovid19 @ Rancho Cucamonga, California https://t.co/PAtQwuKNpQ|
|‚ù§#SaveTheWorld from #Coronavirus!  Recycle empty soda bottles into face shields and become a hero!   #BillionShields  Arabic https://t.co/YrxltDqaph #TogetherAtHome ! https://t.co/uEAQz3ff7b|
|#BillionShields Challenge is here! ?I challenge you to #SaveTheWorld:thanksdoc: from #Coronavirus! #TogetherAtHome ! https://t.co/aGqt3i5lA9|
|Keeping it safe with my boy @KennethLion at @thecomedystore time to go back to my trailer and meditate #covid #comedy #quarantine @ West Hollywood, California https://t.co/maIJa7bxgm|
|#BillionShields Challenge is here! ?I challenge you to #SaveTheWorld:thanksdoc: from #Coronavirus! https://t.co/b5luv683Ov #TogetherAtHome ! https://t.co/NBWObw1l0D|
|‚ù§‚ù§ I challenge you to #SaveTheWorld from #Covid-19! Recycle empty soda bottles into face shields and become a hero!  https://t.co/b5luv683Ov #TogetherAtHome ! https://t.co/KOK4BPmWga|
|Pharmacy demand surges amid coronavirus crisis in Upper West Side Manhattan.
.
.

#nyc #newyork #newyorkcity #newyork_ig #ny #nycphotographer #nycphotography #streetphotography #street #streetstyle #streetclassics‚Ä¶ https://t.co/OVmfjrAbph|
|#apple &amp; #google join force to create new #coronavirus #trackingapp #sony #ps5 #limited #production #iphone affordable $399 #iphonese similar to #iphone8 #technews #jperez https://t.co/ZFjJDffLku waveculture @ Silicon Valley,‚Ä¶ https://t.co/H64GSy2QsX|
|‚ù§ I challenge you to #SaveTheWorld from #Coronavirus! Recycle empty soda bottles into face shields and become a hero!  https://t.co/b5luv683Ov #BillionShieldsChallenge ! https://t.co/fYExeb5RHY|
|I challenge you to #SaveTheWorld‚ù§ from #Coronavirus! Recycle empty soda bottles into face shields and become a hero!   #BillionShields #Bottles2Shields  Spanish https://t.co/Dzh14jOsuB  #TogetherAtHome ! https://t.co/7QUgqPWv1V|
|I challenge you to ‚ù§#SaveTheWorld from #Coronavirus! Recycle empty soda bottles into face shields and become a hero!   #BillionShields  Russian https://t.co/lunyFgaptB #TogetherAtHome ! https://t.co/ohgBbNDgKN|
|‚ù§#SaveTheWorld from #Coronavirus!  Recycle empty soda bottles into face shields and become a hero!   #BillionShields  Arabic https://t.co/YrxltDqaph #TogetherAtHome ! https://t.co/NxagMvrMKd|
|#BillionShields Challenge is here! ?I challenge you to #SaveTheWorld:thanksdoc: from #Coronavirus! #TogetherAtHome ! https://t.co/MgBcaiQMfk|
|It was nice to see the shining sun today!

#actuallydetroit #mittenlove #puremichigan #detroitmichigan #coviÃád19 #coronavirus #emptystreets #woodwardavenue @ Brush Park https://t.co/otH5xL1Dub|
|I challenge you to ?#SaveTheWorld from #Coronavirus! Recycle empty soda bottles into face shields and become a hero!   #BillionShields  Russian https://t.co/lunyFgaptB #TogetherAtHome ! https://t.co/4aQcExF0ON|
|If you‚Äôre looking to keep the creative juices flowing, don‚Äôt let #covid  stop you.
Reach out !
#producer #pianoteacher #beats 
#youtube #artist #singer @ New York, New York https://t.co/96jxsLOx56|
|#BillionShields Challenge is here! ?I challenge you to #SaveTheWorld:thanksdoc: from #Coronavirus! https://t.co/b5luv683Ov #TogetherAtHome ! https://t.co/baOTn95KJ4|
|‚ù§‚ù§ I challenge you to #SaveTheWorld from #Covid-19! Recycle empty soda bottles into face shields and become a hero!  https://t.co/b5luv683Ov #TogetherAtHome ! https://t.co/arEC25B4sr|
|What You Need to Know About Remdesivir, the Potential Coronavirus Drug by @SmithDanaG
in elemental

https://t.co/8QE5JkwI96 @ Hammond, Indiana https://t.co/g0TIB3aabK|
|Our Pride, Our Tricolor On Europe‚Äôs Iconic Matterhorn Mountain! Thankyou Switzerland For Showing Solidarity w/ India‚Äôs Fight Against Corona. üáÆüá≥üá®üá≠üôèüèª
.
.
.
.
#WorldAgainstCorona‚Ä¶ https://t.co/215wBWSNvq|
|Find a good fight and stay home let‚Äôs kill this virus coronavirus stay home please stay home Namaste @ Eugene, Oregon https://t.co/OwRVJSqCih|
|‚ù§ I challenge you to #SaveTheWorld from #Coronavirus! Recycle empty soda bottles into face shields and become a hero!  https://t.co/b5luv683Ov #BillionShieldsChallenge ! https://t.co/SwmBwNxVMz|
|I challenge you to #SaveTheWorld‚ù§ from #Coronavirus! Recycle empty soda bottles into face shields and become a hero!   #BillionShields #Bottles2Shields  Spanish https://t.co/Dzh14jOsuB  #TogetherAtHome ! https://t.co/uKkllpFlCD|
|I challenge you to ‚ù§#SaveTheWorld from #Coronavirus! Recycle empty soda bottles into face shields and become a hero!   #BillionShields  Russian https://t.co/lunyFgaptB #TogetherAtHome ! https://t.co/docprHeD2N|
|We need the #vibrainium and the purple pod flower's to give us #superhuman #strength of the #BlackPanther to rid us of the #Coronavirus #Covid19 #pandemic Heck #TonyStark nor #Ironman can do it! @ Florida https://t.co/C5UcePMvIo|
|‚ù§#SaveTheWorld from #Coronavirus!  Recycle empty soda bottles into face shields and become a hero!   #BillionShields  Arabic https://t.co/YrxltDqaph #TogetherAtHome ! https://t.co/tGGzx3FoYb|
|#BillionShields Challenge is here! ?I challenge you to #SaveTheWorld:thanksdoc: from #Coronavirus! #TogetherAtHome ! https://t.co/HoiqUFHAXo|
|I challenge you to ?#SaveTheWorld from #Coronavirus! Recycle empty soda bottles into face shields and become a hero!   #BillionShields  Russian https://t.co/lunyFgaptB #TogetherAtHome ! https://t.co/T2blfFxPR4|
|#BillionShields Challenge is here! ?I challenge you to #SaveTheWorld:thanksdoc: from #Coronavirus! https://t.co/b5luv683Ov #TogetherAtHome ! https://t.co/xnymEnn7CY|
|‚ù§‚ù§ I challenge you to #SaveTheWorld from #Covid-19! Recycle empty soda bottles into face shields and become a hero!  https://t.co/b5luv683Ov #TogetherAtHome ! https://t.co/W6e8t2roEo|
|Free Chat Lines! Social Distance on the phone!!!!! 712-432-2025

#covid #covid19 #socialdistance #socialdistancing #chatline #partyline #newfriends #meetandgreet #meetandgreetgoals #relationship #relationshipgoals‚Ä¶ https://t.co/AIArs00ycd|
|I agree  @Lesdoggg   !   #covid @ New York, New York https://t.co/G6JBniKvju|
|‚ù§ I challenge you to #SaveTheWorld from #Coronavirus! Recycle empty soda bottles into face shields and become a hero!  https://t.co/b5luv683Ov #BillionShieldsChallenge ! https://t.co/VYXUyjN2sM|
|I challenge you to #SaveTheWorld‚ù§ from #Coronavirus! Recycle empty soda bottles into face shields and become a hero!   #BillionShields #Bottles2Shields  Spanish https://t.co/Dzh14jOsuB  #TogetherAtHome ! https://t.co/DMvUBYvmSH|
|I challenge you to ‚ù§#SaveTheWorld from #Coronavirus! Recycle empty soda bottles into face shields and become a hero!   #BillionShields  Russian https://t.co/lunyFgaptB #TogetherAtHome ! https://t.co/FDtc0x9wSL|
|‚ù§#SaveTheWorld from #Coronavirus!  Recycle empty soda bottles into face shields and become a hero!   #BillionShields  Arabic https://t.co/YrxltDqaph #TogetherAtHome ! https://t.co/1Lm0YrM30C|
|#BillionShields Challenge is here! ?I challenge you to #SaveTheWorld:thanksdoc: from #Coronavirus! #TogetherAtHome ! https://t.co/fQOETS4qKv|
|Longtime Passaic County public servant dies from COVID-19 https://t.co/fjeeT1F8dC https://t.co/Oq73vHkwDZ|
|I challenge you to ?#SaveTheWorld from #Coronavirus! Recycle empty soda bottles into face shields and become a hero!   #BillionShields  Russian https://t.co/lunyFgaptB #TogetherAtHome ! https://t.co/joA4DklaqK|
|#BillionShields Challenge is here! ?I challenge you to #SaveTheWorld:thanksdoc: from #Coronavirus! https://t.co/b5luv6pEG3 #TogetherAtHome ! https://t.co/9s7b433etU|
|‚ù§‚ù§ I challenge you to #SaveTheWorld from #Covid-19! Recycle empty soda bottles into face shields and become a hero!  https://t.co/b5luv683Ov #TogetherAtHome ! https://t.co/SZcCyEZQcg|
|Today we gave it all away ..everything!  And then we went and restocked more.  

Make sure you send the word "HI" to the Mothers of Hope Facebook Messenger to take our COVID19 survey (11 questions)   

Then send a‚Ä¶ https://t.co/ik6mseSfVI|
|Thread https://t.co/tbm9rqFrd0|
|‚ù§‚ù§ I challenge you to #SaveTheWorld from #Covid-19! Recycle empty soda bottles into face shields and become a hero!  https://t.co/b5luv683Ov #TogetherAtHome ! https://t.co/ugRYVQ4dwC|
|Not today, Covid! üòÇ @ Stapleton, Denver https://t.co/SnvuNfFfRe|
|‚ù§ I challenge you to #SaveTheWorld from #Coronavirus! Recycle empty soda bottles into face shields and become a hero!  https://t.co/b5luv6pEG3 #BillionShieldsChallenge ! https://t.co/wDIh2NoN4o|
|I challenge you to #SaveTheWorld‚ù§ from #Coronavirus! Recycle empty soda bottles into face shields and become a hero!   #BillionShields #Bottles2Shields  Spanish https://t.co/Dzh14jOsuB  #TogetherAtHome ! https://t.co/9eX63JARxc|
|I challenge you to ‚ù§#SaveTheWorld from #Coronavirus! Recycle empty soda bottles into face shields and become a hero!   #BillionShields  Russian https://t.co/lunyFgaptB #TogetherAtHome ! https://t.co/sFVclEFlRZ|
|‚ù§#SaveTheWorld from #Coronavirus!  Recycle empty soda bottles into face shields and become a hero!   #BillionShields  Arabic https://t.co/YrxltDqaph #TogetherAtHome ! https://t.co/XXZsvvbHBX|
|#BillionShields Challenge is here! ?I challenge you to #SaveTheWorld:thanksdoc: from #Coronavirus! #TogetherAtHome ! https://t.co/xtk2z0qPeu|
|I challenge you to ?#SaveTheWorld from #Coronavirus! Recycle empty soda bottles into face shields and become a hero!   #BillionShields  Russian https://t.co/lunyFgaptB #TogetherAtHome ! https://t.co/eGWVK6Es0s|
|#BillionShields Challenge is here! ?I challenge you to #SaveTheWorld:thanksdoc: from #Coronavirus! https://t.co/b5luv683Ov #TogetherAtHome ! https://t.co/Qwr7p5XYaX|
|Empty streets ...
Many cities around the world are fighting #Coronavirus #epidemic, as per the Medical advices https://t.co/lKxruZBMOn.organization_, obtain hygienic lifestyle(washing hands frequently), stay away from the‚Ä¶ https://t.co/M5dBwa902E|
|‚ù§‚ù§ I challenge you to #SaveTheWorld from #Covid-19! Recycle empty soda bottles into face shields and become a hero!  https://t.co/b5luv683Ov #TogetherAtHome ! https://t.co/DKas65dKQy|
|Corona Beer!¬† Corona Virus?¬† Duh!?¬† Different?¬† Or, Same?¬† Dunno!
¬†¬†
Night of Saturday, April 18, 2020.
Virginia Beach, Virginia.
Lawrence Albert Connor.
¬†¬†
Alone Together.
Stay Healthy.
Stay Home.
Stay Safe.
Stay‚Ä¶ https://t.co/gIxgkwkuJW|
|Corona Beer!¬† Corona Virus?¬† Duh!?¬† Different?¬† Or, Same?¬† Dunno!
¬†¬†
Night of Saturday, April 18, 2020.
Virginia Beach, Virginia.
Lawrence Albert Connor.
¬†¬†
Alone Together.
Stay Healthy.
Stay Home.
Stay Safe.
Stay‚Ä¶ https://t.co/XTGussfMz6|
|#transition from #geekgirlüë©‚Äçüíª to #badass üë∏
üíÉüèªBazigar me #bazigar 
.
.
.
#tiktoker #mishkatarkar #youtuber #trending #gharbaithoindia #india #corona #potraitphotography #ownthecurve #dancewithme #sexygirl #bollywood‚Ä¶ https://t.co/W7h6fA1bUS|
|Night's in Vegas before the rona virusüì∏

#raesremmurd #swaelee #slimjxmmi
#draisnightclub #sremmlife #ciroc #hiphop #humannature #blackbeatles
#lasvegas #lasvegasstrip #corona @ Drai's Nightclub https://t.co/ReKKz3UJSo|
|4.18.2020 

üì∏: every_milestone_photography 

#Corona #tucson #photography #tucsonphotography #model ? @ Catalina Foothills, Arizona https://t.co/Ovwiy7W91x|
|Big thanks to @teodrossavery for generously donating to the #coronavirus #coviÃád19 #livestreaming #pool. We‚Äôve performed together many times and he‚Äôs a wonderful professor in #california currently. He also just‚Ä¶ https://t.co/tucURigSHt|
|Fundraising Rice and Lentil Bags for Poor Villagers in Srilanka during Curfew Covid19.

Bhante Aluthnuwara Anuruddha Nayaka Thero is leading donation efforts to share rice &amp; lentil bags around Kotte and Colombo.‚Ä¶ https://t.co/79RrG6hmvS|
|#TyeDye #CoronaVirus #Masks are #Ready &amp; Already going fast! 

Soon it will be a requirement! Keep 1 in your car! #FlattenTheCurve! üí™üèºüò∑

$7 For 1
$5 Each = For 2, or more.
Ask me about shipping!

Small (Kids)‚Ä¶ https://t.co/NRiGHuDOMs|
|#Nashville, an empty, eerily quiet Broadway on a Saturday afternoon in the time of #COVID19 @ Downtown Nashville https://t.co/mkPzAWMuTH|
|I am in a New York State of mind. This is looking directly up at the 14th St., Union Square subway station. I was thinking about the 1000 nurses that have traveled from all over the country to help with COVID-19‚Ä¶ https://t.co/q5Phepggov|
|Coming out of #quarantine like....
#killbill
#coronavirus #Beatrixkiddo #PaulaSchultz @ Aylesford Place - Woodland Park, Lexington, Kentucky https://t.co/4dlPio8Fvd|
|When #covid is your #filter. @ Woodside, Sacramento https://t.co/1vxWVD3F9H|
|The BubbaBear had a glorious time at his DriveBy Bday party.  Big thanks to everyone who drove by!  He was overwhelmed with joy.  He said that maybe we can put the Corona in the green bin‚Ä¶ https://t.co/sGrAhcyNaF|
|To avoid hostile takeovers amid COVID-19, India mandates approvals on all Chinese investments...

https://t.co/ns8W331gRe|
|Protesting is reckless and will be endangering lives.  If you don't stay Six Feet apart, you can be Six Feet Under.

#COVID19 #Coronavirus #stayhome #stayhomestaysafe #stayhomestayhealthy #InThisTogether @ Seattle,‚Ä¶ https://t.co/5lrOoJHUMl|
|Day1609
010/Not quite art...art: Antinous in the time of Covid.
Collab with mittensgalore and JLR pryorjohnsonrarebooks .
.
Marble portrait Head from a statue of Antinous wearing a wreath of ivy. 130-149 (circa)‚Ä¶ https://t.co/GfvtzdBTO8|
|Saturday night fun with mar_isanchez. Thanks azlotusart. Song by @BishopLamont @scoopdeville and @therealryu @ Corona, California https://t.co/7F0rR6ShWL|
|Memories!!..... Happy Birthday Andrew. We Miss OUR ANGELINO CROSSFIT FAMILY!! It‚Äôs a good day to pray for the END of Covid-19. Hope to see you all again SOON. We love you guys. #angelinocrossfitfamily #memories‚Ä¶ https://t.co/HzMwIO9GK9|
|YES We Are OPEN Sunglass Image, ‚ÄúATTENTION‚Äù
In an effort to provide the safest environment for our customers and staff, we are following the CDC‚Äôs recommendations and all precautions Ôøº(COVID-19)  If you are unable to‚Ä¶ https://t.co/yDMkfJeLmA|
|Stay. At. Home. #coronavirus #covid19 #matterhorn @ Fountain, Colorado https://t.co/uuzGguHzU1|
|Episode No. 86 COVID 19 + Your Finances‚ÄîSavings, Debt Repayment, Unemployment + Everything In Between With Ericka Young  https://t.co/RSiWLyJtDU|
|Day??? #StayAtHomeSaveLives #AloneTogether #COVID19
#NausetLighthouse #nausetbeach #CapeCod
This is my favorite lighthouse &amp; this photo was captured after light  moved in from the eroding coastline.
Photo May 22,‚Ä¶ https://t.co/yiOcb46e2P|
|Today we were going to have about 600 or so guests in #walthallpark today for #DowntownCrawfishJam BUT this #Covid19 got in the way. These folks came out for a bit! It was great to see everyone! We were social‚Ä¶ https://t.co/8n9CYzuQ7I|
|NEVER GIVE UP!!!

#WOHFITNESS "WHERE FITNESS BECOMES A LIFESTYLE ".
.
STAY FIT, HEALTHY AND POSITIVE!
.
https://t.co/GvuAhouHWm

üò∑ #Quarantine #ncov2019 #fightvirus #coronavirus #CoronavirusOutbreak #toptags‚Ä¶ https://t.co/MKU7O0GYw4|
|Arsonists who stupidly believe #5G caused #Coronavirus (THAT DOESN'T EVEN MAKE SENSE) have attacked 53 network towers across the UK, proving their rednecks are dumber than our rednecks.

https://t.co/V4rYimBZFH #Tech #Telecom #Mobile #COVID19|
|Cuomo issues order allowing New Yorkers to obtain marriage licenses over Zoom The order also allows clerks to conduct ceremonies over video!

https://t.co/1YmKpWoz1N #Tech #VideoConferencing #VideoStreaming #Coronavirus #Coronapocalypse #TheNewNormal #Society #Culture|
|Covid-19 made me miss my #Dumplings. I miss #MyDumplings so bad üò´ #chinese #china #food #chinesefood #chinesenewyear #foodie #mandarin #asian #learnchinese #foodporn #love #chinesedrama #learnmandarin #like‚Ä¶ https://t.co/KjrLh3t6sC|
|#SexAndRelationships #Polyamory #Coronavirus What it's like to be polyamorous during the coronavirus quarantine https://t.co/PFHd7niiHj https://t.co/3r44UN7CIU|
|Soon as this corona shyt ova we back on da roadüèÉüèø‚Äç‚ôÇÔ∏èüí® #DHE worldwideüåé #icatching #roadtrip #flow #dope #concert #y #askmehow #playlist #global #rap #hiphop #nextlevel #godawgs #nice #word #z #thatsme #godsplan #music‚Ä¶ https://t.co/6vj23PD0v9|
|El Cheapo League &lt;‚Äî Bowling Week #2 At Skore Lanes In Taylor, Michigan 3/11/2020 League Was Put On Hold Do To COVID-19 IDk If Were Gotta Finish After State At Home Is Lifted Or Not! @‚Ä¶ https://t.co/mukCabcJRz|
|Wow! What a great turnout at Walmart yesterday! Because of the generous local support we will be able to donate $1000 towards the Covid-19 Response Fund @ochbuffalo !!! Thank you to everyone that came out and‚Ä¶ https://t.co/UmREbktLiH|
|Soon as this corona shyt ova we back on da roadüèÉüèø‚Äç‚ôÇÔ∏èüí® #DHE worldwideüåé #icatching #roadtrip #flow #dope #concert #y #askmehow #playlist #global #rap #hiphop #nextlevel #godawgs #nice #word #z #thatsme #godsplan‚Ä¶ https://t.co/JLORkiizRC|
|Go here to to check on your payment status for your #covid19 Economic Impact Payment Economic Injury Disaster Loan Assistance as well as the NYS Shield Act requirements for protecting your #business #data @ Staten‚Ä¶ https://t.co/Dc7lDtKHOU|
|TODAY!!!

HIGHEST LEVEL EXPERTS DISCUSS THE COVID-19 PANDEMIC IN THIS LIVE WORLDWIDE BROADCAST!!!
Please RSVP + Invite Your Friends!
Interview Schedule Is Posted Here In The Event‚Ä¶ https://t.co/ygFASUVSqx|
|üåÄ
covid-19 pandemic quarantine
these are
the people
of
Granville, Ohio || April 2020
.
the Manno family
Greenwood Loop
.
.
View all the photographs on the blog (link in‚Ä¶ https://t.co/f92q1Q9w9i|
|northendneighborhoodboise is a valued member of @TVCanopy &amp; our community. They‚Äôve adapted their platform to help w/ #COVID-19 response. Check out their website for more resources. #flattenthecurve  #supportlocal @‚Ä¶ https://t.co/4GAz1L1Sw3|
|Corona NY Sun Apr 19th AM Forecast: TODAY Mostly Cloudy Hi 45 TONIGHT Partly Cloudy Lo 31|
|Second Sunday of Easter on #Zoom #Easter2 #DoubtingThomas #TLCworcester #TrinityWorc #ELCA #Lutheran #Covid19 #CoronaVirus @ Trinity Lutheran Church Worcester MA https://t.co/QJf7RcjOLz|
|The NYC church installed a lighting show spectrum during Covid-19 mess by BK Bazhe, from Travel, or BK Amazon Art &amp; Books: https://t.co/Ukk5O1ncVC
BK Bazhe Website: https://t.co/D10wbGUisO
BK‚Ä¶ https://t.co/cPTfEu0kNB|
|Please share what you have learned from your experiences as a #business leader or owner during this past month. Take this #confidential 5 minute #survey: https://t.co/LDIUCSa98O #DSMUSA #DSMStrong #JohnstonStrong #COVID19|
|Simple is always best Teddy, SIMPLE!

#WhoTaughtUDat
#ShawnyTaughtU
#TheeMixxKween
#FemaleDJ #DJ  #quarantine #COVID19 @ Atlanta, Georgia https://t.co/13lnhKfKVE|
|Your death is now is real possibility thanks to the #COVID19 #Coronavirus #Pandemic &amp; Donald Trump‚Ä¶ Social/religious norms aside, how would you like your death to be mourned/celebrated?

You better figure that out what you want us to #Livestream on Zoom

https://t.co/pWZ52FYJL6|
|A couple of Singleton-coached athletes and riders for nine13sportscyclingteam showing their appreciation for our sponsor and the good work they are doing. Margot &amp; Sam took a little of their Corona-cation time to do‚Ä¶ https://t.co/buH3fQO4RM|
|I am focused on seeing the wonders of the world,not being trapped by COVID-19 https://t.co/Jrcnow8I4d|
|Looking for Prevention from #Covid-19?  The CDC recommends a two-step preventive measure: ‚Äúcleaning of visibly dirty surfaces followed by disinfection.‚Äù We can help with our deep cleaning - Contact us Now! Get your‚Ä¶ https://t.co/K4FbZa1ddQ|
|Looking for Prevention from #Covid-19?  The CDC recommends a two-step preventive measure: ‚Äúcleaning of visibly dirty surfaces followed by disinfection.‚Äù We can help with our deep cleaning - Contact us Now! Get your‚Ä¶ https://t.co/x3s9Bb613e|
|I wrote this when I was a teenager.
I was seriously pissed.
I wrote the track / melody years later.
There is one more I was just as serious as Covid-19 on that to. @ Paso Robles, California https://t.co/8K4LIr8GN1|
|Looking for Prevention from #Covid-19?  The CDC recommends a two-step preventive measure: ‚Äúcleaning of visibly dirty surfaces followed by disinfection.‚Äù We can help with our deep cleaning - Contact us Now! Get your‚Ä¶ https://t.co/xGTOzpIdjh|
|‚ÄòEllen‚Äô Crew Furious Over Mysteriously Non-Existant #CoronavirusShutdown Pay: The crew of one Hollywood's richest celebs says communication died since studio production shutdown &amp; @TheEllenShow has hired new non-union gig workers for her at-home show!

https://t.co/oUILAk9FGJ|
|DUE TO THE RECENT COVID-19 CONCERNS Hudsonpsychic  IS CURRENTLY ACCEPTING READINGS BY PHONE. TO SCHEDULE A READING BY PHONE PLEASE GIVE Hudson Psychic  A CALL AT (857) 294-6407
 Offering Accurate Readings
Get advice‚Ä¶ https://t.co/sZ0witRAon|
|Subway escalator pre-Corona NYC. #newyork #nyc #newyorkcity  #ny #love #manhattan #usa #city #photography #travel #instagood #manhatten #instagram #like #follow #longisland #america #Cityscape #streetphotography @‚Ä¶ https://t.co/yREvZyPgGu|
|DUE TO THE RECENT COVID-19 CONCERNS Hudsonpsychic  IS CURRENTLY ACCEPTING READINGS BY PHONE. TO SCHEDULE A READING BY PHONE PLEASE GIVE Hudson Psychic  A CALL AT (857) 294-6407
 Offering Accurate Readings
Get advice‚Ä¶ https://t.co/FN3qYjgDlN|
|Covid-19  https://t.co/sKCJS9LqMr|
|Good morning ‚òÄÔ∏è world üåç in coronavirus time always with a good attitude and the best positive I wish all of you in all parts of this world the best and always with positivism do not forget it the attitude with good‚Ä¶ https://t.co/fGUeyf58WW|
|Checking in‚Ä¶ https://t.co/corEvFhvIE https://t.co/fROBcdkcxM|
|source bbcnews 
#coronavirus
#officialcuttytv @ Cutty Events Planning &amp; Management LLC https://t.co/VX1R3qkXBJ|
|Somethings are worth leaving the house for morning exercises the days of the coronavirus #manhattanbeach #manhattanbreadandbagel #lifechanging #chocolatecroissant #mykindajam #regular #morningbreakfast #thefrenchway‚Ä¶ https://t.co/zRfHHo8c1F|
|I‚Äôve been wanting to create a statement piece for our great room for awhile and after finally getting caught up on commissions and gallery commitments, it happened. When the reality of Covid19 sunk in, my creative‚Ä¶ https://t.co/jVWITDrfM5|
|Hello INmates from duh Department Of Corona. @ Brooklyn, New York https://t.co/Zk7uzdhyTz|
|Going Live with my brother thestokeyproject at 4pm today .. please join us for this important conversation about the impacts of the coronavirus on those incarcerated and their families . 

#DC #Baltimore‚Ä¶ https://t.co/vmlAhsM9nz|
|Xerxes Wilson,

The combination of COVID-19 and an underlying lung disease killed an inmate housed at Delaware's largest prison, officials said Friday. 

Joseph Russo, 73, died Thursday. He is the first inmate to die‚Ä¶ https://t.co/R5yYiujIXD|
|Meredith Newman,

Delaware health officials have confirmed 2,323 of the coronavirus, according to the state's website. 

The rise of 248 cases in one day ‚Äî after a few days of declining numbers ‚Äî follows a Thursday‚Ä¶ https://t.co/vLpoF1Hs1e|
|Hey, if the #millennials and #GenerationAlpha want to go play outside with #Rona #covid19 #coronavirus and her cousin, #5G, let em. Hard heads make sick and dead behinds. But hey, we just may be scared. Scared and‚Ä¶ https://t.co/MOKsjoULE8|
|As we have been here for you before, we are here for you during #Covid19 üòåFace to Face wants to offer your support. Call to schedule a phone or video medical visit at 651-772-5555.
(No walk-in appointments at this‚Ä¶ https://t.co/vE7VbDwCAj|
|Homemade blueberry muffins...it‚Äôs what is for breakfast!! üíôüíô

#Yummy #Blueberries #Quarantine #Covid19 #BettyCrocker #ImperialSugar @ Sugar Land, Texas https://t.co/3M1v9Vm1iJ|
|BLUE IVYs #coronavirus #psa for #washinghands ‚Ä¢ Peep Sir in the background screaming and hollering fuckn jay up......Bey was recording. beyonce #blueivy @ Malibu Beach - Calif√≥rnia https://t.co/oqBA63umHl|
|STAY SAFE #covid19 #lakewoodohio @ Serpentini Arena-Winterhurst operated by Iceland USA https://t.co/phAWCglonq|
|The new norm just to leave the for work. #corona station with essential items for my own protection. ##OrthoDoc on call #n95facemask #gloves #handsanitizer @ Navajo Nation, New Mexico https://t.co/e9dhMDyyjQ|
|GETTING IT, 
WORK OUT CORONA üö≤ RIDE TODAY! at 12pm PM me if you want to ride ,love my friends, big thanks to all the people I look up to and admire that make want to change my way of life, now teaching online lessons‚Ä¶ https://t.co/4TPxoDLLi1|
|Corona CA Sun Apr 19th AM Forecast: TODAY Patchy Fog Hi 68 TONIGHT Chance Of Showers Lo 49|
|‚ÄúThe church in a COVID19 world should look like what the church should have always looked like.‚Äù Pastor Scott Gleason, Tabernacle Baptist Church, New Bern @ Grifton, North Carolina https://t.co/jcF2MCJfsa|
|Beautiful day out ‚òÄÔ∏è üòé photos taken with #djimavicmini new #drone üì° glad #beaches are open in #daytonabeach üåä all these restrictions with #coronavirus ü¶† def teaching me to be happy day to day instead of always‚Ä¶ https://t.co/YGyzbFYyMu|
|Check out my coronavirus door handle hook, anybody want one?  I don‚Äôt often print with carbon fiber but when I do I really like the finish and the look of it. @ Westminster, California https://t.co/cTPTdzAXk9|
|Habeerday wali!!!! Ready the Corona #punintended WAHAHA!!!! Seriously tho, happy birthday, wals! Enjoy it however way you wannu but stay indoors!!! Hehe. Cheers! ü•Éüç∏üçªüíïüôèüèº @ Los Angeles, California https://t.co/opUo9IOxvi|
|We think nygovcuomo is right! #coronabarbershopplus #wherehairmeetsstyle #thelineupinc #thelineupnyc #covid19 #coronavirus #quarantine #pause #nyc #nycbarber #lockdown @ Corona Barbershop Plus https://t.co/CcgGhf8Mlb|
|Stop leaning on your own understanding.
#mask #youth #stayathome #coronavirus @ Stockbridge, Georgia https://t.co/Ylb3v1wH3Y|
|Watch what I can do üòè ü¶øüí™üèø
..................
Make sure you go follow my tiktok kingkage216  !!!
.
.
. #madeyoulook #feet #foot #health #funny #athomebored #athome #stayhome #corona #tiktok @ Cleveland, Ohio https://t.co/7fWwgvO0U4|
|A Sunday morning laugh. Keep your arrest safe üôè 
We appreciate all that you do.
STC Training didn't train you for #corona19 #Covid19 
.
.
We will do whatever we can to help make your day a little better.
.
.
Please‚Ä¶ https://t.co/xGhnSO9zTd|
|Complaining when things go wrong is useless.
.
.
.
#facemask #facemasks #washingtonsquarepark #greenwichvillage #westvillage #coronavirus #corona #virus #isolation #COVID19 #emptystreets #emptynyc #nycshutdown‚Ä¶ https://t.co/cqGROIk8GP|
|From pratt.itl
„Éª„Éª„Éª
Pratt COVID-19 production response 001
.
.
.
.
.
For the past four weeks, the ITL (Interdisciplinary Technology Lab) has been working with the @pratt_sod &amp; @pratt_soa to activate our production‚Ä¶ https://t.co/pexcXW4UCc|
|Patrick's Pub and Grille is open 11-9:30pm this Sunday 
We are offering delivery from 11-9pm 

Sunday is WING DAY!!
Every Sunday Buy 8 wings for $8.49 and get the 2nd 8 for HALF OFF! 
Because of the corona virus this‚Ä¶ https://t.co/WviEvByZvJ|
|Easter morning at the Brasher's ranch a week ago with an Hoyo de Monterey Double Corona Gran Reserva. Not only celebrating the resurrection, but also a little thankful for tractors after the previous late night's‚Ä¶ https://t.co/ze9zaSVy1O|
|Thanks to plumcreekchurch pcthegathering generosity at the last ministry event before COVID-19 shut us all down...my wife prepped and planted these succulents she adopted from the tables. Now, they bring life and‚Ä¶ https://t.co/MQ7wcENZWT|
|19APR2020: ‚ÄúSocial Distancing‚Äù is helping us to defeat COVID19, as well as ‚Äúshelter in Place‚Äù/‚Äústay home, stay safe‚Äù directives, and I agree. I also agree that we must take care of ourselves mentally &amp; physically. In‚Ä¶ https://t.co/3UI8LQGtsn|
|Crowdsourced Data Mapping Tool Reveals Elevated Flu-Like Symptoms Across US Geographies, Public Participation Can Help Track The Spread Of COVID-19  https://t.co/9DgJ8OdbvM|
|‚Äî There are no essences;  sun in moderation will block the corona glare. 
.
#musicofphilosophy #naomisyng #museumoftheintellect #MoI #Contempletely #ThinkingAllowed @ New York, New York https://t.co/ul0rtIlZZm|
|‚ú®S/O to all my day ones! We gonna need a WHOLE squad trip after this! üíô Miss y‚Äôall!!!‚ú® #covid #quarantine #besties #juicesquad #losangeles #california #blasianpersuasion @ Los Angeles, California https://t.co/f7yNSAoGtW|
|SKIN MANIFESTATIONS IN COVID19 

Ryan N. Cole, MD Anatomic/clinical/dermatopatholgist BOISE, ID

Knowing that up to 50% of patients are asymptomatic carriers, here are a few more manifestations to look for, that may‚Ä¶ https://t.co/8GTKL8tKi1|
|COVID-19 update @ New York, New York https://t.co/HeTOXreMdC|
|Watch: Pelosi Slammed for Shamelessly Begging for Campaign Donations During the Coronavirus Crisis https://t.co/zCksgfqLnU https://t.co/RtfBNYMcZI|
|My Tik Tok bill might also be past due üôáüèΩ‚Äç‚ôÇÔ∏è ‚Ä¢
Follow me on Tik Tok ‚û°Ô∏è @theofficialray415
‚Ä¢
‚Ä¢
‚Ä¢
#tiktok #funny #viral #comedy #funny #coronavirus #quarantine @ San Francisco, California https://t.co/x0WVoGHjjl|
|Galo‚Äôs hiphop class always feeling 100%!!ü§©ü§© And you know what they say, look good feel good!!ü§£ü§Øü§Ø #hiphop #dance #class #100 #lookgood #feelgood #stayhome #staysafe #stayhealthy #corona #virus #covid19 #explorepage‚Ä¶ https://t.co/6CjoSsm2gI|
|#Repost @Sonyareneepoet
‚Ä¢  ‚Ä¢  ‚Ä¢  ‚Ä¢  ‚Ä¢
We will not go back to normal. Normal never was. Our pre-corona existence was never normal other than we normalized greed, inequity, exhaustion,‚Ä¶ https://t.co/6FMhdjNgwQ|
|#coronaready #covid19 #coronavirus #community #standwithhealthworkers @ Yonkers, New York https://t.co/pNRkwbQ0tG|
|This magazine cover I illustrated several years ago seems very fitting for today. #mentalhealth #mentalhealthmatters #lifeinterrupted #covid #corona .
#Easter 

 #spring  #illustratorforhire‚Ä¶ https://t.co/aCuj62uNJc|
|Tuesday April 2020
Live Interview
 Charles Wright Sr. 
Clinical Scientist 
Coronavirus updates
And answers 
2pm Tune into 
@Strongarmlive
https://t.co/YHJ3QEZyHu
#AskMathis 
Reggie‚Ä¶ https://t.co/hqnssQ43bj|
|50 days of social distancing ü¶† üò∑ Joined tiktok for baby gal mayrah_sayrak 
.
.
First attempt- no make up - stay tuned more to come üòÇ ü§¶üèΩ‚Äç‚ôÄÔ∏è 
.
.
Shit - I am still young and hip üòòüòùüòÖ üë∏üèΩ 
.
.
#corona #coronachronicles‚Ä¶ https://t.co/HEbR3MFVjs|
|Check us out tonight at 6:00 on @news12ct &amp; @nbcnewyork ! Thanks so much for coming out to to talk to us today. 
#supportsmallbusiness #supportfrontlineworkers #quarantine #socialdistancing #coronavirus‚Ä¶ https://t.co/DEBSKYQ4kM|
|Day 20 Without Tanning: Talking to myself in the mirror like
.
.
.
#sunstudiotanningsalon #sunstudio #tanningsalon #quaratine #covid19 #coronavirus #manhester #tennessee https://t.co/iSPqncOJUI|
|I think cabin fever will soon be a documented illness! ‚û∞
.
Do you agree? ‚û∞
.
.
.
#CabinFever
#Quarantine
#QuarantineLife
#COVID19
# @ Boynton Beach, Florida https://t.co/VEhjXmT4iw|
|Tuesday April 2020
Live Interview
 Bobby &amp; Esha Williams
#TheWilliamsGroup
Financial Leadership and Development
Economic Coronavirus updates
And answers 
2pm Tune into‚Ä¶ https://t.co/Qqmt1KMof0|
|#Repost @aplusk download.ins
---
Mila and I are launching quarantine wine! 100% of profits got to covid-19 relief! #quarantineWine #socialdistancing @ Tallulah's on Gregg https://t.co/eiw63rBjhK|
|#truck is filled with #food for #twoweeks üöõ #quarantine #traderjoes #publix #keepingmymomsafe üòç #lysolismybestfriendblessed #covid19 ü¶†üß´üò∑ #stayhome @ Winter Park, Florida https://t.co/HN2txK6SPJ|
|üò∑üò∑ Happy customers at Boost Mobile of Melbourne today! Upgrade with Boost and get $70 of the LG Stylo 5x! üòçüòç
.
.
.
#westmelbournefl #melbourneflorida #melbournefl #palmbayflüå¥ #palmbay #coronavirus #palmbayfl‚Ä¶ https://t.co/2ucxFnQStH|
|In the middle of Mercer. #soho #empty #fanellicafe #princestreet #mercer #cobblestones #notraffic #empty #emptystreets #quiet #covid #coronavirus #lockdown #manhattan #nyc @ Mercer Street https://t.co/J7fhLbYPQ5|
|Join us Tuesday at 6:00 p.m. on Facebook Live for Museums &amp; COVID-19 with Katie Keck. Katie will answer questions and give advice on what you can do to support your local museums during this time. 

https://t.co/3lyygjmJcR

#nickelplatearts #theartgoeson #artnotgerms https://t.co/KzIrNlnWK4|
|2020 so far...started of well for just 1 minute after January 1st...We will not count this year üòÇ #2020 #meme #notfunny #coronavirus @ North Valley Stream, New York https://t.co/aI6xx4N9Ff|
|Just taking a trip down memory lane, I just canceled the final school career days ,class visitations and speaking engagements still left on my calendar due to Covid 19 .Over the years I'm sure I've visited hundreds‚Ä¶ https://t.co/7Ju2VkTykI|
|Ready to wash away this experience with covid and finally be outside.

Muse: pretty.exotic_

#shower #showerthoughts #pool #poolside #poolsideshoot #wet #melanin #melaninmagic #model @ Miami, Florida https://t.co/YaCC8LcV3U|
|I had to add some security to my fridge for #coronavirus #coronapocalypse @ Oxford, Mississippi https://t.co/7PRIhevcLG|
|Sunday in isolation.
#coronavirus #corona #coronacation #coronacation2020 #bicyclemum #veiwfrommykitchenwindow #quaxing #candles #isolation #stayhomestaysafe #homesafe #sandiegogram @ San Diego, California https://t.co/lg6mtHiIDm|
|COVID-19 El Paso Update- 
As of yesterday afternoon, our city reported 505 total cases and another unfortunate death related to COVID-19.
I urge El Pasoans to abide by the #StayHomeOrder and proactively report‚Ä¶ https://t.co/t8xHRgA9CU|
|Tuesday April 20, 2020
Live Interview
Charles Wright
Senior Clinical Scientists 
Coronavirus updates
And answers 
2pm Tune into 
@Strongarmlive
https://t.co/YHJ3QEZyHu
#AskMathis 
Reggie‚Ä¶ https://t.co/ikc7XDJfOl|
|Monday April 20, 2020
Live Interview
 Brandon &amp; Esha Williams
#TheWilliamsGroup
Financial Leadership and Development
Economic Coronavirus updates
And answers 
2pm Tune into‚Ä¶ https://t.co/b5BP7ScMTV|
|Village Beer Wine Liquors is open for carryout &amp; delivery at 18th St &amp; Philadelphia...
#oceancitycool #loveoc #ocmd #COVID-19Essential @ Village Beer, Wine, and Liquor https://t.co/0GkpbesLqe|
|after a few days in the hospital and self quarantine for 8 long days; daddy is home again! because of this virus, and even though he tested negative for COVID-19, Ryan had to self quarantine out of the house to be‚Ä¶ https://t.co/D5OCxKOB9H|
|No PJs We're all gown,masked and gloved up here. #colbertlateshow  #quarentineandchil #repost #coronavirus @ Chicago, Illinois https://t.co/apB84G2jnm|
|T‚Äôrente Fine Jewelry would like to express its gratitude to our frontliners, from the health and media sector to our service workers, for their tireless work amid the #COVID19 #coronavirus pandemic.

Thank you all‚Ä¶ https://t.co/zSNhXxFlP5|
|This weekend would have been the #ExxxoticaExpo here in Chi-town. Of course, life is unpredictable as the COVID-19 pandemic had taken it's toll all around the world. Therefore canceling all long gatherings for the‚Ä¶ https://t.co/7oeNu4aI45|
|Are we half way over?
With this one whole Corona Virus ordeal?
.
What happens next?
.
For us all?
.
For home owners?
.
For those that want to buy homes?
.
Join us every Tuesday at 10am CST for our LIVE MMG show to‚Ä¶ https://t.co/6URmPcXSl5|
|#covid #carolebaskin #husbands #bigcats #recipes @ Jimmy's Funhouse https://t.co/K1VSSLqBNA|
|Join us for worship tonight at 6:30 PM || https://t.co/0Wdv3cBA8R. @GeoffTGleason is preaching from Exodus 12:43-51 ¬ª¬†"A Covenant Meal." #churchtime #coronavirus https://t.co/EYQbUHePi8|
|The incredible shrinking president ‚Äî As the country staggers through the apocalyptic #Coronavirus #Pandemic, Trump appears increasingly Impotant, pathetic, and uselessly irrelevant.

https://t.co/fPx4mh6SVo|
|Sunday Funday Flowers üíê
#SundayFunday #SimpleJoy #alstroemeria #lilies
#weekend #COVID19 @ Mesa, Arizona https://t.co/WkSMkOLE7H|
|APRIL 19, 2020 COVID-19 TIMES @ Grand Prairie, Texas https://t.co/rkktKkcTMn|
|They have just been circling the block doing this https://t.co/YgfPStJkGK|
|My sister @MZTASHA81 needs some assistance with her facility please read message below. #essentialworker #covid19 #chicago #mentalhealth @ Chicago, Illinois https://t.co/8PxKGXtHXH|
|#LearningwithLucy family edition, teaching Mr. Mays how to make lasagna. One pan for us and one pan to share with my parents. #InThisTogetherOhio #COVID19 @ Casstown, Ohio https://t.co/Ujq8aCnrPR|
|Senator Charles Sumner has seen worse times than this, including slavery and the Civil War. I can hope this, now that the COVID19 numbers in New York look better. √† Public Garden https://t.co/csBUZtXcZ4|
|I saw this beautiful driveway chalk art on my run this morning. So cheerful and loving! Surely it's meant for covid response, but I also loved noticing it on the anniversary of the bombing. Our medical care‚Ä¶ https://t.co/n6SWzpebca|
|Check out 
@PermaChef permachef_usa permachef_espana permachef_deutschland 
.
They have some quality products and of course there making face masks to help with the covid-19 situation and stay safe everyone.‚Ä¶ https://t.co/XPb4nU7GR8|
|Fun with facial hair! Covid beard is no more. There was applause from @sweetmexnaranja üëèüèº @ Gillette Stadium https://t.co/iyGDPYDOei|
|Feeling Gucci ü§é Just wondering how I‚Äôm going to drink my margarita üôÉ 
- 
#gucci #designermasks #gemandelli #maskup #coronavirus #stayhome #weekendvives #vuecharlotte #charlotte #clt #putyourmoneywhereyourmouthis @‚Ä¶ https://t.co/1iDwZWJFjU|
|Coronavirus self quarantine day 34: Slow Sundays. THAT IS REAL SOUTHERN LIVING. I am reminded of the 'good ole days' before internet, before cable TV, back when your closest neighbor was a few miles away and traffic‚Ä¶ https://t.co/6r1Sro3HS5|
|Ppl acting crazy at these stores. #youvebeenwarned #covid19 #insanity @ North Carolina https://t.co/LzIZKxHbyD|
|The Show Time must go on. #covid19 #quarantine #nycsubway #shotoniphone @ New York, New York https://t.co/PKRsJ82Hrz|
|#covid19 
#blantonsbourbon 
#mask @ OPA Grill  and Tavern https://t.co/Bhq6B6MfCp|
|Doing my part and staying home. Keeping the plumbing #covid clean with Corona straight out is the can. #oldschool #staysafe #stayhome @corona @ Highlands Ranch, Colorado https://t.co/eDCcD3Uv8z|
|Thanks @kellyslater for the fun insta live chat yesterday. Keeps us going while we try to #quarentineandchill. #coronamemes #coronavirus ‚ô•Ô∏èüëçüí™1üåçüå¥ü••üåäüèÑ‚Äç‚ôÄÔ∏èüèÑ @ Chicago, Illinois https://t.co/3PDKXRMt2g|
|Making sure my neighbors here in my apartment complex timbercreekdtc are protected. Left a #maskbox by the mailbox for them and a way they can donate or order.  

#covid 
#Covidmaskmaker 
#Maskmaker‚Ä¶ https://t.co/eRhq2UIQGF|
|Link kitty has a broken leg. My Moira has a broken heart. comoparkanimalhospital  was amazing last night, even with all this Covid madness. He‚Äôs got a safe little spot set up, Moira made herself a little bed next to‚Ä¶ https://t.co/85kgIXTUhu|
|We take staying safe seriously at the nursing home.üò∑‚ô•Ô∏èüëçüí™1üåç #quarentineandchill #coronamemes #coronavirus #repost @ Midlothian, Illinois https://t.co/fs6qOengsq|
|Introducing my new guitar (I found a deal too good to pass up) and some #sundayjams 
.
.
.
#sundayafternoon #sunday #sundayvibes #quarantinelife #coronavirus #rocknroll #guitaristofinstagram #guitarcollection‚Ä¶ https://t.co/SzEad0sKEC|
|#coronavirus #masks #covid_19 #snapchat @ Albion College https://t.co/po1oayP1DZ|
|sunny day , sunday - Day 33 of Covid Homage  üôè

 how many of you have heard about the #restingbitchfacesyndrome ? 
look, masks can help you with that problem, so wear em! @ Mount Bonnell https://t.co/DAYRzhmeOB|
|Sunday crank word 2 @DTLR @wpgc therealjyb @radionationdjs #GOGO #DontMuteDC #FollowTheLeader #crank #stayhome #corona #dance #stayconnected @ Washington D.C. https://t.co/ip2CPqC1uL|
|"I'm the Dude, so that‚Äôs what you call me. That, or, uh His Dudeness, or uh Duder, or El Duderino, if you‚Äôre not into the whole brevity thing.‚Äù
.
.
.
.
.
#California #coronavirus #covid_19 #covid19 #socialdistancing‚Ä¶ https://t.co/bq6jyOExBz|
|How‚Äôs your COVID-19 going? Hopefully this is over soon. #stayhomefornevada #lovinhomecookedmeals #familyfirst #coolture @ Summerlin South, Nevada https://t.co/VuvHCUmEUT|
|.@DukeMBB Coach Mike Krzyzewski wants all #Durham residents to #MaskUpStaySafe to help stop the spread of #COVID19. https://t.co/3c3UdPLHeb|
|went on a little corona-free adventure with apollo yesterday in PA + slightly upstate NY and it was sooo beautiful ‚ù§Ô∏è‚ú®
also, more importantly, announcement coming tomorrow! üêõ‚ú® @ Upper Delaware Scenic Byway https://t.co/AwPjyrqXbl|
|"I'm the Dude, so that‚Äôs what you call me. That, or, uh His Dudeness, or uh Duder, or El Duderino, if you‚Äôre not into the whole brevity thing.‚Äù
.
.
.
.
.
#California #coronavirus #covid_19 #covid19 #socialdistancing‚Ä¶ https://t.co/2oLo3JEcCd|
|Please support us and support our frontline workers that everyday spend countless long hours saving lives and fighting against the  ferocious virus we know as COVID-19. #healthcareheroes. Today COVID-19 has taken‚Ä¶ https://t.co/lFnEgHxs4O|
|Man. The algorithm is getting good. #truefans #billsbillsbills #billsmafia #buffalobills #coviÃád19 #coronavirus @ Playa Del Rey, California https://t.co/eak8ymlKky|
|Finally found a margarita To Go during #covid19 down at the beach @matteosloco Tres-Arita 2 yr tres.generaciones tequila, anejo, fresh lime‚Äôs &amp; lemons, agave, purified water, Gran Marnier, Patron citronge floaters‚Ä¶ https://t.co/aqZkptffFS|
|This morning‚Äôs grocery run: Maria Corona‚Äôs Produce. mariacoronaproduce #mariacoronaproduce #freshproduce @ Redlands Miami-Dade County https://t.co/axnro5nxfE|
|#sundayvibes Idk what happened w Teddy Riley and Babyface, but I‚Äôm grateful 2 have Otis Redding give us some body positivity this morning 4 our #covid19 urges and splurges. ü•üüç≤üßÅü•¥ü§∑üèΩ‚Äç‚ôÄÔ∏èüí™üèΩ #sunday #sundayfunday‚Ä¶ https://t.co/UTERcoEuoC|
|what we allow ignore tolerate for others always circles ... after all we are all #connected 

#atl #covid #homelessnessawareness 

https://t.co/Xd6ufHv0x4 @ Atlanta,‚Ä¶ https://t.co/eU7QeJhB1K|
|Who's ready for this view again? 
Stay home, stay safe, #flattenthecurve. üì∑: pilotlively via @dallaslovefield #WereInThisTogether ‚úàÔ∏è #PerfectPublicity

#Covid19 #Coronavirus #Quarantine #InThisTogether #ThankYouHeros‚Ä¶ https://t.co/iSu6h69B0O|
|Giveaway Promo:
 
It‚Äôs Mother‚Äôs Day Giveaway time!
 
Here‚Äôs how it works. 1) Tag a deserving woman in your life who is an "Essential Worker" during the COVID-19 Pandemic. Tell us why you think she deserves a (you‚Ä¶ https://t.co/YRzi8GCB0j|
|There are 2 kinds of ppl u can show your work to... if/then or as-is. Which are you?
‚Ä¢
‚Ä¢
#turtlewuzhere #nyphotographer #nyc #photography #potd #bw #35mm #filmphotography #pics #covid19 #quarantine #series #harlem‚Ä¶ https://t.co/DWjec3Ntdp|
|I‚Äôm convinced that Covid was developed by a brain trust of Represenatives of rehab clinics and 12 step programs. #quarantinelife #sundayfunday @ Tremont, Illinois https://t.co/NoaJvFPJPz|
|Hillsong California Church online... Welcome Home!

#WelcomeHomeCA #guitarwiz2k #thecsarproject #worship #worshiponline #coronavirus #unstoppablegod #jesus #holyspirit #heisrisen #salvationisfree @ Glendale, California https://t.co/r1MuqBQaUa|
|Fruit. This morning‚Äôs grocery run: Maria Corona‚Äôs Produce. mariacoronaproduce #mariacoronaproduce #freshproduce #canonfanphoto #canonm6markii @ Redlands Miami-Dade County https://t.co/riIWqc3Xpe|
|Been ‚Äúhome-churching‚Äù for a month or so ? Hang in there!  #covƒ±d19 #corona #churchstreeteast #downtownmobile #mobilealabama #downtownmobileal #ukulele #ukulelecover #ukulelecovers #banjolele #banjolelecover‚Ä¶ https://t.co/CgfkFp1W8z|
|Rode my bike to @starbucks because corona @ Kent, Ohio https://t.co/Z3HM9Bbnvr|
|CoronaVirus Breakfast of Champions.

#+Jameson‚Äôs‚úÖ @ Atwater Village, Los Angeles https://t.co/XC8wJRjX5G|
|Veggies. This morning‚Äôs grocery run: Maria Corona‚Äôs Produce. mariacoronaproduce #mariacoronaproduce #freshproduce #canonfanphoto #canonm6markii @ Miami, Florida https://t.co/yPiL4c3yL2|
|Living my BEST LIFE in spite of COVID-19  https://t.co/xs86x6rjWf|
|COVID-19 Birthdays call for Lobster Rolls, macaroons and cake! Happy Birthday #26 to @sarahavojnovich ! @ Cary, North Carolina https://t.co/GezLPzq2TF|
|Corona, 2020, 24x24in. original digital painting, created by pushing, pulling, and stretching pixels within a magnetic algorithm, LE1/1, HD Aluminum, frameless, ready to hang, UV, water, and scratch resistant‚Ä¶ https://t.co/2OuF6xC7vV|
|Scott Realty Professionals would like to thank the Nurses, Doctors, Respiratory Therapists, CNAs, techs and everyone else that's on the front lines trying to keep us alive on the Covid-19 and ICU Medserg Floor at‚Ä¶ https://t.co/WVFYSnNeAc|
|So medical dogs may be able to sniff out people with COVID-19?  When can we get these dogs into action in California,  @GavinNewsom? 

https://t.co/EDJCFpMUQz https://t.co/ehk6BnVnXf|
|Corona beach day! This is how you do it Florida! #floridamorons @ Derby Waterfront District https://t.co/m6IDdWIOHr|
|The Coronavirus Doesn‚Äôt Care When Sports Come Back

 https://t.co/feKodb4Alv @ Hammond, Indiana https://t.co/36uvQViBTj|
|I hope that my presence here brings hope to the people of New York. I hope that I can help save lives. I hope that I can take the knowledge I gain here back to Atlanta as an expert covid fighter. I hope that I can‚Ä¶ https://t.co/7z1g97AUjL|
|This was too much fun ! Pass the brush challenge !!! 

#tiktok #makeupartist #coachella #couchella #covid19 #mua #anastasiabeverlyhills #maccosmetics #morphebrushes @ San Diego, California https://t.co/7avrnXu7xZ|
|SOME GOOD NEWS ABOUT COVID-19‚ÅâÔ∏è
.
Exactly 1 week ago, last sunday i worked in the ED. It was one of the most chaotic days... Super crowded ED, patients everywhere, in all the hallways, litterally EVERYWHERE...‚Ä¶ https://t.co/IId4tMsqcr|
|Satan has a grand scheme plan to destroy you and he is advancing it under the guise of Covid-19.

#charityapostolicchurch @ San Diego, California https://t.co/6hGPUFBRhK|
|5 ways to protect yourself from coronavirus #DrYani212 #dryani #biologicaldentistry #holisticdentistry #emergencydentist #emergencydentistry #coronaviruspandemic #coronaviruspandemic2020 #flattenthecurve‚Ä¶ https://t.co/M0rVqHlY0Y|
|Boyle County Health Department || Brent Blevins: As of 4pm today we have no new confirmed cases for a total of 14. Enjoy your day!

Danville COVID-19 Information &amp; Resources: https://t.co/pyFqvlusLx

#DanvilleKY #DanvilleKentucky #TeamKentucky #TogetherKY #Patriot #klccitystrong https://t.co/GtFGRO1n2I|
|‚ÄúRan‚Äù a 5K üò≥  Florida Panthers Foundation‚Äôs Territory Trot for COVID-19 relief. (Half walked, half ran)
#territorytrot #notarunner @ Fort Wayne, Indiana https://t.co/GnFrlG43ly|
|Running an errand in the outside world. #socialdistancing and wearing protective gear. 
..
#mask4mask by sstricksapparel 
(Highly recommend)
..
#covid19 #covid #quarantine #mask #disinfect #coronavirus #outdoors‚Ä¶ https://t.co/mFOHGIGPo4|
|Hopefully this isn‚Äôt the work of ‚ÄúThe Trump Death Cult‚Äù #coronavirus #coviÃád19 #quarantine #lockdown2020 #socialdistancing #socialdistancing2020 #dumptrump #dumptrump2020 #biden2020‚Ä¶ https://t.co/USF2ZximZt|
|The good ol daysüòÇ#pandemic #covid #covid19 #StayHomeSaveLives @ Sacramento, California https://t.co/CDMCJuPFsh|
|@abc3340 corona bro‚Äôs dont like this ü§£ awesome. It‚Äôs past time.|
|üí¢Just bought more Coronavirus Repellent üí¢ 
.
.
#jackdaniels #jackandcoke #crownroyal #whiskeyweather #whiskeygirl #whiskeyagogo #whiskey #rainbowbarandgrill #cheers #vampire #hollywoodvampire #metalgirl #metalmusic‚Ä¶ https://t.co/xpht2RrH0q|
|This GOD truly a loving GOD?
I mean so much shit is going on in these days. 
A lot people said that the bible prophesied this covid19 pandemic &amp; yet there were plenty of pandemics before this one. 
Y2k, 9/11, &amp; the‚Ä¶ https://t.co/xjW0DsCbcm|
|#SundayInspiration 
Saints gird your loins, bear down and #pray ... by now I'm sure this #Coronavirus has personally touched us all in some way. 
#COVID19 is strong, but our God is stronger. üôèüèæ 
Pray for grieving‚Ä¶ https://t.co/QFb4pQ1p7v|
|I don‚Äôt know about you, but what began as  opportunity to work on creative projects and lay low has slowly turned into my being in a bit of a Covid funk. While I am eternally grateful to have gotten on the other‚Ä¶ https://t.co/Z1BFhoLf2n|
|What's Happening in the CARIBBEAN with COVID19? Join us and hear from Ambassadors and medical experts. #caribbean #american #massachusetts @ Boston, Massachusetts https://t.co/wF2YYsC3Dc|
|Today we also received a generous donation of face coverings from Ying Hua International School in Kingston.  We are fortunate to have such an amazing and supportive #community. #family #washyourhands #covid‚Ä¶ https://t.co/0enlW92efA|
|COVID 19 testing
Nasal swab for SARS-CoV-2
East Flatbush
Brooklyn NY 2020.04.19

#covid19 #covidnyc #covidtesting #epidemic #pandemic #coronavirus
#publichealth #ppe #paramedic #nyc #nasalswab #swab #nationalguard @‚Ä¶ https://t.co/EpuHADu57y|
|P.S. "I Just Smoke A lot" S/O to pipeplug for coming with the COVID-19 Teeez. @idabb710 drex710 ≈Åink in my Bio #pipeplug #longbeach #huntingtonbeach @ East Side Long Beach https://t.co/Wc7kOpsgSA|
|Jan Schopfer plays Soprano Recorder and Melodica while Ken Hall plays piano.  #recorder #recorderplayer #recordersolo #melodica #piano #pianoplayer #socialdistancing #covid @ Cherry Hill, New Jersey https://t.co/8mXcTZccx1|
|Sorry to disappoint but I didn‚Äôt quite make the 30 days of skiing...had to spend days 24 &amp; 25 just looking at the lake! It wasn‚Äôt a sore back, lack of motivation or a case of Covid-19...it was a murphy bed frame‚Ä¶ https://t.co/ZMyQ3fNi27|
|Schools and activities have been cancelled because of COVID 19... but that doesn‚Äôt mean that we cannot celebrate our children‚Äôs great accomplishments...#yardsigns #captoppers #gradfans #graduationseason #classof2020‚Ä¶ https://t.co/19Mac1FOgC|
|Inside a Toronto ICU: What it takes to care for COVID-19's most critically ill

https://t.co/XiFIBHhX8R @ Hammond, Indiana https://t.co/LkmNgY8ldJ|
|Just posted a video @ Corona, California https://t.co/8ZTE9QPWJW|
|It like Christmas during Covid! üíØ

#TheLastDance
üêê #MJ4Life @ Las Vegas, Nevada https://t.co/4jUYNGmeqP|
|Everybody is our Bike üö≤ Riding No Mask üò∑ it‚Äôs 2 Freaking Hot ü•µ For Any Virus ü¶† 2 Live Come on World üåé Social Distancing The Gig is Up LIES PROPAGANDA PROMOTING FEAR DEATH üíÄ #coviÃád19 #coronavirus #spamdemic #pandemic‚Ä¶ https://t.co/FcJ8S4uNiL|
|Somewhere Over the Rainbow Jan Schopfer plays Soprano Recorder and Melodica while Ken Hall plays piano.  #recorder #recorderplayer #recordersolo #melodica #piano #pianoplayer #socialdistancing #covid @ Cherry Hill,‚Ä¶ https://t.co/24pj9QbldO|
|Thanks to DoorDash you can still #EatLocal and your first month is delivery fee free!
#DoorDash #Covid #Sushi #FoodPorn @ Evansville, Indiana https://t.co/SqrlyUSkYi|
|I got my Covid haircut today and now I‚Äôm ready for my Zoom meetings.ü§£üòéüôè @ Henderson, Nevada https://t.co/tDHnTHmfQx|
|Georgina Hamilton of Wilbraham, a custom drapery maker and interior designer, made face masks at her home and donated to hospitals and nursing homes to fight the COVID-19 pandemic.

#FaceMask #Donation #Colorful‚Ä¶ https://t.co/DMCEGug9bA|
|Capturing our NEW normal...A Corona Photo Series...masks, lines and heightened security. This is a necessary evil. With 4k new people affected each day in NJ and over 25k nationally we currently live in this‚Ä¶ https://t.co/TNe8oJlbQ6|
|Quarantine Walk... Charles River! üå∫üåºüå∏ Feels so good to get out the house! üò∑üôèüèª Happy Sunday

#SocialDistancing #COVID19 #FlattenTheCurve #quarantineLife #arthurfiedler #charlesriver @ Charles River Esplanade https://t.co/a7l2hGzJsb|
|The best kind of distance today üèÑüèº‚Äç‚ôÄÔ∏è
.
.
.
#socialdistancing #isolation #covid #sundayfunday #sup #denver #colorado #paddleboarding #happyplace #quarantine #greatoutdoors #socialdistancing2020 #springbreak2020‚Ä¶ https://t.co/6oGKE5rIfW|
|National Kidney Foundation

@nkf

#Dialysis patients are at a high risk for serious complications from #COVID19. These precautions should be‚Ä¶ https://t.co/wUyzye4T7P|
|Quarantine Walk... Charles River! üå∫üåºüå∏ Feels so good to get out the house! üò∑üôèüèª Happy Sunday

#SocialDistancing #COVID19 #FlattenTheCurve #quarantineLife #charlesriver #Boston @ Charles River Esplanade https://t.co/4034P1O7Fa|
|Quarantine Walk... Charles River! üå∫üåºüå∏ Feels so good to get out the house! üò∑üôèüèª Happy Sunday

#SocialDistancing #COVID19 #FlattenTheCurve #quarantineLife #charlesriver #Boston #WBOP #spring2020 @ Charles River Esplanade https://t.co/1E3YzPMaOn|
|Quarantine Walk... Charles River! üå∫üåºüå∏ Feels so good to get out the house! üò∑üôèüèª Happy Sunday

#SocialDistancing #COVID19 #FlattenTheCurve #quarantineLife #charlesriver #Boston #WBOP #spring2020 @ Charles River Esplanade https://t.co/DHOVTB8irA|
|We were supposed to be in Hawaii right now but CoronaVirus so ü§∑üèª‚Äç‚ôÇÔ∏è‚Å£

#coronavirus #quarantine #coviÃád19 #hawaii #hawaiistagram #Cincinnati #nky #fortthomas #fortthomasmatters #maitai #sundaymotivation #cincymusic‚Ä¶ https://t.co/NCFbV7uNio|
|I dunno, the relationship just fell flat üíÄ

#Boom #COVID #Quarantine #LetsFaceIt #SheGotAheadOfHerself #JumpToConclusionsMat @ Coppell, Texas https://t.co/YDuXs3hitB|
|ABC News

abc

While acknowledging the importance of testing, Dr. Deborah Birx, the White House coronavirus response coordinator, said that it is only part of the solution to reopen the United States amid the‚Ä¶ https://t.co/hIYItFQqPx|
|Covid Relief.  Thanks northendtavern !!!
#adultcaprisun #margaritainabag #supportsmallbusiness #supportlocalrestaurants #net #northendtavern #eggplantnapoleon @ New Rochelle, New York https://t.co/enUVIPR1S9|
|#sunday #cats #whitecatproblems #louisiana #covid What today feels like.... #urgg @ PM Star Promotions https://t.co/BeV5OCwe0w|
|WOW! STUNNING! Celebrity Hair Stylist parisvolsch cristophebeverlyhills Looks amazing in our @polatteu Designer COVID-19 Mask! 
https://t.co/wXWAwwCoEl

Posted withregram ‚Ä¢ parisvolsch The obligatory #covid #facemask‚Ä¶ https://t.co/Q5CLCUgE6O|
|Peek-a-boo.
#stayathome #covid_19 #coronavirus #pandemic #my200poundlife #mikeinspiresme #lifestylemedicine  #inspiration #motivation #hiking #hikewithmike #hikect #nature #exercise #weightloss #health #fitness‚Ä¶ https://t.co/3c0BwdPPgm|
|DAM RIGHT üôè‚òùÔ∏èüá∫üá∏!!! @kingofthecage !! #GITRIGHT #GODSSOLDIERS #PSALM23 #BLESSED #quarantine #stayhome #coronavirus #coviÃád19 
.
.
.
.
.
#gym #workout #fitness #fitnessmotivation #fitnessgirl #fitnessmodel #exercise‚Ä¶ https://t.co/3inPkZPZLb|
|Since the #coronavirus #epidemic in China ... Africans are being blamed and violated at a high rate  ... and the police aren‚Äôt doing anything ..... this shid is dead ass wrong ... we can‚Äôt keep letting other races‚Ä¶ https://t.co/DV9C1bfMTT|
|Here's your 4/19/20 daily COVID-19 update from the County of Ventura.
6 new cases 
207 recovered cases
30 hospitalized
9 currently in the ICU
13 deaths
7,302 tested

View the following link for a list of Frequently‚Ä¶ https://t.co/E3bPY8yP5j|
|Our little celebrity, @Radical_Matt talking to @news12ct today! Check it out all night to see what he had to say!
#supportsmallbusiness #supportfrontlineworkers #quarantine #socialdistancing #coronavirus‚Ä¶ https://t.co/ECBOMSjte7|
|IS üíà CLOSED until further notice !!! To all essential workers may God grant you protection from the coronavirus ,AMEEN 
While in quarantine making the best of this horrible situation the World is facing. REAL‚Ä¶ https://t.co/NhxV647jXc|
|New Counter Shields, be ready when we reopen.  Let your customers and staff know you care about their health and safety
 https://t.co/vrgzzNUpjr‚Ä¶ https://t.co/JtaIMWiCIF|
|Thanksgiving in the time of Corona. Cornbread dressing, taters and roasted Turkey. Salad for dessert. @ Dirtona, Graham Compound https://t.co/GtS5fmFBuu|
|ü•Éüíé Love watching sharktankabc. What a great show. ü•Éüíé #sharktank #covid19 #quarantinelife #hendersoncountytexas #texas #athenstexas #jewelerstraighttalk #businessowner #quarantineandchill #entrepreneur‚Ä¶ https://t.co/lR61ClYRGZ|
|Proof of life. Smile. ‚òë I'm forcing mine LOL ü§∑üèΩ‚Äç‚ôÄÔ∏è
‚úçüèΩ‚úå‚ù§üôèüèΩüò∑üß§
#Writer #WriterFacts #OBS #Quarantine #Covid #SpreadLoveNotGerms #coviÃád_19 #Pandemic @ St. Louis, Missouri https://t.co/xLaDu1bmpZ|
|@CristieJoJohn co-authored https://t.co/AXkBlHRok6 - a fascinating book that tells how to find strength in life‚Äôs challenges apropos to Covid 19 available now amazon @ Houston, Texas https://t.co/oHnuM2voMQ|
|Here is a shorter version of just the locking skate to a different funky song.
04/18/20
.
.
.
#mooncricket #covid_19 #corona #coronavirus #stayhome #stayhomesavelives #stayhomechallenge @bumpboxx #bumpboxx‚Ä¶ https://t.co/OEakGPvI1x|
|PROFESSIONAL TATTOOERS *SIGN THE PETITION ASAP
LINK IN BIO ... 
If you‚Äôre a professional tattoo artist sing the petition to get us back to work !! 
Most tattoo shops wont be receiving financial aid thru this covid19‚Ä¶ https://t.co/51Ejsf9yZl|
|Had to get some Fresh air. It‚Äôs been a whole month of ‚Äústay at home‚Äù my biggest battle so far is not catching Corona but ‚ÄúCabin Fever‚Äù. New shit dropping tomorrow. LIKE SHARE and Comment how you‚Äôve been staying sane‚Ä¶ https://t.co/e6t0KsAOJ4|
|üåÄ
covid-19 pandemic quarantine
these are
the people
of
Granville, Ohio || April 2020
.
the Korth family
James Road
.
.
View all the photographs on the blog (link in‚Ä¶ https://t.co/gxnGpvtPr1|
|Free, same-day tests now available for all LA County residents with #COVID19 symptoms  (fever, cough, difficulty breathing) starting tomorrow! The following do not affect eligibility: ‚Ä¢Immigration status
‚Ä¢Insurance‚Ä¶ https://t.co/OIHcN1rUyZ|
|#clapbecausewecare #clapbecausewecarenyc #essentialworkers #healthcareworkers #queens #newyorkcity #newyork #covid_19 #coronavirus @ Queens, New York https://t.co/axksANFVcc|
|For the #owtlaws the bros of #iotaphitheta @f1rstcreations 
https://t.co/sE2rg60ONU
.
.
.
#iota #iotas #centaurs #blackmen #black #mensfashion #blacklove #nphc #1963 #quarantinelife #corona #coronavirus #masks @ Downtown‚Ä¶ https://t.co/V2YQu53UHk|
|Creativity is used to keep the GPGA rolling during the Covid-19 Pandemic.  Cathy Tong and her mother putting the final touches on the set up of The NetReturn at The Cambridge Hill private tennis court.  The season‚Ä¶ https://t.co/Lf5WlM8ysb|
|Hospital officials cite risk of kidney failure in some COVID-19 patients on ventilators https://t.co/Hepg2D8RdB https://t.co/Nl7iMrOLcJ|
|PN1 finally complete!!!! #bebetter #quarantinecollege #CORONAVIRUS #precisionnutrition #coach #selfdevelopment #rkc #fms #dotfit #cfsc @ El Barrio, East Harlem, New York https://t.co/XMQTBb2ew2|
|Hang out with people who make you forget to look at your phone! ‚ù§Ô∏è üéà #nyc #tribeca #balloonsaloon #memories #coronapocalypse #coronavirus #flattenthecurve #socialdistancing #washyourhands #stayhome #bestemployees‚Ä¶ https://t.co/0Jv5gmPgBt|
|‚ÄúIs coronavirus even at Santa‚Äôs workshop?‚Äù Probably, son. #lane #laneology #santa #corona #quarantine #parenting #quarantinelife @ Samantha, Alabama https://t.co/H04hob8UbQ|
|@droeloemusic another one off CoronaVirus playlist. definitely inspired by the coronavirus ‚Äòstay indoors‚Äô mandates.  https://t.co/0zDjiyF7mT @ Seattle, Washington https://t.co/QjGX6FGUHf|
|It‚Äôs #spring.
Corona Bandit or not, that means the annual #DorchesterHeights climb.

‚òëÔ∏è Yes, I did the back hill too.
‚òëÔ∏è Yes, I got side eyes from #turkeys.
‚òëÔ∏è Yes, I am a wheezing fattycakes mess, which is the‚Ä¶ https://t.co/juOXJOQHv1|
|üá∫üá∏ US

#Covid19: Fast spreading but improving rapidly, epidemic. Est. 1.42% of pop. infected. Lot worse to come. Proj. death toll 156,909 in ~149 days.

üïì 20/04

1/4|
|üá∫üá∏ US

10 day forecast of 65,982 dead. This wave may last ~159 days and see 11,207,792 cases and 156,909 deaths. Cases double every 6.0 days.

üìà: https://t.co/7II8TOvToR

üïì 20/04 #CovidUS

3/4|
|#corona  #covid19 shopping nowadays @ The Fresh Market https://t.co/EZgzxqVX1F|
|Musical Medley. Jan Schopfer plays Soprano Recorder and Melodica while Ken Hall plays piano.  #recorder #recorderplayer #recordersolo #melodica #piano #pianoplayer #socialdistancing #covid @ Cherry Hill, New Jersey https://t.co/WPdOwkBOzQ|
|Some pretty awesome people who are so very thankful to essential workers. #covid #coronavid19 #thankful @ Walkersville, Maryland https://t.co/XtbGGkKDSJ|
|Nightshift sunsets .
.
.
#landscape #iphone8 #shotoniphone #doctor #medicine #covid @ Boston Medical Center https://t.co/FPlZBbvD9p|
|Think This Pandemic Is Bad? We Have Another Crisis Coming.
https://t.co/hQhkfU5tuI|
|Had some fun in the sun today with my boys!!! Happy Birthday to the best Hubby &amp; Daddy! We‚Äôll do something epic next year for our birthdays since this year is ruined by COVID-19! üò∑üò≠ We love you so much! üòò‚ù§Ô∏èüòç‚Ä¶ https://t.co/ikHrFgoBcE|
|Tbt again Five yrs ago!ü§© lasvegas We should all have been back this weekend for another magic n exciting#feiworldcupfinals but so came #covid ü¶πüèº‚Äç‚ôÄÔ∏è #haideontour #horse #showjumping #steveguerdat #bertramallen‚Ä¶ https://t.co/hXinKpoIJy|
|Sunday Night Live 933wmmr w a #FillInTheBlockHouseParty Weekend continuing until midnight. 215-263-WMMR Or TEXT: 39333  #StayHomeAndRock #COVID19 #COVIDPandemic #LiveRadio #SundayNight #WMMRRocks #MMRRocks #933WMMR‚Ä¶ https://t.co/kqNDM8SiCq|
|‚ÄòStorefronts in the time of Covid..‚Äô Visuals amidst the covid virus epidemic, as residents move in ways to ensure a normalcy for everyday life in the Prospect Lefferts Garden/Flatbush section of Brooklyn, New York‚Ä¶ https://t.co/qGgjudddep|
|Monday 4/20, Wednesday 4/22 and Saturday 4/25 live sales start at noon!  Join us live or play the replay. Either way join in the fun!!! #shopsmall #supportlocal #socialdistancing #corona #stayhome @ Artware https://t.co/xeEXfXprwd|
|Today‚Äôs mask #covid19 #mask @ Cooper-Young, Memphis https://t.co/FfyQcbNW99|
|Gotta look cute when you fightin‚Äô Miss ‚ÄòRona. Stay safe everyone. #quarantine #sunday #essentialshoppingtrip #sunday #sundayfunday #itstheendoftheworldasweknowit @ El Cerrito Hills, Corona, California https://t.co/SwPowLECiP|
|Working on building my immunity while observing social distancing #socialdistancing #coronaüç∫ #quarantine @ Port Charlotte, Florida https://t.co/IhnPoc39iP|
|Ain jumped sharp in a lil min  üëîüíàüôåüèø
‚Ä¢ 
#illustriouscuts #celebritybarber #chicago¬† #HydeParkBarber #Barber #Haircut #Booksy  #barbergame #fades #nikechicago #BarberLife¬†#barberworld #Covid19 #chicagobarbers‚Ä¶ https://t.co/5lS3Eapwug|
|@kevinpurcell  A St Helena supplies flight. Not sure if they have any cases there. https://t.co/TI2oe5cPlR|
|Wings, beer and board games outside! #sunday #familyday #bbq #traegergrills #wings #covid19 #quarantine #quarantinelife #outbreakbrewery @ Davis Manor https://t.co/08TPB9PEot|
|Second  round of the Covid-19 tour complete. Sponsored by Lysol and Charmin. #golfdallas @ Richardson, Texas https://t.co/LnALHV52kI|
|You won‚Äôt want to miss tomorrow‚Äôs ‚ÄúINTERACTIVE ZOOM VIDEO BROADCAST‚Äù at 12:00PM PDT! 

Tune-In as Justin Nimergood and Bruce Cameron continue their series on ‚ÄúThe Business Strategies To Deal with the COVID-19‚Ä¶ https://t.co/Lah3fNG9BP|
|This is usually one of the most congested streets of New York City.
.
.
.
#timessquare #new_york #bestpicture #Picoftheday #cityscape #coronavirus #corona #virus #isolation #COVID19 #emptystreets #emptynyc‚Ä¶ https://t.co/oO8PU8u5rJ|
|Gorgeous afternoon for a ride. #biking #beach #pacificocean #sanfrancisco #sf #california #coast #home #covid #exercise #iphonexs #lightroom #hella #chill @ Ocean Beach SF https://t.co/HASzgGFooC|
|Let‚Äôs talk COVID careers with Dr. Elizabeth Heintzkill Monday, April 20 at 1:30pm EST. We‚Äôll discuss how to find employment during this time and overall how to advance your career. Bring a notepad and register with‚Ä¶ https://t.co/I93UDtxNuv|
|Finally back to work!!  Enjoying that sunshine while I'm serving that cider!  Don't forget to stop and üé∂breathe...breathe in the air!!üé∂  Just make sure your mask is on, huh? üò∑
.
#covid #coviÃád19 #coronavirus‚Ä¶ https://t.co/bYFrixmZBS|
|As you can imagine, JMK Photography and Kalispell Headshots has taken a very hard hit due to Covid-19 and the various government restrictions. As a result I‚Äôm working to realign business strategies and that includes‚Ä¶ https://t.co/abJXCqidwI|
|2020 Coronavirus House Arrest Day 35 - finished watching blu-ray bonus features and read! With the bar officially open until we are free to roam, tonight's elixir is this simple #cocktail filled with some‚Ä¶ https://t.co/540jovCEMB|
|This was to be the weekend that Drake's 'Painted Street' got its annual renewal by university students. But, alas, the event was canceled (along with a related paint fight) because of the coronavirus. Perhaps in the‚Ä¶ https://t.co/ZeIjj3D6Fo|
|In a world where a virus has taken hold everyone is in the house and the president is an idiot.

________________________________________________________

#Coronavirus #StayHome #Trump #NoSports #DumpTrump #NBA #NFL‚Ä¶ https://t.co/nmvbELfnUZ|
|Walking in LA. Nobody walks in LA..
.
.
#staysafe #coronavirus #lockdown
.
#appreciate #meditate
#mydarkenedeyes #blackeverything #darker #motolife #RideOrDie #triumph #StreetTripleR #wanderlust #zeitgeist #dainese‚Ä¶ https://t.co/nMFVbWyrxJ|
|More like COVID-Nahteen amirite? @biglohiphop @ Albany, New York https://t.co/x06028viwA|
|Chef Mickey @ Disney‚Äôs Contemporary Resort - 07/01/19
‚Ä¢
COVID-19 lock down has given me time to finally finish going through our vacation photos from Disney 2019
.
.
.
.
.
.
.
.
.
.
#disneyscontemporaryresort‚Ä¶ https://t.co/gH3J07qgEK|
|*CORONA VIRUS FREE* üò∑üö´*OUT NOW* *NEW SONG* @BapeJedi ‚ÄúR.I.P KOBE‚Äù prod. by vape80prod &amp; remixed by @KazzFlo üôèüèæüèÄat https://t.co/4HnYoEne8M  from the 2020 *NEW EP* GALAXY B ‚ÄúWORLD WAR B‚Äù ‚ú®üêù ART BY @BapeJedi‚Ä¶ https://t.co/2DyDht8HAv|
|MAYBE just maybe the coronavirus is teaching us to slow down. I mean we‚Äôve got to a point where the world is moving so fast that if we aren‚Äôt careful we can easily mistake busyness for making the best use of the time.|
|For love of country...

#Repost @cakemusic with @get_repost
„Éª„Éª„Éª
With COVID-19, there‚Äôs a lot to worry about right now. But you shouldn‚Äôt have to worry about how you‚Äôre going to vote safely in November or an upcoming‚Ä¶ https://t.co/O1UxKUhGJC|
|COVID-19 can‚Äôt keep us apart. #togetherapart #socialdistancing #besmartsavelives #whateverittakes #virtualhappyhour @ Summerhouse On Everett Bay https://t.co/ZLn4uTHn9p|
|*Let your soul glow*

The #coronavirus isn't going to stop me from modeling.
#quarantinelife @ Las Vegas, Nevada https://t.co/dlGJoF85N5|
|After our family walk in #Albany's glorious #WashingtonPark today, Sierra and I made donuts for the 1st time ever,  because #COVID. @ Albany, New York https://t.co/SP2OYI10Uv|
|Chef Mickey Character Dining @ Disney‚Äôs Contemporary Resort - 07/01/19
‚Ä¢
COVID-19 lock down has given me time to finally finish going through our vacation photos from Disney‚Ä¶ https://t.co/KOaGBtszm0|
|Who else would go to events like this? 
&amp; If you had an extra suit who would you take? 
üë®üèø‚ÄçüöÄ......üë®üèª‚ÄçüöÄ......üë©üèΩ‚ÄçüöÄ
.
.
.
.
#FestieBestie  #JustEDMme #FestivalSeason #Cancelled #Lol #covid @ Las Vegas Motor Speedway https://t.co/ZiUydewfXk|
|D&amp;D shenanigans COVID-19 style #pandemic #dnd #rpg #unprecedented @ Reed City, Michigan https://t.co/ZyBTzUxLH6|
|COVID Sunday! üòéü§©
Getting my vitamin D! üåûüí´
.
#rechargeyoursoul #gorgeousday #thankful #blessed #peacefull @ Boca Raton, Florida https://t.co/cvK27FAz7Q|
|The Coronavirus has made me want to have the house smell good at least! So far we've gone through @theyankeecandle White Gardenia, bathandbodyworks Frosted Coconut Snowball, Vanilla Bean Noel, Mahogany Teakwood High‚Ä¶ https://t.co/yzjsSc2O8M|
|Artificially Intelligent Podcast: Covid-19 Location Data and More  https://t.co/VoXsnPvTcm|
|Fabricated the seat base and mounts ahead of upholstery; plugged visible holes.  Now for ... Oh a hundred hours of sanding and urethane.  Looks like there's still a covid of weekend coming up so...project right on‚Ä¶ https://t.co/nFXOr78GoD|
|Are you feeling isolated or overwhelmed during COVID-19 pandemic? We are a local mental health &amp; addiction recovery counseling center. NO ONE will be turned away for services. We have Local Licensed Therapists with‚Ä¶ https://t.co/pVWS37qsGw|
|So Liquor, Tobacco, and Marijuana Businesses Are Essential, But Places of Worship Are Not? 

#covid #prayer #corona #losangeles #lacrescenta #lacanadaflintridge #losfeliz #glendale #tujunga #sunland #shadowhills‚Ä¶ https://t.co/c0o5KH2eEA|
|Tomorrow! Monday, 4/20 at 5PM PST/8PM EST please join me LIVE for JACKIE BEAT‚ÄôS GREATEST TITS, my #DigitalDragFest show for @pegmgmt on @stageit! ALL LIVE SINGING! NO CORONAVIRUS! A 100% COVID-FREE ZONE! Almost SOLD‚Ä¶ https://t.co/nhjFo4JaKn|
|#hanstaekwondo Kickin Corona #bakersfield princessgian @ Han's Taekwondo Academy of Bakersfield, California https://t.co/T5sSRlhFxU|
|Austin Public Health says it‚Äôs investigating nine clusters of COVID-19 in the Austin-Travis County area. One was recognized last week at The Salvation Army https://t.co/bSFyE5qjDD #atx #austin #all512|
|Our new normal for the foreseeable future.  Lashes not included with mask ‚ú® #mask #maskup #doublelayermask #fashiondesigner #judyarce #newyork #longisland #meneksheboutique #weareallinthistogether #coronavirus #covid‚Ä¶ https://t.co/ygKEIjphKW|
|Street Signs, Corona Queens and Flushing Meadows-Corona Park #streetsigns #coronaqueensnyc #coronaqueens #corona #queens #flushingmeadowscoronapark #nofilter #unedited #canon77d #canonphotography #canonphotographer‚Ä¶ https://t.co/5EhpeKmDUo|
|Support small businesses, if you can!
.
.
.
#shopping #supportsmallbusiness #supportlocal #coronavirus #covid19 #pdx #travelportland #pdxshopping #portland #portlandoregon #madeinpdx @ Alberta District https://t.co/Cd0Qi5L9rs|
|I wonder if #COVID„Éº19 were shown to be disproportionately affecting white women would these protests be raging to ‚Äúliberate‚Äù Michigan, Minnesota and Virginia? ü§î Photo by: alysonleemclaren @ Riverside Drive https://t.co/QVxLRRd0KP|
|YHB would like to say thank you to everyone who continues to come out and support us during COVID. Thank you for the online orders, the referrals and the orders shipped to friends and family. Without you we would‚Ä¶ https://t.co/nr4os7kva3|
|Spring Covid 19 @ Riverside Park, Upper West Side, Manhattan https://t.co/mSYpBTxmSh|
|To my love .... My wife my friend my everything
Happy birthday üéâüéàüéàüéàüéàüéàüéàüéà

Wish you new happy year ‚ù§Ô∏è‚ù§Ô∏è‚ù§Ô∏èüåπ

20 April 2020 #corona #love @ Edgewater (Miami) https://t.co/utwiXAZmN8|
|COVID-19 update @ New York, New York https://t.co/IGpY9SZgtL|
|I love salmon for two reasons.  1) I can hard sear it like a motherfucker and 2) because I love eating the raw scraps that I have leftover post fabrication.  #LearnToCook #chef #cheflife #quarantine #covid19 #cook‚Ä¶ https://t.co/kEKlRw0FAV|
|Remember to workout, friends! üèãÔ∏è‚Äç‚ôÄÔ∏è #COVID19 #QuarantineLife #WeGotThisSeattle #KeepItUpWA üì∏ ellepaviya @ Golden Gardens Park https://t.co/C7mQPqTVu9|
|Online Classes for all ages, the most important thing you can do this Spring.  #covid #sucks #fightOn #fightBack ussdsfdojo@gmail.com @ United Studios of Self Defense https://t.co/pZP4GuEHGJ|
|Rust, Flushing Meadows-Corona Park #rust #flushingmeadowscoronapark #queensnyc #queens #nofilter #unedited #canonphotography #canonphotographer #canon77d #24mm70mmf4 flushingmeadowscoronapark coronapark @ Flushing‚Ä¶ https://t.co/G7NhtjrIve|
|Far more COVID-19 cases in Silicon Valley than official figure: study: Far more COVID-19 cases in Silicon Valley than official figure: study. This would make the real mortality rate of the disease less than 0.2 percent. https://t.co/0eS3RGvhBd|
|#BETNEWS: #Covid19 Black America‚Äôs Fight: Tune in this Wednesday April 22, 7pm EST. @ New York, New York https://t.co/XlbygIhPbR|
|#Quarantine #ShelterInPlace #KlayThompson @klaythompson #Selfie #MirrorSelfie #HappySunday #SundayFunDay y‚Äôall I‚Äôm bored as HELL! #Covid19 can drink bleach! @ Willow Glen, San Jose, California https://t.co/GliEludN7h|
|And I finally found the sewing machine!! Masks for work done ... if you need one, let me know! 
#COVID19 is a biatch but we are stronger!! @ Aptos, California https://t.co/TygxvtJuVU|
|Sending love to all the first responders out there - thank you üôè #allinthistogether #flattenthecurve #covid #loveyourself #loveoneanother #lovelife #citylife #citygirl #nyc #trustandbelieve #reflect #love‚Ä¶ https://t.co/TfCRRYyQza|
|We breathed the fresh in the great outdoors today. #coronavirus @ San Francisco, California https://t.co/dEQ7HctphU|
|Trees, Flushing Meadows-Corona Park #trees #flushingmeadowscoronapark #nofilter #unedited #canon77d #canonphotography #canonphotographer #24mm70mmf4 flushingmeadowscoronapark coronapark @ Flushing Meadows - Corona Park https://t.co/KGeQe9N83Q|
|Nice to be out a bit today- lovely weather #sfviews #covid19 #shelterinplace #thankgodicangoforawalk @ Hillsborough, California https://t.co/XP83Xj6WO8|
|I mind as well shoukd just build a pool inside my apartment ü§£ #coronavirus #government #trump @ Pawtucket, Rhode Island https://t.co/rSbygJkLrs|
|Video of @the_honky_kong &amp; its_sc00ter running to Texas De Brazil after the quarantine... If ya ain't first you're last
#footrace #leeetsgooo #meatsweats #cantwait #quarantine #covid19 #lol @ The Saucey Podcast https://t.co/DMQBUqSTyd|
|Quarantine Sunday: Chocolate Chip Cookies and littlefireshulu üî•üî•
.
.
.
#SocialDistancing #Quarantine #QuarantineLife #DoingMyPartCO #WeGotThis #WeGotThisDenver #COVID19 #CoronaVirus #Denver #Colorado #Home #Homemade‚Ä¶ https://t.co/c2EQoOQYeX|
|Random pics from covid isolation. @ Troutville, Virginia https://t.co/NlObtGJbb4|
|RJ Barrett‚Äôs bizarre coronavirus world involves big donations https://t.co/JbrIoOBQwj https://t.co/gPCVhrTLgk|
|Weekend has come to an end.... well basically all the days are the same currently. Lol. #rubberducky #bathtime #bathingbaby #bathtub #stayhome #covid #covid19 #happybaby #babiesofinstagram #splishsplash #daddysgirl‚Ä¶ https://t.co/8TlxgYZzJL|
|Family üìΩ night #COVID19 style

#movieonthelawn #socialdistancing #sixfeetapart @ Land o' Lakes, Florida https://t.co/7aH0267pEV|
|COVID-19 update 
For all employees and you're taking public transportation MTA BUS Subway NJ transit PATH LIRR MetroNorth  Face mask required @ Gristedes Supermarkets #059 https://t.co/xfr42DVqIN|
|How has the scope of your job changed since the COVID-19 outbreak? 

All of our followers should understand the challenges that our grads face each day on the front lines.

Share your pic in PPE using #NATHeroes‚Ä¶ https://t.co/RSrDknZLJq|
|Growing up during a time of invisible monsters...
#homelife #covid #shelterinplace #stayhome #socialdistancing @ Pacifica, California https://t.co/q7bYfgm2xW|
|It‚Äôs grilling for dinner tonight. @ Corona, California https://t.co/lxDmfjvH5Y|
