tweet,location
Weâ€™ve tuned into #mansBestFriend. #Dogs #corona #covid19 @ Where Else? https://t.co/5GRnc9nUEU,Oregon
"Thank you Uncle Sam! The irsnews wasnâ€™t playing out paying up this week. #irs #stimuluscheck #corona @ South Columbus, Groveport, Ohio https://t.co/24xZPiOQfQ",Ohio
Black Movies streaming during the Corona Pandemic  https://t.co/G833YhPVYP,New York
Black Movies streaming during the Corona Pandemic  https://t.co/6yk7vjbqjZ,New York
"I miss taking the undergrounds and subways of this world and look at un-pixelated people.

Picture by fabian.riediger 
Thank you, my Dortmunder Jung!

#underground #corona #newyork @ New York, New York https://t.co/zk3sMDSJml",New York
"Follow @DaddyDaughterTi for #DailyFunnies
ğŸ‘†ğŸ¾ClickFollow &amp;/or a â€œğŸ˜‚â€ğŸ‘†ğŸ¾ 
.
#bruh #1200 #coronacash #ronamoney #coronamoney #coronamemes #corona #donaldtrump #donaldtrumpmemes #tweets #tweet 
.
Upcoming Shows:
-They areâ€¦ https://t.co/ytQRbpSDQx",District of Columbia
What defines your life // corona times  https://t.co/nRNlA1Mg0X,New York
"It's #Corona Time! @ IRS National Office, Washington DC https://t.co/jhPqrroYux",District of Columbia
"You know where i go when Iâ€™m dancing, handshakes in the Hamptonâ€™s not getting corona with youuuuuuu @ Hampton Beach, New Hampshire https://t.co/gHDl3IwOnx",New Hampshire
Corona NY Wed Apr 15th AM Forecast: TODAY Mostly Cloudy Hi 45 TONIGHT Partly Cloudy Lo 31,New York
"Flattening the curve!
.
.
.
#parkavenue #coronavirus #corona #virus #isolation #COVID19 #emptystreets #emptynyc #nycshutdown #quarantine #quarantinelife #staysafe #covid_19 #stayhome #quedateencasa #staypositiveâ€¦ https://t.co/XWcScKS0EM",New York
"Bruh ğŸ¤¦ğŸ½â€â™‚ï¸ someone arrest this idiot out here spreading the corona ğŸ¤¦ğŸ½â€â™‚ï¸ğŸ˜· @ Miami Beach, Florida https://t.co/g7LecS1A0z",Florida
"#quarantine #atelier_crashcup. #studio #isolation #stayathome #corona #arts @ New Rochelle, New York https://t.co/YKwjncDBFB",New York
Are you praying for REVIVALâ€¼ï¸ #bethechange #church #corona #covid #multiply #worship #pray #godisincontrol #hiswaysarenotourways #ministry #revival #family #life #change #christianity #everykneeshallbowâ€¦ https://t.co/bU35POFObv,Texas
"#Good #Morning #NewYork #Disinfecting #Nyc #Grafitti #Ny #Slaps #freedom #Corona #Virus #K #Lysol #Art #Tunnel #Vision #ArtAddict #DavesHouseOfThrill #Stealth #Health #Wealth #TheUberShoppe @ New York, New York https://t.co/YysBS7nOSY",New York
"SHAMIRMUZIK ft KRIS PAYNE - 2Steppin

TBT: ğŸ”¥ #RealMusic #NYC #LI
â€œWhen we use to be able to hit the clubs without Corona..â€ 
yo joeymhz you had me lit on this one.. salute to exoticyesenia @shamirmuzikâ€¦ https://t.co/8rsHJWZIVK",New York
"I join Mayor Brainard and strongly recommend that everyone, that means, EVERYONE, wear a mask when out-and-about.  Letâ€™s Kick Coronaâ€™s Ass!
#Carmel #wearmasks #CarmelCares @ Carmel, Indiana https://t.co/bRmUGUCZYn",Indiana
"Due to the regulations from New Jersey regarding the Corona Virus. Go HERE &gt;&gt;&gt; https://t.co/0pq4HS3amH to see our sermons livestreamed, get connected or share a need with us. @ Bethâ€¦ https://t.co/kocRNwNmqA",New Jersey
"Yessir Fly Shit Only, Loft Vibes This Friday!!! (Bring You Gas, Mask, &amp; Gloves) #SuperClean #InviteOnly #NoNewFriends #FemalesOnly #LoftParty #DJEazzyBankz @ Club Corona https://t.co/5jXHA3tHLg",Texas
"https://t.co/OqTHN8MvWY

Viral Disinfection kits Are In! 

EPA Approved - Effective Against Contagious Viral &amp; Bacterial Pathogens Including: Human Corona Virus, Influenza,  H1N1, SARS,â€¦ https://t.co/vF84gYGNdA",Florida
"Woke up this morning and found this on my bed (video coming later) Do to this corona the festivities ğŸ¥³ around the book drop is a little different. So I encourage you all mother, fathers,â€¦ https://t.co/E49MlBZmN8",District of Columbia
"Dates in the time of corona @ Henrietta, New York https://t.co/aTqFFzWqn2",New York
"ğŸš¨ Do you identify as a ""people-pleaser""?â£ ğŸ˜¬
â£
People-pleasing is as much of an epidemic as corona. It fuels #codependent patterns and compels self-abandonment. It's masked as care for others when actually it's aâ€¦ https://t.co/uRuOsADNFW",California
Corona CA Wed Apr 15th AM Forecast: TODAY Mostly Sunny Hi 80 TONIGHT Mostly Clear Lo 51,California
My corona hair. #coronahair #coronadiaries #robordonez #nycactor #timeoutnewyork #artonlink @ Rob Ordonez Photography https://t.co/Sww2SBIUHU,New York
Corona hair. #coronahair #coronadiaries2020 #stayhome #quedateencasa #timeoutnewyork #artonlink @ Rob Ordonez Photography https://t.co/v8PcsPLm2m,New York
"Oh, yes! We had boxes of masks in our hurricane stash in our shelter!!!!! Amen! ğŸ™ğŸ»ğŸ‘ğŸ»ğŸ˜·ğŸ˜·#instamasks #corona #coronavid19 #coronavairus #pandemic2020 #blessed #gratefulthankfulblessed #normaythedietdiva @ Indian Harbourâ€¦ https://t.co/1tdRRT301U",Florida
"ğŸ¥€corona know you're driving me crazy
#makeup #quarentena em Area 51 https://t.co/xrueXaohql",New Jersey
My grandma has corona.. sheâ€™s in the hospital and I called her to thank her for my birthday card and she sounded terrible...,Michigan
PCğŸ“¸:Â corona_in_nycÂ for this great shot ğŸ‘Œ and #nyc #corona photography. || Starting the day right by feeding ourÂ #firstrespondersÂ first. â¤ï¸ğŸš‘ Days are blending for us all but ourÂ #nycÂ #herosÂ areÂ #fightingÂ just as hardâ€¦ https://t.co/UYvPrKiVSL,New York
"#womencrushwednesday You all remember JEILYSA for Halloween? JEILYSA has gotten really bored so she came out with a song called ""LA Corona"" Enjoy! @ Miami Beach, Florida https://t.co/5M5DURUgUu",Florida
"Blu getting ready to do some essential shopping... CDC recommends wearing a mask it public.  Be a responsible hooman, stay healthy and safe. 
.
.
#bostonterrier #hooman #covid #corona #cdc @ Lees Summit, Missouri https://t.co/qES7B15qgZ",Missouri
"I am getting more #responses than I expected from second lot of mailing #survey. Probably because people have nothing to do due to corona virus pandemic. So, they are filling survey and sending it back to me. Thank yaâ€™ll for those who participated! #OSUResearch #PhDResearch #OSU https://t.co/bGvtxoV7RG",Oklahoma
Who got that corona check i wanna see wha it looks.. @ New York https://t.co/hTUtYoEnfc,New York
"Investing during the Corona Virus Crisis â€“ COVID-19

https://t.co/ZV3d1JAg9g

#investing #financialplanning #retirementplanning #financialadvising #recession #depression https://t.co/MyqWhCvQYh",Arizona
"Some things are obvious if you are keeping your eyes in it!! #artbyisreal #artbyizzy #corona #coronavirus #2020 #2020vision @ Stone Mountain, Georgia https://t.co/qRfbJdWOuR",Georgia
"#virusfree #baltimore #entrepreneur #screenprinting #corona @ Baltimore, Maryland https://t.co/8ZaPtTfKbV",Maryland
"Link in the Bio for Full Eps.: 
https://t.co/mLfFMXT0my 
SUBSCRIBE, LIKE, SHARE, COMMENT 
#podcast
#zmbsqd 
#zombieapocalypse
@glennericnelson
@glennericnelson
#comics 
#quarantine 
#nvrdun
#isolation 
#coronaâ€¦ https://t.co/QVzLNlVzNX",Maryland
"Iâ€™m tired of being strong... Fk dis shyt! ğŸš«ğŸ’ªğŸ¾ğŸš«ğŸ’ªğŸ¾ğŸš« #CoronaGang 
.
.
.
.
.
#selfquarantine #coronaviruspandemic #corona #health #instagood #stayathome #photooftheday #love #pandemic #covid19 #instagram #covÄ±d19 #virusâ€¦ https://t.co/5yTD4QUP9r",Maryland
"This sums it up nicely ğŸ’•
.
.
.
.
.
#family #familytime #familyfirst #stayhomestaysafe #stayhome #quarantine #eventmanagement #covid19 #corona #stayhomesaveslives #stayhomesavelives @ Coconut Creek, Florida https://t.co/dLfo33UaAu",Florida
"Happy 20th work anniversary Angel!  You are the undisputed Corona Cigar World Champ! ğŸ†
  
#corona #cigar #orlando #cigaraficionado #cigars @ Orlando, Florida https://t.co/gBdtacrkfy",Florida
"Just a reminder to myself &amp; everyone else. #covid #coviÌ‡d_19 #corona #coronavirus #shelterinplace #quarantine #stayhome #sahm #chicago #rogerspark #bekind #selfcare @ Rogers Park, Chicago https://t.co/qmr2Ew6f21",Illinois
"Finally got our Disposable film!!
May 2019 ğŸŒŠ
.
.
.
.
.
#maui #filmphotography #love #quarantineandchill #hawaii #corona #fitness #photooftheday #stayathome #stayinside #socialdistancing #fashion #instagram #pandemicâ€¦ https://t.co/fcboQW8wC8",California
"Just because i know this shit goes hardğŸ˜ª

How do yall feel about this corona virus and 5g ? ğŸ“¡ğŸ“¡
Is it connected?ğŸ”‘
Are we all disposable or do you think the government really gives a Fuck about you?
ğŸ˜’
Tap in let meâ€¦ https://t.co/Axg0ylzFYN",California
"Got some new music coming tomorrow. Bringing some remixes of y'all favorite records from the IV EP. Click that #linkinbio to pre-save. 

#thefourthcoming #weinthisbitch #newmusic #IV #corona #quarantine #coronavirusâ€¦ https://t.co/tqDbrMKMzz",New York
"Movie or scene of the day
Name that movie

#loganlegacy #loganpheonixğŸ”¥ #actor #artistsoninstagram #entertainer willsmith @realmartymar  #passion 
#corona #stayhome

LIKE SHARE COMMENT SUBSCRIBE ğŸ’¯ @ Atlanta, Georgia https://t.co/ENmBQ3Som3",Georgia
Doing a little NVG NFA for the people on the ranch for @brownellsinc #bbb10k corona be damned @ https://t.co/69hwH9hjBy https://t.co/dYwp9tdtqq,Texas
Another day in the sun! Canâ€™t wait till this corona crap is lifted so I can start playing music again! #workday #hotaf #earlymorningssuck @ Watersound Origins https://t.co/GW8ALMn11O,Florida
ğŸ¤around this time i would be sending out our recap email. i am v upset corona carly took you all away from me so soon. my first THON has been nothing short of extraordinary. over this pastâ€¦ https://t.co/M9X2MQfq6r,Pennsylvania
"Happy #humpday #humpdayhumor 

â€¢
â€¢
â€¢
â€¢
#stayhome #wine #stayhealthy #coffee #staysafe #corona #coronavirus #wednesdaywisdom @ Los Angeles, California https://t.co/WmfBlxeZa3",California
"Lovers are only far in the mind.                #California #love #3k #miles #heal #me #rva #ca #norcal #corona #covÄ±d19 #socialdistance #no #fly #zone #kiss #missyou #alarva @ Petersburg, Virginia https://t.co/zjiBPZmIvj",Virginia
Just posted a photo @ Flushing Meadows - Corona Park https://t.co/qOu1SAPVfb,New York
"FUCK #Corona ğŸ–•ğŸ¾ğŸ–•ğŸ¾ğŸ–•ğŸ¾
.
.
#Everybody #StaySafe #StayHealthy @ In the Front of My House https://t.co/FuwTexcOHl",Ohio
"Let's bring Christmas Back... Before all of the Corona Virus (Covid-19) stuff got so out of hand âœ‹

#jRag #jRagMusic #InTheMirror #InThisLife #LifeStyle #Life #Style #Fashion #People #PeopleMag #GQ #Phillyâ€¦ https://t.co/Mzoho8gzrn",New York
"Corona Blues... ğŸ”¹ğŸ”µğŸ”¹
ğŸ“¸: @rckphotography 
#imactuallyhappy #currentlysmiling #blue #coronablues #imissoutside #butimgood #stayingbusy #humpday #humpdayvibes #sunshine #jesusbroughtthesunshine #ihavefaith #wellmakeitâ€¦ https://t.co/WyX2TnXjgr",Tennessee
CNN just said the women that let niggas fuck on the first date are immune to the corona virus,Washington
Out here enjoying the ğŸŒ. Thx benchmarkmotoring! #mask #masks #covidmask #covid19mask #corona #coronavirus #coronamask #pandemic #stayhome @ Benchmark Motoring https://t.co/I5wKchLIq3,Washington
"Your Daily Squirrel #dailysquirrel #squirrel #model #positivevibes #positivity #corona #covid #quarantine #quarantinelife #animalstakeover @ Culver City, California https://t.co/zAC6vQrMkX",California
Ok fuck it...if they find a cure for Corona Iâ€™m leaking this ğŸ˜ˆğŸ˜....ahhh @vectorthaviper probably hang me ğŸ˜ğŸ¤·ğŸ¾â€â™‚ï¸ #SuperWarm #PornStarVibes ğŸ“¹ = @wacpeople talktoace @ Grown Vibez https://t.co/vCh3wkYm9b,
"Reposted from @starboxing We now break for a PSA from undefeated cruiserweight, Hartfordâ€™s own, Richie â€œPopeye The Sailor Manâ€ Rivera! ğŸ’ªpopeye.boxer  - #hbc #stayathome #stayhomestaysafe #corona #virus #hbpromotionsâ€¦ https://t.co/3FTYuTD79W",Connecticut
"Missing my baby. @ Corona, California https://t.co/5doEMFB9cU",California
"Emoji puzzle! This should keep me busy... ğŸ¤ªğŸ¤£ğŸ¤“ğŸ§© #puzzle #emojipuzzle #quarantine #corona @ Rockport, Texas https://t.co/F2uJgugPOF",Texas
"So thank you chef @leoforneascooks for pizza dough #project . Had to get #corona proof to pick up #pizza  ğŸ•#dough  , in the lobby ... #socialdistancing âœ”ï¸ check  .This is best part of your  #birthday gift time spentâ€¦ https://t.co/L1FCGn8hQm",Pennsylvania
"Oh hey Miss Corona Bernice Jackson.....ğŸ‘‹ğŸ‘‹ğŸ‘‹ğŸ‘‹ğŸ‘‹ğŸ‘‹ğŸ‘‹ğŸ‘‹ğŸ‘‹ğŸ‘‹ #openoutsideagainğŸ™ğŸ¾ @ Columbus, Georgia Convention &amp; Trade Center https://t.co/LqL9GaR154",Georgia
"Ordered a ""Corona Care Package"" for $100 from @WhittinghamMeat 
Delivered for free next day!  You should check it out, they have several options.  

#suesviews #thingsisee #chicago #spring #april #coronavirusâ€¦ https://t.co/yFQPTDzlfk",Illinois
"On today's episode... @ Corona, California https://t.co/8SdnqFz76a",California
"Check your bank account: Millions to receive coronavirus stimulus cash today.
.
.
.
#blossom #blossoms #spring #flowers #flower #cherryblossom #spring2020 #coronavirus #corona #virus #isolation #COVID19â€¦ https://t.co/NI1Xt8NLBJ",New York
GET ACTIVE. You should be doing some kind of physical activity everyday. Some of yâ€™all are going to wind up fat AF after Corona because all you have been doing is sitting in the house. Get outside! Itâ€™s SPRING! @â€¦ https://t.co/OQkQdeygCI,Virginia
Weâ€™re gonna make it!  Youâ€™re not stuck - youâ€™re safe! #covÄ±d19 #corona #churchstreeteast #downtownmobile #mobilealabama #downtownmobileal #ukulele #ukulelecover #ukulelecovers #banjolele #banjolelecoverâ€¦ https://t.co/ffcCfzBkar,Alabama
Corona NY Wed Apr 15th PM Forecast: TONIGHT Partly Cloudy Lo 31 SATURDAY Sunny Hi 41,New York
"For the men that shimmy a lil and even the ones who shimmy a lot. @f1rstcreations
https://t.co/sE2rg60ONU 
#kappaalphapsi #kappa #bruhs #corona #coronavirus #men #blackmen #nphc #mensfashion @ Los Angeles, California https://t.co/WggyqVMnc8",California
Rosie is loving life during this crazy pandemic! #rosiemcdade #rosie #labradoodle #outofthecity #corona @ Lyndhurst Mansion https://t.co/7Z5vH1nfnF,New York
"When life was good and work was great and you could hug peopleğŸ¹ğŸ–¤
Hereâ€™s a TB
.
.
.
.
.
.
.
.
.
.
.
.
.
.
.
.
.
.

.

.

#model #la #nyfw #aesthetic #moodboard #prettylittlething #corona #funny #meme #fashion #fffâ€¦ https://t.co/fRhnQCoEuj",California
"Corona Rant Number 3,478: donâ€™t leave your f*cking latex glove in my driveway... #coronarant @ Austin, Texas https://t.co/Bb1kHfCgzf",Texas
"Bare bones = new beginnings. That Corona virus canâ€™t keep us from dreaming, creating and building. Everyone is dealing with this situation in different ways and it's all ok! We don't know what people are goingâ€¦ https://t.co/ZhVE7JoI1d",California
"Here are 10 pictures of the hotel @RONSONORIGINALS is going to have 3 of his models, who have positions and titles for @RONSONORIGINALS for his next photoshoot as soon as the Corona lockdown is over. My wife andâ€¦ https://t.co/TU0C88601k",Ohio
THE FEDERAL RESTAURANT &amp; BAR Due to Massachusetts Corona Virus Mandate will close temporarily! Consider purchasing gift cards https://t.co/DQBp3oLgMX to help them sustain this time! Plan Events hereâ€¦ https://t.co/u0MMcRN5A5,Massachusetts
"EVERYBODY is affected in their own way! #corona #quarantine #poorrichpeople #suffering #survival @ Los Angeles, California https://t.co/TXghqZEBKA",California
This is one of our private guitar lessons!!ğŸ¤ªğŸ¤ª And let me just say it sounds amazing!!!ğŸ¤©ğŸ¤©ğŸ¤¯ #guitar #private #lesson #amazing #stayhome #stayhealthy #staysafe #corona #virus #covid19 #explorepage #explore #exploremoreâ€¦ https://t.co/Z6nSK0tIOT,New Jersey
Couchella?  Stagecouch?  We got you.  #sugarcookies #coachella #stagecoach #nochella #corona #tiffanyssweetspot #laquinta #coachellafestival @ Tiffany's Sweet Spot https://t.co/M7j9nWOJvH,California
"""Future in the Air"" ğŸ˜· - This Nike billboard seemed a little too.. relative to our situation.. #TequilaShots #Corona #Venice @ Venice, California https://t.co/iltZ0AAWCW",California
"ğŸ¤ªğŸ˜œğŸ¤ªğŸ˜œğŸ¤ª
â€”Corona 2020â€“ @ Queen Creek, Arizona https://t.co/LZ2TJUNoUM",Arizona
"On that dinner shit with wife ğŸ˜‚ğŸ˜‚ğŸ˜‚ğŸ˜‚
#megantheestallion #meatballs #dinner #familytime #corona #quarantine #quarantinelife #wifey #wife #explorepage #explore #gphatz @ Houston, Texas https://t.co/uDr1dpvwtq",Texas
Power thought of the day:  I am unlimited in my ability to be creative. #powerthoughtoftheday #unlimited #ability #creative #stayhome #stayhealthy #staysafe #corona #virus #covid #covid19 #explorepage #exploreâ€¦ https://t.co/1WBaqp5Ga2,New Jersey
"I guess this is what our lives has been reduced to...Food and Corona jokes ğŸ˜·ğŸ¤£
#wheredidourworldgo #newreality #morefoodiethanusual @ Milwaukee, Wisconsin https://t.co/3Ci7AwJJxT",Wisconsin
"What a great buddy to shelter in place with!
ğŸˆâ¤ï¸ğŸ¾
#covid-19sucks
#thistooshallpass
#catsrock #ohspets #shelterinplace #stayathome #corona #coronavirus #tabbycat #tabby #tabbycatsofinstagram #tabbycatsâ€¦ https://t.co/5t3TODqFvS",Oregon
"In corona times Anna has taken her art to the sidewalk outside the house! This is one of her characters. Nice work Anna! @ Houston, Texas https://t.co/HBe2SmL1YH",Texas
Orders are in and completed. Getting ready for Cinco! coronausa @modelousa #cincodemayo #corona #Modelo #tecate #dosequis @ Long Beverage Craft https://t.co/h9LBFlQFMt,North Carolina
"Surviving Another corona Evening! Day 89 or something like That.... ğŸ¤ªğŸ˜… #isickofthisshit #iwantoutofhere #iwanttogobacktowork #imsleptout @ Nashville, Tennessee https://t.co/dujVrNgfyG",Tennessee
"This â€œCorona Eraâ€ is driving people to a lot of different edges ğŸ˜©... But we have to draw the line somewhere. trayfour - please, Sir... You donâ€™t have to do this! We canâ€™t let #therona over take our sensibilities! ğŸ˜«â€¦ https://t.co/LUaJPkNZ8q",District of Columbia
"Misting with and ULV Fogger #Covid19 #Covid #Corona #Coronavirus @ Vail, Colorado https://t.co/gkkFQv6nDU",Colorado
Red sun sinks corona infection detection #likes #like #follow #likeforlikes #love #l #instagood #instagram #followme #likeforlike #likeforfollow #followforfollowback #f #followers #instalike #photoofthedayâ€¦ https://t.co/tKYbmiXPKd,Florida
Red sun sinks corona infection detection #likes #like #follow #likeforlikes #love #l #instagood #instagram #followme #likeforlike #likeforfollow #followforfollowback #f #followers #instalike #photoofthedayâ€¦ https://t.co/x0vIpX3huD,Florida
Single Red sun sinks corona infection detection #likes #like #follow #likeforlikes #love #l #instagood #instagram #followme #likeforlike #likeforfollow #followforfollowback #f #followers #instalike #photoofthedayâ€¦ https://t.co/oMP9ub8WyP,Florida
Corona CA Wed Apr 15th PM Forecast: TONIGHT Mostly Clear Lo 50 THURSDAY Mostly Sunny Hi 73,California
Lagunita Court center hilltop bench estate garden #grave just became available. Go to https://t.co/YIlXWxNP2Y  Thereâ€™s nothing else like it. #Hope #Love #Lord #prayers #God #blessed #TrustintheLord #InGodwetrust @ Corona delâ€¦ https://t.co/itf0I85LrX,California
Lagunita Court center hilltop bench estate garden #grave just became available. Go to https://t.co/YIlXWxwebq  Thereâ€™s nothing else like it. #TrustintheLord #InGodwetrust #Christians #God #blessed #prayers #covid_19 #coronaâ€¦ https://t.co/KVFtnXSNHK,California
"ğŸ‡ºğŸ‡¸ US

10 day forecast of 50,825 dead. This wave may last ~140 days and see 9,985,197 cases and 139,793 deaths. Cases double every 8.3 days.

ğŸ“ˆ: https://t.co/7II8TOvToR

ğŸ•“ 16/04 #CovidUS

3/4",Kansas
"Nose and mouth coverings become mandatory In NY through an executive order from Gov. Andrew Cuomo mid coronavirus outbreak.
.
.
.
#macys #thisisnewyorkcity #newyorknewyork #coronavirus #corona #virus #isolationâ€¦ https://t.co/Z4xMbWv0RO",New York
"I'm at Kona Shaved Ice in Corona, CA https://t.co/b5ddLJ8be5",California
"Hereâ€™s another oldie but goodie. Pre-corona era... when you are looking for that portrait tattoo artist, I am the one to come and see!!!!! Inbox for appointments. 
Oh and hit that speaker button. Thatâ€™s just ya boyâ€¦ https://t.co/TT5ZDmEG3P",Arkansas
"Hereâ€™s another oldie but goodie. Pre-corona era... when you are looking for that portrait tattoo artist, I am the one to come and see!!!!! Inbox for appointments. 
Oh and hit that speaker button. Thatâ€™s just ya boyâ€¦ https://t.co/DNdkUZjNZ9",Arkansas
"#Repost @MissJei38
ãƒ»ãƒ»ãƒ»
#womencrushwednesday You all remember JEILYSA from Halloween? JEILYSA has gotten really bored so she came out with a song called ""LA Corona"" Enjoy! Week 4 - Day 30 @ Miami Beach, Florida https://t.co/R3u7JGeeSD",Florida
"#Salud y #Cheers to the birth #ReneJoaquinTorres ğŸ»
We finally got a chance to take a pic!!!
#WeDidIt babycakesleyvatorres  #Corona #Coronita #BabyBoy #BabyTorres #BabyTorres2020 #April2020â€¦ https://t.co/nrXX6RdAIt",California
"Just found this Quarantine dog. Prolly keep him *
*
*
*
*
*
*
*
*
*
#dog #dogsofig #puppy #pets #quarantine #covid #corona #champion #isolation #mansbestfriend #chicago #chicagoGuy @ Quarantine https://t.co/rSinZhXFfR",Illinois
"Missing my days without this Corona stuff... #singing #singinglessons #corona #coronamemes #coronasucks @ Bend, Oregon https://t.co/qlOgIBpWVY",Oregon
"Questionâ€¦ Am I going to get wineâ€¦ Or Steel gold from a Wells Fargo horse drawn wagon with my posse... stick em up...!!! @ Corona, California https://t.co/XfPKQBNeaZ",California
"Taz has the corona watch tonight @ League City, Texas https://t.co/95mFYBGim6",Texas
"Corona Virus Jiu Jitsu with Ted .Thank you to my camera Man Leo

#creditcardchoke #bjj #jiujitsu #teamsantosjiujitsu #ted #leosantos #cesargraciejiujitsu #tedmovie #graciefighter #jiujitsufamily #sanramonjiujitsuâ€¦ https://t.co/R6rNVeZIFZ",California
If I could only have the power to put the darn Corona virus inside that isolated cloud and electrocuted it... ğŸ§ #hope #rain #clouds #lighting #corona #miami #cuarentena #teampositivos #wonderful_places #godisgood @â€¦ https://t.co/tzi5ii5fcj,Florida
"Keep rockin! @ Corona, California https://t.co/ORshkJklvg",California
"Corona ainâ€™t stopping me from seeing these beautiful ass flowers. #COVID19 #Quarantine
.
.
.
.
.
.
#moodyports #PortraitGames #PortraitPage #creative_portraits #PortraitVision #Portrait_Vision #aovportraitsâ€¦ https://t.co/5yzNcBk49B",California
"A few more from the beaches in Corona Del Mar. #socialdistancing #beach @ Corona del Mar, California https://t.co/Mx32mrucdC",California
"#lifeinthetimeofcorona 
.
backstory: when i spotted a man walking his #bike across the street while carrying all these bottles of @corona, i pulled out my camera. just then, some friends called out to him and heâ€¦ https://t.co/99A3fta5ei",California
"Sunshine, rock and a rope is all she needs to find joy. 
ğŸ’ªğŸ¼
ğŸ‘ŠğŸ»
Corona isnâ€™t too bad hanging off the rock in #Utah
#we got this #climbing #climb #startemyoung  #outside #socialdistancing #familytime #rockclimbingâ€¦ https://t.co/LvQuumuloV",Utah
"#Yaaaoooo post corona!
Collective pieces of beautiful priceless art.. Whatever your craft may be; now is the perfect time to sharpen your sword of creative... Zone zone zone!
@MsBreScullark @KehindeWileyâ€¦ https://t.co/IBMWEFuuA9",New York
Corona 31- Accessory Work #hippoquaranteams @ CrossFit Hippo https://t.co/Sa0EpXS6lf,Texas
"""CORONA VIRUS!!"" @ Ocean City, Maryland https://t.co/bEXdHfewbS",Maryland
ğŸ‘¶ğŸ¼Aye everyone #LightskinBaby Been waiting to drop a nuke on ya ğŸ¤¯ Stay ya Ass home but Lightskin Baby still working. Fuck #corona Lightskin Baby got the toughest immune system. Stay alive to hear this Master Piece.â€¦ https://t.co/NyKJld2RZT,South Carolina
"Are you itching to get back into your workout? Bring your workout home with this incredible equipment! #Homeworkout #corona #quarantine #Mentalhealth @ Roseville, California https://t.co/bOlYi5ZoFL",California
"Are you itching to get back into your workout? Bring your workout home with this incredible equipment! #Homeworkout #corona #quarantine #Mentalhealth @ Roseville, California https://t.co/Q5H5PIdfMr",California
"My several stages of protection during the corona or as we call her, Miss Rona. Just trying to keep Miss Rona away as much as we can.  You should too! I only go out for supplies, Dr. Appointments and for a walk/run.â€¦ https://t.co/UvFtvM3UUZ",California
"ğŸ¤£ğŸ¤£ğŸ˜‚ğŸ˜‚ğŸ¤£ğŸ¤£ğŸ¤£ğŸ¤£ğŸ˜‚ğŸ˜‚ğŸ˜‚ğŸ¤£ğŸ¤£ #facts 
#period #period #ariesseason #aries #thedefinitionofrealdcooking #thedefinitionofrealdirector #cardib #dmvchef #covid_19 #corona @o_magazine @ Baltimore, Maryland https://t.co/KM8n5ABBvM",Maryland
"Corona Who? Im just patiently waiting for all this to be over so I can turn the rest if this year into the greatest story ever toldğŸ’ªğŸ½ğŸ’ªğŸ½ğŸ’¯ğŸ’¯
.
.
.
#pandemic #peace #socialdistancing #stayinside #isolation #selfisolationâ€¦ https://t.co/Zhn14N9emo",Georgia
Me and my bro in quarantine jamming to demos I have in my bag. Super grateful for these moments. I love how Easter dinner turned into a jam fest. Who else is making the most of their Corona 2020 lockdown? @ Miamiâ€¦ https://t.co/czpr87NH3y,Florida
Tonight we had a serious game of #uno during our #socialdistancing and had lots of laughs! And Mom won the most! lol #corona #coronaquarantine #makingmemories #mommysgirls #kyliepaigeâ€¦ https://t.co/NHZJh4LrYQ,Ohio
"Thx Josh &amp; Meagan for equipping @storycitychurch to help ourselves and to help others in our community deal with the stress we are feeling during #corona joshua.wright.75457 @ Los Angeles,â€¦ https://t.co/EYUdScj8t3",California
