|['New #addiction ... #nintendoswitch #lite #whatidowhenimbored #gamer #oldschool #pandemicpreparedness @ Corona, California |
|['Ladies Come on over to my ğŸ  ğŸ˜ but wait until this corona shit overwit tho cuz yâ€™all always want to touch a nigga face and shit and itâ€™s hard enough sometimes just tryna get yâ€™all muthafukas to wash your hands ğŸ˜‚ğŸ˜‚ğŸ˜‚ğŸ¤£ğŸ¤£â€¦ |
|['#New #Heat ğŸ”¥ğŸ”¥ #OTW #Movie\r\n#GM #Get #Money #Lurking #Trap #Art #Nyc #Brooklyn #Rap #Culture #Stealth #Health #Wealth #Corona #Virus #K #TheUberShoppe #DavesHouseOfThrill #hiphop #Tunnel #Vision @ New York, New York |
|['Mississippi Barber dies from Covid-19 since he refuse to stop shaving his client despite the lock down stay safe corona virus is real! \r\n#covid19 #coronavirus @ Mississippi City, Mississippi |
|['ğŸ”¥ #flamespitter ğŸ‰ â€¢ ğŸš«#Corona ğŸ˜· @ Cleveland, Ohio |
|['ğŸ‡ºğŸ‡¸ US\r\n\r\n10 day forecast of 49,572 dead. This wave may last ~136 days and see 10,219,483 cases and 143,073 deaths. Cases double every 8.2 days.\r\n\r\nğŸ“ˆ:  14/04 #CovidUS\r\n\r\n3/4']|
|['YT:  video dropping today, #2 from my goodbye #beard rant series\r\n#economy #economics #dolphins #whales #corona #mask #facemask @ Washington D.C. |
|['Even though corona has a different meaning to me now. What you start you must finish. @ Exeter Twp |
|['Even royalty is bored these days. #djslim #staysafe #stayhome #newbeard #hotdad #hotdjs #model #producer #trending #hot #corona @ Pensacola, Florida |
|['Back 4 nuther Corona week! (@ Linden Yard Fleet Operations in Brooklyn, NY) |
|['Supreme Court will hear cases remotely in May. \r\n\r\n#coviÌ‡d19 #corona #scotus #blackandwhitephotography #bnw #architecturephotography #politics #law #government #usa #usağŸ‡ºğŸ‡¸ @ Supreme Court of the United States |
|['A glimpse into covid-19 2020 \r\n\r\n#Corona #pandemic #firstresponders #life #street #blackandwhite #picoftheday #socialdistancing @ New York, New York |
|['Thanos came over today we tried using the Infinity Gauntlet to take care of Corona so we will see what happens. \r\n\r\n#stayhomesavelives \r\n#adventuresfrommyhomeoffice \r\n#quarantinelife @ Southgate, Michigan |
|['Folks Nem Over here tryna spread CoronağŸ˜· Virus ğŸ¦  \r\n.\r\n#covic19 \r\n#corona \r\n#coronavirus \r\n#coronavÃ­rus \r\n#coronamemes \r\n#quarantine \r\n#quarantinelife \r\n#quarantineandchill @ Los Angeles, California |
|['Corona NY Tue Apr 14th AM Forecast: TODAY Mostly Cloudy Hi 45 TONIGHT Partly Cloudy Lo 31']|
|['ğŸ‡ºğŸ‡¸ US\r\n\r\n10 day forecast of 49,572 dead. This wave may last ~136 days and see 10,219,483 cases and 143,073 deaths. Cases double every 8.2 days.\r\n\r\nğŸ“ˆ:  14/04 #CovidUS\r\n\r\n3/4']|
|['#bearingwitness \r\nIn the background are tents in #centralpark #nyc with patients from Mt. Sinai Hospital \r\n#takeheart\r\n#covid\r\n#coviÌ‡d19 \r\n#corona \r\n#newyork \r\n#newyorkcity @ The Mount Sinaiâ€¦ |
|['So is there going to be Memphis in May or the Corona Fest']|
|['THIS JUST IN! CONTROVERSIAL COMEDIAN @DennyLive CONFIRMS THE STORY SHARED BY HIS COUSIN VIC el_negro_capitan1 FROM HOUSTON, TEXAS WAS RIGHT!!!!!! DEM NEGROES WAS AT A CORONA PARTY FIGHTINâ€™ ğŸ¤¦ğŸ½\u200dâ™‚ï¸ #OnlyInPhilly @â€¦ |
|['I am telling you the truth #corona #coronamemes #vipinpaulkattappana #weshallovercome @ Somewhere On Earth |
|['Whatâ€™s the 1st thing you are going to do when this Corona Pandemic is over...?\r\nReady - Set - Go ğŸ’œğŸ˜ƒâœ…\r\nğŸŒ¹ğŸŒ¹ğŸŒ¹\r\n#coviÌ‡d19 #coronamemes #dreambigger #coronavÃ­rus @ Pico Stairs |
|['@TheRealTank on Lanes, Change &amp; Growing Pains on The M+M+M Show!!\r\nâ €â €\r\nWhether itâ€™s Morehouse, the trap house, the outhouse, the hoe house or the Whitehouse, Corona has officially regulated everyone into THIER houseâ€¦ |
|['The CDC recommends that you wash your hands for at least 20 seconds. The chorus to So Fresh So Clean is exactly 20 seconds long so, play this every time you wash your hands!\r\n\r\n#washyourhands #corona #coronavirusâ€¦ |
|['Puppy love. This is Teddy. ğŸ¤—  #wemissyou #covidquarantine #corona #virus #supportsmallbusiness #weareinthistogether #togetherwearestronger #manayunkphilly #toptailsdogwalking #dogwalkerlife #communityâ€¦ |
|['Practicing social distancing and keeping you safe during this corona virus pandemic while still working on keeping your car and truck needs met is what we do at Laramie GM Autocenter.  You can come into theâ€¦ |
|['Had an announcement to make yesterday but decided to hold off didnâ€™t feel right after recieving news that my dear beautiful great aunt ( more like a grandmom as well ) Annette passed from  corona covid-19 I haveâ€¦ |
|['Corona CA Tue Apr 14th AM Forecast: TODAY Mostly Sunny Hi 77 TONIGHT Mostly Clear Lo 50']|
|['A.L.I.E.N. LIVING: "Cornered by Corona: Seeing Is NOT Believing"  |
|['When your barber ğŸ’ˆ is closed due to #coronavairus and Mom gives the ole bang trimming a go. Canâ€™t be that hard right?! Wrong! #momfail #somegoodnews #corona. We miss you Rickey Pate andâ€¦ |
|['Acting work in the time of #corona. (Rehearsal) @ Washington D.C. |
|['Iâ€™m confused as to why itâ€™s so important for folks to remain inside their houses! Like is corona more deadly than aids? I swear if you slave negus turn that program box (television) off, ya asses wouldnâ€™t be soâ€¦ |
|['Itâ€™s trueâ€¦ I have a case of corona. #justsaying #coronavirus  #corona  #hiltonheadisland #hiltonhead #memes #lol #lmao #instamemes #instadaily #instagram #instagood #insta #instalike #funnymemes #funny #catmemes @â€¦ |
|['Today I reviewed my data and realized that in a matter of about 1 week I reached my 10% goal. (I understand the uncertainty surrounding COVID-19 Corona virus is affecting my ability to succeed (for better or forâ€¦ |
|['ğŸ—£Keep it up #Corona I just cut 3 inches off!!! Things are starting to get hairy of here!!! ğŸ’‡ğŸ½\u200dâ™€ï¸ #PunIntended #covid #quarantine âŒâœ‚ï¸ @ The House! |
|['Today I reviewed my data and realized that in a matter of about 1 week I reached my 10% goal. (I understand the uncertainty surrounding COVID-19 Corona virus is affecting my ability to succeed (for better or forâ€¦ |
|['We struggle with the complexities and avoid the simplicities.\r\n.\r\n.\r\n.\r\n#macys #blossom #blossoms #spring #flowers #flower #spring2020 #coronavirus #corona #virus #isolation #COVID19 #emptystreets #emptynyc #nycshutdownâ€¦ |
|['INVESTMENT POSTS\r\n\r\nToday I reviewed my data and realized that in a matter of about 1 week I reached my 10% goal. (I understand the uncertainty surrounding COVID-19 Corona virus is affecting my ability to succeed (forâ€¦ |
|['ğŸ‡ºğŸ‡¸ US\r\n\r\n10 day forecast of 49,572 dead. This wave may last ~136 days and see 10,219,483 cases and 143,073 deaths. Cases double every 8.2 days.\r\n\r\nğŸ“ˆ:  14/04 #CovidUS\r\n\r\n3/4']|
|['Follow @DaddyDaughterTi for #DailyFunnies\r\nğŸ‘†ğŸ¾ClickFollow &amp;/or a â€œğŸ˜‚â€ğŸ‘†ğŸ¾ \r\n.\r\n#bugs #scorpion #scorpions \r\n.\r\nUpcoming Shows:\r\n-They are normally posted here but #TheRona #aka #Corona #CoronaVirus #Covid19... #AllShowsâ€¦ |
|['Follow @DaddyDaughterTi for #DailyFunnies\r\nğŸ‘†ğŸ¾ClickFollow &amp;/or a â€œğŸ˜‚â€ğŸ‘†ğŸ¾ \r\n.\r\n#food #fight #fights #dog #dogsofinstagram #enough \r\n.\r\nUpcoming Shows:\r\n-They are normally posted here but #TheRona #aka #Corona #CoronaVirusâ€¦ |
|['Living la vida corona @ Fairfax, Virginia |
|['Follow @DaddyDaughterTi for #DailyFunnies\r\nğŸ‘†ğŸ¾ClickFollow &amp;/or a â€œğŸ˜‚â€ğŸ‘†ğŸ¾ \r\n.\r\n#dark #darkhumor #darkhumormemes #unclefester #adamsfamily \r\n.\r\nUpcoming Shows:\r\n-They are normally posted here but #TheRona #aka #Coronaâ€¦ |
|['We have some new Corona Care Packages on the website!! These are for whiskey lovers and grumpy old men\r\nğŸIs this a gift?! We can ship anywhere with a handwritten note to the recipient ğŸ\r\nğŸ˜·Offering contactless pick upâ€¦ |
|['Spreading #LanghamLove around the world from Flushing Meadows Corona Park in Queens #InThePink (ğŸ“¸vivi_kiki_127) @ New York, New York |
|['Wardog &amp; Viper workout the names of my football fantasy teams lol!! Missing ğŸ€ ğŸ¥Š right now!! Home Corona Quarantine workout!! #garageworkout @ North Carolina |
|['Happy Tuesday!!! Hereâ€™s a fresh episode of The Tuesday Night Cigar Club to help your quarantine or essential work day fly by with a smile. Tonight the boys talk all things Cigar Safari as they smoke the BOTL Coronaâ€¦ |
|['#quarantine #quarantinelife #quarantineandchill #stayhome #stayathome #stayhealthy #staysafe #corona #covid_19 #2020 #positivevibes @ Los Angeles, California |
|['#Corona golf attire ğŸ˜ğŸ‘ @ Duran Golf Club, Cocoa-Rockledge |
|['#corona golf attire @ Duran Golf Club, Cocoa-Rockledge |
|["Corona Cooking Night 8\r\n\r\nNeeded to use up a couple chicken breasts and some other odds and ends. The theme for my non-quarantine is to waste not and want not.\r\n\r\nShake 'n' Bake Chicken\r\nRoasted Potatoes\r\nCornbreadâ€¦ |
|['Just a city gal on her fire escape, enjoying a few moments of magic hour with a satisfying Corona ğŸº before crawling back to the couch to reckon with corona. ğŸ˜· \r\nâ€¢ â€¢ â€¢\r\nThank you, healthcare workers. Thank you, allâ€¦ |
|['I am getting SO good at this #bread thing! Look how pretty these lives are!! #quarantinelife #quarantine #baking #selfsufficient #covid #covid_19 #corona #coronavirus #chicago #rogerspark #home_cook #shelterinplaceâ€¦ |
|['When Iâ€™m doing the home-schooling, this is on the curriculum! #covid #corona #coronavirus #dadlife #vinyl #records #dj @ Prosper, Texas |
|['Just posted a photo @ Corona, California |
|['Corona ainâ€™t in chargeğŸ˜³ğŸ˜ˆ #worktobehadâš™ï¸â›“ğŸ›  |
|['My bro steveyb_nyc deff got the right idea. #quarantine ğŸ¤·\u200dâ™‚ï¸\r\n.\r\n.\r\n.\r\n.\r\n.\r\n#quarantinelife #quarantineandchill #coviÌ‡d19 #corona #fml #covidmemes #safemaskselfie  #safehands #facemask #pot #gangsta #northfaceâ€¦ |
|['Under the Corona Moon. #inkpaintings #Alcoholink #fullmoon #covid19art #coronavirus #coronamoon #fantasyart #alcoholinkartist @ El Paso, Texas |
|['Reminder:\r\nThis does not only apply to Marty\r\n#corona #quarantine #stayhome #stayhomesavelives @ Quest Church |
|['Hey the shop is temporarily closed for services due to the corona  we practice social  distancing \r\nHowever Our online store will remain open\r\n Online store orders only shipments  worldwide  time.  Weâ€¦ |
|['No not LeBron damn you corona virus jkğŸ˜‚. LeBron still getting his work out on Lakers for the win 2021. @ Quarantine |
|['Had to find my mask for my shoot today so my bad to anyone who was waiting but\r\n\r\nGIVEAWAY: So Iâ€™m giving away a free photoshoot to 1 person as part of my â€œITâ€™S CORONA TIMEâ€ contest. To be eligible you just gotta do 3â€¦ |
|["I'm so glad my two youngest daughters aren't around to see this , they'd cried\r\n\r\nAll right Corona you been long enough\r\nTIME TO BOUNCE BITCH @ Disney Store Michigan Avenue |
|["Tb to when you could get Coronas and shutdown Madisonâ€™s before It was shutdown because of the Corona.\r\n\r\n#sotheturntable #corona #nocoughgang #stimulated #shutdown\r\n#quarantine = #Borentine @ Madison's Pub |
|['Reposted from @chefjoseandres \r\n.\r\nThis is the reality right now...I am in Corona, Queens &amp; people are hungry...wckitchen lines go to horizon. Food shouldnâ€™t be a problem...but the solution! In next legislation foodâ€¦ |
|['My new 2020 corona work station. Order some All Saints Tattoo merch in the link in our bio, FREE local delivery in the greater Austin area! Just select it as your shipping method in checkout. Thanks for supporting usâ€¦ |
|['Can you tell the "before Corona Virus" and after shot? @ Seattle, Washington |
|['Quarantine posture day 30ish...We year you Houston! Stress, tension, and long hours on the computer with terrible posture and ergonomics?? ğŸ˜© Corona is not good for Tech Neck!! But Donâ€™t worry guys, we got youâ€¦ |
|["Take control of your life in all areas, use this Corona situation as your advantage. Don't become depressed and stop doing stuff. Use the situation to learn a skill, start a business, workout more, whatever it hasâ€¦ |
|["I know I know its taco Tuesday  but.... who doesn't want these garlic butter fries togo?!?!?!\r\n#garlicfries #cheflife #chefmode #boondockscorona #corona #ovenoflovestoveofpassion #fucktodd #yummycorona #chefchrisdalyâ€¦ |
|['Letâ€™s try to keep positive! God bless us!! ğŸ‡§ğŸ‡· ğŸ‡ºğŸ‡¸ #corona #covid19 #spring #2020 #positivity #summervibes @ Anderson, South Carolina |
|["@00PN00 doesn't have Corona Virus (we hope fingers ğŸ¤ğŸ¿) #stayhome #precovid19 #covid19 #coronavirus #preapocalypse #beforetimes #barclayscenter #brooklyn #prowrestling #wrapup #pnandfriends #pnisawesome for the fullâ€¦ |
|['Corona NY Tue Apr 14th PM Forecast: TONIGHT Partly Cloudy Lo 31 SATURDAY Sunny Hi 41']|
|['New York New York gone dark with one tower showing a heart of hope.\r\n@nynyvegas cityoflasvegas \r\n#lasvegas #vegas #covid #corona #quarantine @ New York - New York Hotel &amp; Casino Las Vegas |
|['BALLERZ! Athletes! Aspiring players and kids, come one come all! I am super excited to announce my partnership with Lyle Mitchellson to get all yâ€™all some savings during this #corona #pandemic this is greatâ€¦ |
|['Hereâ€™s a link to volunteer at @sowreapfeed with @KeithElliott28 and @leighannblalock #UntilEverybodyEats  @ Jackson, Mississippi |
|['Southern Arizona Independent Film Festival was postponed to late summer due to Corona Pandemic. But It has announced some jury awards today (Except Audience Favorite Award), and KADDISH  ( the film I did in 2019 )â€¦ |
|['Still putting in this work. Canâ€™t let the muscles get too soft! \r\n.\r\n.\r\n.\r\n.\r\n.\r\n.\r\n.\r\n.\r\n.\r\n.\r\n#act #actor #actorslife #blackactors #audition #auditions #selfcare #selftape #work #workout #ncis #quarantine #coronaâ€¦ |
|['Take an opportunity to enjoy HOME! I hear thereâ€™s no place like it!  #covÄ±d19 #corona #churchstreeteast #downtownmobile #mobilealabama #downtownmobileal #ukulele #ukulelecover #ukulelecovers #banjoleleâ€¦ |
|["#Repost @00PN00 (@get_repost)\r\nãƒ»ãƒ»ãƒ»\r\n@00PN00 doesn't have Corona Virus (we hope fingers ğŸ¤ğŸ¿) #stayhome #precovid19 #covid19 #coronavirus #preapocalypse #beforetimes #barclayscenter #brooklyn #prowrestling #wrapupâ€¦ |
|['Just the corona kill the city ğŸ’”ğŸ’” |
|['No Touching: Love in the time of Corona.  |
|['I made kingarthurflour recipe for Sourdough Chocolate Cake for Easter &amp; it did not disappoint. In fact, none of their recipes do. Iâ€™ve made quite a few of them during our corona quarantine because Iâ€™m looking forâ€¦ |
|['Sidewalk art says it all. From the heart my friends. Hope all are safe &amp; feeling healthy...\r\n#love #community #healthy #corona #breathe #art #handmade #stayhome @ Washington D.C. |
|['#PainOnPaper #RealLove #IfIDiedTomorrow #BlakkNoize #Carrtel #Poetry #Corona #Covid19 #Lockdown @ Austin, Texas |
|['Fact: Dogs have no idea what a corona virus is #happy #free #noworries @ Nashville, Tennessee |
|['When you pretend that life is a beach.. even in Corona. @ Cold Beer Atlanta |
|['We are joined by mike_sena for another quarantine edition episode of Around The World with The He &amp; She Show - we talk with him about #rvlife #corona and hear some amazing life stories! Now live anywhere podcasts canâ€¦ |
|['#covid19 #corona #coronamemes \r\n#NoNaziJoe \r\n#rEvolution \r\n#impassive \r\n#thebeginningisnear \r\n#FAaFO \r\n#BernieOrRevolution 2020 ğŸ’¯\r\n#BernieSanders #Bernie2020\r\n#Squad2020 #Trump is fucked\r\n#FridaysForFuture #loveâ€¦ |
|['Corona diaries #coronadiaries2020 #robordonez #timeoutnewyork #artonlink #staysafe #alonetogether #onenewyork @ Rob Ordonez Photography |
|['â€œChance to change your wayyyyyz..â€ #iparkmusic #oobang #coronavirus #corona #life #live #love #fam #family @ IPARK MUSIC CO. |
|['Tonightâ€™s drink special at @Hartung_madison 21st bday are corona crush martinis. A splash of peach schnapps, vodka, orange crush and grenadine. A truly special concoction made up by me! Lol! Gotta go with whatâ€™sâ€¦ |
|['Need some help with the other one behind your, Dr. Fauci? Iâ€™m not doin anything right now ğŸ¤­ #corona @ Plano, Texas |
|['â€œCompletely understanding this form will determine your business future as of today...â€ #iparkmusic #corona #coronavirus #familytime #Love #life @ IPARK MUSIC CO. |
|["What's for breakfast tomorrow? Steve and Kathy from the Cowboy Surfer in Corona are offering a very cool option breakfast for those who want to order a large morning meal to go at a reasonable price: Breakfast forâ€¦ |
|['STOP PROCRASTINATING! HANDLE YOUR BUSINESS! Show all of the GREATNESS being stored inside of youğŸ’ªDont let Corona break you!...Take this time to follow some of your DREAMS #dreamsdocometrue #motivationâ€¦ |
|['Me calling Corona: â€œYou say the current wait time will be how long???â€ ğŸ˜©ğŸ˜· \r\nâ€¢\r\nâ€¢\r\nâ€¢\r\nâ€¢\r\nFlashback to a time where you could roam the Earth freely. ğŸ’ğŸ„ğŸ¾ Chicago #StayHomeSaveLives #QuarantineArtClub #microinfluencer @â€¦ |
|["Ridin' 85 Ep. 22 (B.C. BEFORE CORONA) || The 85 South Show  |
|['I am so grateful for this guy. Heâ€™s been so patient and wonderful during this strange time. Iâ€™m so lucky. \r\n.\r\n.\r\n.\r\n#blessed #happilyeverafter #happilymarried #husband #hubby #justsayjenny #corona #newnormalâ€¦ |
|['Corona delay â€˜20. Time to get back to work soon. ğŸ‡ºğŸ‡¸ needs âš¾ï¸ @MLB milb @whitesox chasekrogman_ @ Lake Saint Louis, Missouri |
|["There my be germs on some of these birds but their ain't no germs on me ğŸ˜‚ğŸ˜‚ğŸ˜‚  All jokes aside #staysafe #covid #corona #doubleglove #coveryourmouth #sanitize #socialdistancing @ Atlanta, Georgia |
|['Stuck in the house and watching movies wit my boy. This ainâ€™t so bad after all. ğŸ–¤ğŸ–¤ #fatherhood #blancoboys #corona #quarantine @ Glen Allen, Virginia |
|["Corona Cooking Night 9\r\n\r\nIts Taco Tuesday but I decided to explore other ways of making tacos. Tonight we're having a deconstructed taco plate.\r\n\r\nCarne Asada\r\nQuesadillas\r\nRefried Beans\r\nSpanish Rice\r\nFresh Salsa\r\nGreenâ€¦ |
|['REVELATION 9:20\r\n20 The rest of mankind who were not killed by these PLAGUES( Corona Virus) STILL DID NOT REPENT of the work of their hands; they did not stop worshiping demons, and idols of gold, silver, bronze,â€¦ |
|['I feel like Iâ€™m losing my rind ğŸ‰ â¤ï¸ğŸ’š \r\n\r\n#mua #makeup #watermelon #corona #makeupartist #mue #anastasiabeverlyhills #bhcosmetics #morphe #morphebrushes #morphebabe #elf #toofaced #profusioncosmetics #profusion #narsâ€¦ |
|['Cinematographer filming no one in an empty room.                                        .\r\n.\r\n.\r\n.\r\n.\r\n#corona #covid19 #socialdistancing #artists #findaway #create #emptynewyork #nyc #manhattan @ One World Trade Center |
|['Happy Birthday in the time of Corona: from backyard meals &amp; The Office finale tears-to tirelessly working at her own makeshift office-Iâ€™m in constant awe &amp; wonder of this strong &amp; graceful woman I get to marry thisâ€¦ |
|['#flattenthecurve #socialdistancing #corona #love #community #communityovercorona #berniesanders #covoid19 #communityovercoronavirus #workfromhome #anxiety @ The Herculean |
|['Even the characters in my video games are over this covid-19/corona virus &amp; quarantine ğŸ‚ğŸ’©\r\n...\r\ndyinglight warnerbrosentertainment\r\n#overit #coronavirus #facemask #dyinglight #gamehumor #quarantinelife #quarantineâ€¦ |
|['Street Signs, Corona, Queens, NY and Rego Park, Queens, NY #streetsigns #coronaqueensnyc #regoparkqueensnyc #coronaqueens #corona #queens #regoparkqueens #regopark #queens #nyc #nofilter #unedited #canon77dâ€¦ |
|['Ahhh Robin, such a wise man... miss you ğŸ’« #robinwilliams ğŸ’« #quarantine #corona #2020 #toiletpaper @ Walnut Creek, California |
|['Link in the Bio for Full Eps.: \r\n \r\nSUBSCRIBE, LIKE, SHARE, COMMENT \r\n#podcast\r\n#zmbsqd \r\n#zombieapocalypse\r\n@glennericnelson\r\n@glennericnelson\r\n#comics \r\n#quarantine \r\n#nvrdun\r\n#isolation \r\n#coronaâ€¦ |
|['Thanks to both our sisters who are on the front lines of all of this!  Stay save while you are out there saving lives! #coviÌ‡d19 #corona #nurse #thankful #stayhome #flattenthecurve #theclubmomteam @ Loveland, Ohio |
|["Tuesday twinsanity I see double Deaspool on the loose. We're taking over cons like there's no tomorrow. Howcome we're didn't infected the Corona virus. Oh, wait I can't die. We both got a healing factor and wearâ€¦ |
|['â¤ï¸Community over Corona, Support local Business, Elko County Strong â¤ï¸\r\nâ€¢\r\nWe are all in this together! When you support a local business...you are supporting a family, a friend, a community! Businesses new andâ€¦ |
|['Corona At-Home Workout\r\nDay 34\r\nWednesday, 4/15/3020\r\n\r\nEvery 5 minutes for Times:\r\n4 Rounds\r\n400 meter Run\r\n30 Air Squats\r\n\r\n#StrongerTogether #AtHomeWorkout #Coronavirus #CrossFit #Dallas #Fitness #Exercise #Health #Dietâ€¦ |
|['Power thought of the day: Go with the flow, prioritize, do your best and most importantly enjoy the little things. #powerthoughtoftheday #tap #class #flow #doyourbest #stayhome #staysafe #stayhealthy #coronaâ€¦ |
|['My thoughts exactlyğŸ˜›ğŸ™#lifecantwait #future #bettertomorrow #corona #covid #nyc #mylife #followme #hopeful #wishes #ny @ Manhattan, New York |
|['Mr. Galoâ€™s private hiphop lesson is looking great with her dance!!!ğŸ¤©ğŸ¤©ğŸ¤¯ I mean just check out those moves!!!ğŸ¤ªğŸ¤ª #hiphop #hiphopdance #hip #hop #lesson #private #moves #stayhome #staysafe #stayhealthy #corona #virusâ€¦ |
|['Why six feet?\xa0Is that really far enough to protect you and others?\r\n.\r\n.\r\n.\r\n#empirestatebuilding #esb #madisonsquarepark #citygrammers #illtones #coronavirus #corona #virus #isolation #COVID19 #emptystreets #emptynycâ€¦ |
|["ğŸ¾ğŸ¾ğŸ¾ HUGE SHOUTOUT TO Von'Colby Ardoin FOR YOUR PATIENCE DUE TO THIS  CORONA VIRUS ğŸ¦  WE HAD TO MAKE DIFFERENT ARRANGEMENTS TO HAVE THIS BEAUTIFUL SHIPOO PUPPY SHIPPED FROM NORTH CAROLINA TO LOUISIANA â€¼ï¸â€¼ï¸â€¼ï¸ THE WAIT ISâ€¦ |
|['Corona got me like! #coronavirus  #covid19 @ Los Angeles/Hollywood California |
|['Lots of folks with way to much alone time.\r\n\r\n#covid19 #coronavirus #corona #quagmire #vaseline #porn #internet #familyguy #quarantine #art #actor #atlanta #miami #seattle #losangeles #la #newyorkcity #ny #bostonâ€¦ |
|['KBEV Crew producing the Corona Virus Special.\r\n#crew #corona @ Beverly Hills, California |
|['Mrs. Elisaâ€™s 6pm adult ballet class is staying on their toes and keeping their heads up!!ğŸ¤©ğŸ¤©ğŸ¤£ Looks like theyâ€™re keeping their arms up tooğŸ¤£ #ballet #class #adult #stayhome #staysafe #stayhealthy #corona #coronavirusâ€¦ |
|['#flattenthecurve #socialdistancing #corona #love #community #communityovercorona #berniesanders #covoid19 #communityovercoronavirus #workfromhome #anxiety @ The Herculean |
|['â¤ï¸Community over Corona, Support local Business, Elko County Strong â¤ï¸\r\nâ€¢\r\nWe are all in this together! When you support a local business...you are supporting a family, a friend, a community! Businesses new andâ€¦ |
|['#covid19 #corona #coronamemes \r\n#NoNaziJoe \r\n#rEvolution \r\n#impassive \r\n#thebeginningisnear \r\n#FAaFO \r\n#BernieOrRevolution 2020 ğŸ’¯\r\n#BernieSanders #Bernie2020\r\n#Squad2020 #Trump is fucked\r\n#FridaysForFuture #loveâ€¦ |
|['Trump should be authentic (true to his values).  Corona virus threatens 1% of the population.  Unemployment threatens 100% of the population. @ Logan County, West Virginia |
|['During this daily home broadcast period Iâ€™ve learned so many efficiency workflow improvements.  Some that Iâ€™ll be taking back to the studio.  Some I will not.\r\n#corona #shelterinplace @ Roseville, California |
|['For those of you that didnâ€™t see the 11:00 P.M.  news last Wednesday...I had what some believe was a concussion. I was on my way to host a Virtual Open House for my listing in Corona.  Thanks to @sociallysavvypr andâ€¦ |
|['Take a look at yourself in the mirror\U0001f90d #corona #tiktok @ New Orleans, Louisiana |
|['If a bat didnâ€™t start the baby back bitch #CoronağŸ¦ ğŸ¦ ğŸ¦  I bet a punk ass pigeon started it. - Drinking a Feeding Pigeons by @monkishbrewing @ Hermosa Beach - The Strand  â€” |
|['daniel &amp; i canâ€™t really celebrate â€œoutâ€ today. thanks Corona.\r\nDaniel broke his toe and sprained his knee yesterday morning, so he took today and slept off some of the pain.\r\ni worked. thenâ€¦ |
|['Find your beach. #corona #medicine @ Plano, Texas |
|['Rest LA soon weâ€™ll be back at it. #dorothychandlerpavilion ginnigabu #sunset #sunsets #lockdown #corona #socialdistancing #emptystreets #overpass #traffic #emptystreet #empty #downtown #downtownla #citystreetsâ€¦ |
|['Getting out of the house and exercising. Praying and missing our city. @foxandfriends  foxnews #covid #corona #exercise #scooting #love #socialdistancing @ Long Island, NY |
|['#picturepeoria2020 :: Day 14 :: Old ::  Now *here* is something old. And that Smith-Coronaâ€™s no spring chicken either. #old #typewriter  ğŸ“¸: rachel_bean_photography @ Peoria, Illinois |
|['Unfortunately because of the corona virus  quarantine and social distancing we will not be having our regular service this month. BUT we will host a Praise Party with @JIJISWEET live on Facebook andâ€¦ |
|['Men working hard last few days preparing for the unknown future of the sport they love. Proud of all these young men taking the initiative during the times we find ourselves in. #work #corona #SOT #proud @ Kingwood,â€¦ |
|['#cars #trees #corona @ West Hartford, Connecticut |
|['Corona CA Tue Apr 14th PM Forecast: TONIGHT Mostly Clear Lo 49 WEDNESDAY Mostly Sunny Hi 78']|
