| 'social distance r n r nlol r n r nâ€”â€”â€”â€”â€”â€”â€”â€”â€”â€”â€”â€”â€”â€”â€”â€”â€”â€”â€”â€”â€”â€”â€”â€”â€”â€”â€” r n r n r n r n r n r n r n r n corona virus work quarantine dog pet party r n whiteparty hug atitude love designer fashion style stylist bulge safe socialdistancingâ€¦ |
| 'i need limes drinking corona extra grupomodelo mx death star â€” |
| 'covid 19 corona virus style everett washington |
| 'developed 1st roll film r nâ€¢ r nâ€¢ r n turtlewuzhere nyphotographer nyc photographer pentax film filmphotography potd quarantine series corona virus blackandwhite instapic photography instadaily kodakâ€¦ |
| 'corona virus got like bandana misterbandana wildwildwest maskedman coronatimes coronavirusgotmelike crazytown safe gulf shores alabama |
| 'nothing stop easterbunny job done happy ğŸ° day quarantine corona virus 2020 walnut creek california |
| 'if yall know motto r nevolver 5000 now r n link bio r n r nalso add playlist r nyall know ep 5 songs r n r njust giving yall update corona virus remain safe r nbutâ€¦ |
| 'there signs postbrand ads lajolla california corona la jolla |
| 'once past photoshoot post project coronas couldnt resist ğŸ˜‚ ğŸ‘ğŸ¼ ğŸ‘ğŸ¼ ğŸ‘ğŸ¼ giant ğŸ‘ğŸ¼ğŸ‘ğŸ¼planters project labor love its completely yet areâ€¦ |
| 'friday night rona r n r n r n r n r n r n r n r n r n r n r n r n corona flagstaff orpheumtheatre arizona blackandwhite photography amateurphotography friday stayhome stayhealthy staysafe flagstaff arizona |
| 'i wondering grocery store shelf corona chocolate ilovechocolate ğŸ˜†ğŸ˜†ğŸ˜†ğŸ˜† covid19 staysafestayhome staysafe stopeating ğŸ¤ªğŸ¤ªğŸ¤ª south pasadena california |
| 'we staying work you stay home us curb pickup takeout  togo order free delivery 8 30am midnight stayathome lovela savelives coviÌ‡d19 corona mask coverfaceâ€¦ |
| 'corona got world like atreyu fighting nothing san diego california |
| 'meanwhile philly a r nman wearing face mask dragged philadelphia bus handled it bbbb corona stayhome quarantine quarantineandchill philadelphia pennsylvania |
| 'the corona journals begun bit late start never r ntook moment long post work bike ride waterfront plenty healthy folks out exercising maintaining social distance â€¦ |
| 'ğŸ‡ºğŸ‡¸ us r n r n10 day forecast 50483 dead wave 123 days 9376156 cases 131266 deaths cases double 5 6 days r n r nâ¤ï¸ life counts pls stayathome r n r nğŸ¥ |
| destiny unchanged â€¢â€¢unlessâ€¢â€¢ i'm change r n r n friends photoshoot master corona summer instafashion indianfashionblogger cool black followme cristianoronaldogoals success family art photoofthedayâ€¦ |
| 'incident 7line 103rd street corona plaza station 42nd street times square station |
| 'incident 7line 103rd street corona plaza station 42nd street times square station |
| 'incident 7line 103rd street corona plaza station 42nd street times square station |
| 'hope much needed taste home recipe testing freshly simple syrup amp almond milk favorite coffee survivalmode blackcatscafe tasted better r nğŸƒâ € r ncorona noreaster day 3â€¦ |
| 'dave moreno â¤ï¸ğŸ¶ğŸ¤˜ğŸ»ğŸ”¥ puddleofmudd davemorenodrums drums drummers drummerlife drummer drummersofinstagram easter corona coronavid19 coronavirus family love supporteachother rock alternativerock yourâ€¦ |
| ' xuux â€œwhen divine good practiced life bliss bliss is normal condition goodâ€ âšœï¸ğŸ¤º ingodwetrust easter access racist racism reparations covid corona rona2020 brooklyn litdifferentâ€¦ |
| 'happy easter family yours r nhopefully year world celebrate better circumstances ğŸ™ğŸ¼ğŸ’“ğŸ° r n r n r n r n r n r n r n r n r n r n r n r n r n r n r n r n r n r n r n r n r n r n r n r n r n r n r n r n r n r n r n r n r n corona coronavirus momsofigâ€¦ |
| 'corona ny sun apr 12th forecast today cloudy hi 45 tonight partly cloudy lo 31' |
| corona holds sway i'm kitchen especially eastermorning happy easter everyone quarantinekitchen southernboyeating southerncooking chickenwings grits sundaybreakfast sundaymorningâ€¦ |
| 'may corona messing up easter bunny appearance ğŸ°ğŸ°ğŸ° happyeasterğŸ° coal hollow pennsylvania |
| 'sortez couvert ğŸ™ğŸ¼ face mask samandlavi covid corona virus protection safety humanity pandamic mouradzaoui los angeles california |
| ' ã‚¢ãƒ¼ãƒ†ã‚£ã‚¹ãƒˆã®æ–¹ã€…ã‚‚ä»Šå¤§å¤‰ãªæ€ã„ã‚’ã•ã‚Œã¦ã„ã‚‹äº‹ã¨æ€ã„ã¾ã™ artists hit corona seattle reasontogooutside butoh butohdance sleepingbeauty cultureday èˆè¸ ã‚·ã‚¢ãƒˆãƒ« ã‚¢ãƒ¡ãƒªã‚«ç”Ÿæ´» seattle washington |
| 'they finally released mother drdlandscape1 month quarantine going lie month scariest time life mother caught corona watch life threatening fightâ€¦ |
| 9am day madonnamahabarata r n conscious consciousdaily corona theatricalemergency emergencymirthresponder hell'sâ€¦ |
| 'corona girl westminster massachusetts |
| 'between loss loved corona easter little different year making adjustments choose spend it cherish second it â€¦ |
| 'how kids playing basketball ğŸ€ğŸ™…ğŸ» u200dâ™‚ï¸ r n r n r n r n morning walk corona shutdown lockdown quarantine chicago metropolitan area |
| 'hello girls boys r n r ni promised easter puzzle r ntime corona muzzle r nyou look world wide web r nor painting easter egg r nthe bunny nuzzle r n r nps â€¦ |
| 'happy easter teddy unfortunately corona lockdown were closed improvise basket year got treats happy soon lockdown spoiledâ€¦ |
| 'catch dont burned charmander pokemon socialdistancing corona onesie hyde park chicago |
| 's post r n r n r nf fictional r n r nthanks corona can't hunt easter eggs we easter hunting vr new thing 2020 Ê… ï½¥à¸´Ğ´ï½¥à¸´ Êƒ r n r nalso finally played vr kingdom hearts experienceâ€¦ |
| easter breakfast quarantine corona easter indian fishin' lake |
| 'hello girls boys r n r ni promised easter puzzle r ntime corona muzzle r nyou look world wide web r nor painting easter egg r nthe bunny mayâ€¦ |
| 'he risen r nhe dead r nfor stone rolled away r nstay home safe r ncorona free easter day r namen r n r nhappy easter easter bunny r nğŸ°ğŸ£ğŸ°ğŸ£ğŸ°ğŸ£ğŸ°ğŸ£ğŸ° cedar park texas |
| 'fuck corona virus ğŸ–•ğŸ¼ğŸ¦  harlem |
| 'corona ca sun apr 12th forecast today chance showers hi 62 tonight chance showers lo 50' |
| 'watched cardinal dolan morning beautiful person reminds feel life brings emptiness corona covid fox cardinal church foxandfriends foxnews cardinaltimothymdolan â€¦ |
| 'happy birthday homie broski brother mother ive shared wonderful memories shall talk loud know corona shit ruined aâ€¦ |
| 'wear mask ppe stock ready ship proceeds global giving corona virus relief fund link bio order ğŸ™ los angeles california |
| 'happy easter staying work you stay home us curb pickup takeout  togo order free delivery 8 30am midnight stayathome lovela savelives coviÌ‡d19 corona maskâ€¦ |
| 'i resurrection life john 11 25 corona california |
| 'from hermosabeach way venicebeach single person beach water la its part pacificocean flattenthecurve lockdown corona socialdistancing manhattanbeachâ€¦ |
| 'rainy stormy weather san diego weekâ€¦ caught sunrise early april health happiness friends amp family easter prayers affected corona san diego california |
| 'covid 19 boosts surveillance society r n r n corona covid19 washingtondc bnw washingtonmonument bnwphoto bw joggers joggerpants surveillance blackandwhitephotography blackandwhite themall homelandâ€¦ |
| 'bringing outdoors inside since know corona happyeaster corona forsythia hyacinth flowers flowersinstagram lincoln rhode island |
| 'the person planet earth r n r n r n r n oculusnyc oculus freedomtower wtc manhattan coronavirus corona virus isolation covid19 emptystreets emptynyc nycshutdown quarantine quarantinelife staysafeâ€¦ |
| 'not smiling corona time ğŸ˜·ğŸ˜¢ bend oregon |
| 'yall hungry want sum eat ya high nd corona closed holla g gone hook yall fasho âœŠğŸ¾ğŸ—£ğŸ’¯ğŸ”¥ğŸ”¥ğŸ”¥ğŸ—ğŸ–ğŸ›ğŸ² happy easter day everyone r n cheflife r n easter r n sunday r n foodforthoughtâ€¦ |
| 'new tattoo designs zach taylor z taylor come stupid corona fuck away zach gonna tattoo amazing designs fucking hard contact zach shop set post apocalyptic tatsâ€¦ |
| 'happy easter amp happy corona victory workout anybody struggling fitness schedule try 2 3 exercises stretches different times day helping someâ€¦ |
| 'quarantined r nâ€¢ r nâ€¢ r n turtlewuzhere photographer nyc bw film photography kodak portrait dad potd bwphotography pentax streetphotography quarantine series covid19 stayhome corona virus flattenthecurveâ€¦ |
| 'a sign times corona coronavirus mask bikeride denver colorado cherry creek trail |
| 'corona club jym style vonstroke banging big screen best quarantine mix training clubbing happy easter yall des moines washington |
| 'happy easter couch yours r n r n r n r n r n r n couchcuddles easter covid19support sunday heisrisen indeed poetry photography family love celebration isolation socialdistancing corona healing truthâ€¦ |
| '2020 easter got like r nhappy easter friends r nbetter times ahead r n covid19 corona quarantinelife quarantined ormond beach florida |
| 'the adventures corona donkey easter 2020 boxcrafts corona stayhome easter fort lauderdale florida |
| 'ğŸ‡ºğŸ‡¸ us r n r n10 day forecast 50483 dead wave 123 days 9376156 cases 131266 deaths cases double 5 6 days r n r nâ¤ï¸ life counts pls stayathome r n r nğŸ¥ |
| 'easter 2020 safe people r nplay safe amp stay home this corona virus real dont forget true meaning easter quarantine easter2020 stayhome heisrisen little falls new jersey |
| another photo loc lov la's grand opening i'm standing chastity cheszymagicfingerz loc lov la staff traveled pre corona twice monthly loc lov la philly nj r nif know story know iâ€¦ |
| how explain 8 year old can't party birthday corona virus seen gifts eyes lite ğŸ‘€ cousins friends ğŸ˜ thanks family amp friends â€¦ |
| ' fried onions anyone april wanted showcase photos favorite subject food frequent counter toluca lake pre corona burger thecounterburgerâ€¦ |
| 'happy easter ğŸ£ğŸ‡ğŸ’everyone meetshannonlee rocking feel good hoodie comfy yoga pants empirestreetsty enjoying fun spring walk corona park empirestreetstyâ€¦ |
| 'ğŸ° happyeaster corona quarantine 2020 ğŸ£ğŸ‡ downtown west palm beach |
| 'happy easter everyone easter happyeaster quarantine corona virus abnormalattraction comedy getfuzzy stayhome staysafe bobbypriv leavs16 new york new york |
| 'happy holiday easter easterweekend iso sundays vibe family corona rona rillogangactivityâ›” bundyâ›” rillogangâ›” vibes eastereggs smile clean besafe world selfquarantine life lifestyle gangshitğŸ’¯â€¦ |
| 'this doesnt happen easter corona covid new york new york |
| 'corona deaths projections in r n 1 ğŸ‡¸ğŸ‡ªsweden just nothing strategy r n 2 ğŸ‡³ğŸ‡± netherlands intelligent lockdown r n 3 ğŸ‡¬ğŸ‡§ uk take chin oh shit pm got it something wayâ€¦ |
| 'todays family easter zoom brought corona says celebrating resurrection baby jesus like quarantine easter covid zoom coronabeer beneestomnibus floral park new york |
| ' covid19 corona 2020 quarantine stayhome stayhealthy charlotte north carolina |
| 'ğŸ¤£ğŸ¤£ğŸ¤£ r n r n r n r n r n r n r n r n r n r n religious joke easter covid corona coronameme laughter humor ressurection paganism polytheism los angeles california |
| ' throwback glamorous time r nswipe â¡ï¸ corona times ğŸ¤ª new york public library |
| 'â›½  ğŸ˜ˆ slight work â›½ new hobby ğŸ”‹ indooractivities rillogangactivityâ›” bundyâ›” rona corona weedğŸ life lifestyle gangshitğŸ’¯ rillogangâ›” iso isolation sundays vibe vibes grow goodvibesonly cleanâ€¦ |
| 'need whats posted photo ğŸ¤¨ facts theartofthinkingoutloud billgates vaccines virus pandemic socialdistancing devil evil corona life usa cincinnati |
| 'easter lamp chop easter corona lambchops fhjerk island vybes kitchen fh jerk |
| 'who want virtual work week 15pp week monday wednesday amp thursday 7pm cash app fitmoliving zoom id ad dont let corona hold health amp fitness goals weâ€¦ |
| another photo loc lov la's grand opening i'm standing chastity cheszymagicfingerz loc lov la staff traveled pre corona twice monthly loc lov la philly nj r nif know story know iâ€¦ |
| ' 4 12 2020 jesus paid all owe happy corona easter family yours mount dora florida |
| 'i went bit walk million podcasts flushing meadows corona park |
| don't judge me r nchampagne taste beer pocket book r n r n home beer corona heineken redstripe greenmount guilford greenacresinguilford eastersunday easter easterbunny green acres guilford |
| 'happy easter family friends ğŸ°ğŸ‡ r nâ˜ï¸ 909 860 2606 r n r n corona norco jurupa valley cerritos norwalk orangecounty tustin anaheim santaana longbeach anaheimhill covina westcovina fullertonâ€¦ |
| 'easter flowers brighten house happy easter flowers flower daffodils tulips easter home corona california |
| 'from family yours r nhe risen r n easter heisrisen resurrectionday covid corona quarantine montana |
| 'the federal restaurant amp bar massachusetts corona virus mandate close temporarily consider purchasing gift cards help sustain time plan events hereâ€¦ |
| ' my latest post ' r n r n utilitypole rust green staples corona pixel3xl pixel iger instagram gram nature new orleans louisiana |
| 'corona blues jazz funk rnb grownfolkmusic smithsonian national museum african american history culture |
| 'rocky stairs corona del mar state beach |
| corona 2020 spanish flu 1920 cholera 1820 bubonic plague 1720 ğŸ¤” population control 100 years ğŸ¤” coincidenceorpattern coincidenceithinknot ğŸ¤” lows' kitchen |
| 'covid 19 life goes on slooooowly corona covid washyourhands washingtondc blackandwhite bnw blackandwhitephotography bnwstreet bnwstreetphotography streetphotography streetphoto streetphotographerâ€¦ |
| 'one nation groove stayinghome funk alonetogether onenation corona pennsylvania |
| 'corona virus wont stop speaking encouraging body christ r n r ni ins outs host â€œmotivating circle eventâ€ circle need recharge new haveâ€¦ |
| 'corona virus wont stop speaking encouraging body christ r n r ni ins outs host â€œmotivating circle eventâ€ circle need recharge new haveâ€¦ |
| 'one nation groove stayinghome funk alonetogether da corona covid 19 north carolina |
| 'happy easter ğŸ‡ğŸ°ğŸ£ corona california |
| 'one nation groove stayinghome funk alonetogether da corona covid 19 pennsylvania |
| 'happy easter familia friends thank god blessed day have happyeaster2020 familiaarmas armasfamily chiltonohana corona california |
| 'a little easter fun morning boys r n r n easter easteregghunt confetti corona tucson arizona |
| 'follow daddydaughterti dailyfunnies r nğŸ‘†ğŸ¾clickfollow amp or â€œğŸ˜‚â€ğŸ‘†ğŸ¾ r n r n imagine imagination imagines imaginaryfriend imaginaryfriends r n r nupcoming shows r n they normally posted therona aka coronaâ€¦ |
| 'lunas ğŸŒ™ 1st easter ğŸ£and resurrection âœï¸sunday stop praise ğŸ™ŒğŸ½ corona r n r n r n r nswipeğŸ‘‰ğŸ½ bunny hopping cuteness r n r n r n heisrisen r n theblessedlife r n ressurectionsundayâ€¦ |
| 'god blessed amp hopefully contributes health journey worries virus paranoid 13000 people dying us corona immune health mindfullness antivirus bodyhealthâ€¦ |
| 'the pigeons cops ones roaming free streets new york city r n r n r n r n pigeons nypd nycpolice timessquare timessquarenyc coronavirus corona virus isolation covid19 emptystreetsâ€¦ |
| 'hell yeahâ€¼ï¸â€¼ï¸â€¼ï¸i looking high amp low roll ğŸ¤¦ğŸ½ u200dâ™€ï¸ğŸ’…ğŸ½ğŸ˜­ r nijsâ€¼ï¸ yall stop buying damn tissue geeshâ€¼ï¸â€¼ï¸â€¼ï¸ r n coronamemes tissue charmin melaninpoppin corona coronavid19â€¦ |
| 'fresh air park artmuseum corona art covid 19 outside staysafe nassau county museum art |
| 'happy easter redeemer lives easter easterdecor easterathome corona prospecthillinn quarantinelife tablescapechallenge prospect hill inn amp restaurant |
| 'queen corona r n goth glam riconasty x thescottedit ğŸ¦ ğŸ§ğŸ¼ u200dâ™€ï¸ los angeles california |
| 'had visit easter bunny today corona california |
| 'current situation mason 100 excessive corona dog walks as non fur children currently road send tent ğŸ¤¦ğŸ» u200dâ™€ï¸ğŸ¶ğŸ¤ª summit new jersey |
| 'happy easter bunnyyoga ğŸ° r n r nthis bunny faceyoga ğŸ˜† corona r n r nthe bunny chilling humans working ğŸ˜‚ mirai clinical |
| 'while visiting usp alcatraz bought harmonica knowing entertain son much keepinghimbusy uspalcatraz harmonica corona new york |
| ' vinnie orcel eat heart out whos jealous eastersunday family daughtertime dadlife lovemyfamily quarantine corona covid cranston rhode island |
| 'four mile eastersunday run jacksonheights elmhurst corona keeprunning covid19 lgbtqiarunners instagay gayrunner gayrunners gayathletes gayfitness gayfit lgbtqrunners lgbtqrunnerâ€¦ |
| 'which profitstyle yall fukkin ep 1 2 3 4 5 6 leave comments u aint heard link bio available everywhere corona profitg viral explore unsigned indie majorâ€¦ |
| 'corona ny sun apr 12th pm forecast tonight partly cloudy lo 31 saturday sunny hi 41' |
| 'grilling weather gets rough drinking corona premier grupomodelo mx halligan bar south â€” |
| 'celebrating easter corona virus style lakeview east chicago |
| 'content iparkmusic oobang love family fun hope love smile corona coronavirus ipark music co |
| 'we sure missing baseball thank firelands athletic boosters seniors2020 baseball corona nothowthiswassupposedtogo firelands high school |
| 'he risen risen indeed weve gotten this covÄ±d19 corona churchstreeteast downtownmobile mobilealabama downtownmobileal ukulele ukulelecover ukulelecovers banjolele banjolelecoverâ€¦ |
| 'â€œi told u stop playin wit me â€ğŸ”« ğŸ˜‚ fuckcorona fuckcovid19 outside stayathome corona coronavirus queens newyork covid 19 knight caption stopplayin findiddy findiddydadon sleezyfinbeezly ewokhefnerâ€¦ |
| ' livestreammusic frankb attempting show corona rock folk' |
| 'me sexy baes took trip beach corona took lives ğŸ’¦ ğŸ ğŸ–ğŸ§œğŸ¾ u200dâ™€ï¸ ğŸ§œğŸ¾ u200dâ™€ï¸ ğŸ§œğŸ¾ u200dâ™€ï¸ ğŸŒºğŸŒ´ğŸŒˆâ˜€ï¸ wonderworks myrtle beach |
| 'grandma v aunt b stuffed celery pimento cheese jar added spring radishes kosher salt side corona california |
| 'â€œi got shooters renovate roomâ€ r nnew music r njust dropped r n soundcloud r n adoeverse adoe ghe zuut reapa broward control miami florida new explore corona chicago nbayoungboyâ€¦ |
| 'this corona thing added fuel â›½ï¸ ğŸ”¥ making chip shoulder little bit bigger ğŸ’ªğŸ¼ puttin work speed bag im getting started ğŸ¥Š righthere rightnowâ€¦ |
| the 4yr old fetched beer it's good day i'll remember forever happy easter r n r n easter2020 victoriasway corona quarantine badstreet philadelphia pa |
| 'corona doesnt stand chance easter r n easterdinner easter2020 posole texasismystate austin texas |
| 'be calm heal bestill lockdown keepfaith besafe heal stayhome corona coronachronicles happysunday sundayvibes sunday eastersunday happyeaster pastel pastelcolors lolifeâ€¦ |
| 'tucson corona holidazapocalypse proper robles pass |
| 'easter 2020 r nmahi tuna brussel sprouts wine corona parkland florida |
| 'sandal sale dont track left outside especially now corona covid19 vampirediaries originals legacies available online store vampire stalkers mystic falls tours |
| 'jesus stay inside social distancing means everyone easter corona coviÌ‡d19 repost socialdistancing midlothian illinois |
| 'easter 2020 live forever memories easter bunny appointed rounds quarantine easter easter2020 corona quarantineeaster heisrisen heisrisenindeed easterbasketâ€¦ |
| 'dont let corona you stay safe happy easter ewa beach hawaii |
| 'dont let corona you stay safe happy easter ewa beach hawaii |
| 'ğŸ‡ºğŸ‡¸ us r n r n10 day forecast 50483 dead wave 123 days 9376156 cases 131266 deaths cases double 5 6 days r n r nâ¤ï¸ life counts pls stayathome r n r nğŸ¥ |
| 'talking hand good know trust real wilson corona castaway tomhanks solo trust conversation atlanta georgia |
| 'corona 28 great week lets videos hippoquaranteams crossfit hippo |
| 'cheers coronausa ğŸº r nhappy easter sunday ğŸ¥•ğŸ°ğŸ£ğŸ¥ r n coronaextra corona cervezacoronaextra san pedro california |
| 'mr marks private tap lesson looking sounding amazingğŸ¤ªğŸ¤ª video prove ğŸ¤©ğŸ¤¯ğŸ¤¯ tap lesson private class look sound amazing video stayhome stayhealthy staysafe corona covid19 explorepageâ€¦ |
| 'happy easter sending love hugsğŸ°ğŸ’• r n r nâ€¢how spending easter im baking ğŸ˜…â˜ºï¸ r n r n r n r n r n r n r n r n r n r n r n r n corona quarentine photography selfportrait canon camera indoorphotography modelâ€¦ |
| 'celebrating easter family from corona riverside foothills ranch mission viejo hermosa beach utha colombia bogota buga ğŸŒ„ğŸ°ğŸ’– r n happyeaster felicespascuas r n family familia r n quarentine r n quarentinefun â€¦ |
| 'corona ca sun apr 12th pm forecast tonight chance showers lo 48 monday chance showers hi 64' |
| 'happy easter sending love hugsğŸ°ğŸ’• â€¢how spending easter im baking ğŸ˜…â˜ºï¸ r n r n r n r n r n r n r n r n r n r n corona quarentine photography selfportrait canon camera indoorphotography modelâ€¦ |
| 'nobody sure exactly return normalcy look like long there r n r n r n r n brooklynbridge brooklynbridgepark coronavirus corona virus isolation covid19â€¦ |
| 'current corona bookclub only tiny bit ambitious ğŸ˜ğŸ‘±ğŸ½ u200dâ™€ï¸ğŸ“š what yall reading recs ğŸ’›ğŸ™ğŸ½ ownyourvoice quarantinebookclub topknotturnup artists district los angeles |
| ' hotnigga entrepreneur baltimore maskup stayhome quarantine betterlife corona mask maryland livesmart thebestatit baltimore maryland |
| ' repost scout barthold r nãƒ»ãƒ»ãƒ» r ndoing best rona away ppe papillon protective equipment facemask covid19 corona ppe r n r n r n r n r n r n papillon papillons papillonlove papillonsofinstagram papillondogâ€¦ |
| 'rip yelena corona 4 10 15ğŸ‘¼ğŸ» forever hearts â™¥ï¸ forgotten love ğŸ˜˜ sweet angel carmel indiana |
| 'this corona fina beat piÃ±ata austin texas |
| 'my creative ğŸ˜‰ active ğŸ¤¸ğŸ½ u200dâ™‚ï¸youngest granddaughter adabneyy  2020 new covid 19 corona lashay davirus ğŸ˜ğŸ’› atlanta georgia |
| 'happy easter corona virus r nğŸ˜·ğŸ˜¢ğŸ°ğŸ¥ santa barbara california |
| 'â€œspring unlocks flowers paint laughing soil â€ r nâ€” bishop reginald heber empirestreetsty ğŸ’ğŸ’ r nmeetshannonlee flushing meadows corona park |
| 'shop tomorrow noon monday 4 13 limited quantities vintage camo jackets retail 98 plus free shipping âœ¨shine âœ¨ shineon sparkleoutloud supportsmallbusiness shopsmall coronaâ€¦ |
| 'so masks llalladesigns sewing corona handcrafted embroidery pfaff projectbags pompoms domore2020 graceandkindness masks stayhome lla lla designs |
| 'can somebody pretty bring baby cause corona virus taking time away her lovenu shilohgrace heart soul r n r n r n r n telosğŸŒ telopaththtv realyaadmantv reggaeâ€¦ |
| 'i 'm enjoying new time archives work images lots seen images like traditiongolfclub i 'm going new assorted collection coronaâ€¦ |
| 'coronaressurection r n stayhome homesweethome lockdown staycation corona covid holy land |
| ' corona djtsalt djtsaltt tiktokdance memphis tennessee |
| 'i pray blessed day bunn bunn picture drawing lily raeâ™¥ï¸âœï¸ğŸ’•happy easter forever mykindergarten artist sierra del oro corona |
| 'glazed easter ham baby carrots roasted asparagus parmesan corona california |
| 'just posted photo corona california |
| 'easter sunday corona 2020 r nthank god blessing able cook provide meal family amaeya4 it ğŸ˜â£ morada california |
| 'no traditional louisiana mcdonald crawfish easter boil year ğŸ˜”ğŸ˜”ğŸ˜”ğŸ˜”ğŸ˜”ğŸ˜”ğŸ˜”ğŸ˜”ğŸ˜”ğŸ˜”ğŸ˜”ğŸ˜”ğŸ˜” r ni little one wasnt close ğŸ˜¢ğŸ˜¢ğŸ˜¢ğŸ˜¢ damnyou corona r n coronaeaster r n easter2020 r n happyeaster r n crawfishboil r n marriedtolouisisnaâ€¦ |
| 'happy easter amicones knowing guys forever makes easier away corona madness miss love guys â€¦ |
| 'goodbye 21 wow happy 22nd birthday ryan coronabeer lunch home best corona still delivering delicious food is dessert actually food manhattan love you manhattan new york |
| 'sole proprietors need assistance applying ppp p3 single employee application dm legit corp ssn ein dba accepted iparkmusic funds corona coronavirus help love life â€¦ |
| ' april2020 stayhome corona covid19 texana plantation richmond |
| 'happy easter ğŸ£ corona california |
| 'this corona crisis got stress exhausted praying thing ends soon r n r n r n r n love frontliners photooftheday me instamood cute igers picoftheday nurselife guy beautifulâ€¦ |
| 'dont forget stay clean safe dbz clean corona virus covid dragonballz sarasota florida |
| 'ğŸ  rt fresssed yo corona im telling right theres way im staying inside its july august 80 degrees im sorry' |
| 'lemme yours r n corona easter2020 outfits los angeles california |
| 'my corona free activity today ğŸ§—ğŸ» u200dâ™€ï¸ğŸ™ŒğŸ» sundayhike rattlesnake mountain |
| 'ğŸ‡ºğŸ‡¸ us r n r n10 day forecast 50164 dead wave 122 days 8571536 cases 120002 deaths cases double 6 5 days r n r nâ¤ï¸ life counts pls stayathome r n r nğŸ¥ |
| 'corona ğŸ§‘ğŸ¾ u200dğŸ”¬ğŸ˜·ğŸ˜ˆğŸ¤ŸğŸ¾ area 51 |
| 'potato latkes topped homemade applesauce r n r n r n r n r n latkas potato applesauce homecooking easterdinner easter food corona california |
| 'fighting covid 19 happy easter ğŸ°ğŸ‡ corona california |
| 'what people feeling quarantineâ€¼ï¸ ğŸ¼ğŸ¶ğŸ¤ğŸ¹ dazzlingdanette performerlife aea covidcut corona thankstohealthcareandessentialworkers healingpowerofmusic jersey city new jersey |
