| New #addiction ... #nintendoswitch #lite #whatidowhenimbored #gamer #oldschool #pandemicpreparedness @ Corona, California https://t.co/iClWohOTer|
| Ladies Come on over to my ğŸ  ğŸ˜ but wait until this corona shit overwit tho cuz yâ€™all always want to touch a nigga face and shit and itâ€™s hard enough sometimes just tryna get yâ€™all muthafukas to wash your hands ğŸ˜‚ğŸ˜‚ğŸ˜‚ğŸ¤£ğŸ¤£â€¦ https://t.co/5AOtrcMyfi|
| #New #Heat ğŸ”¥ğŸ”¥ #OTW #Movie
#GM #Get #Money #Lurking #Trap #Art #Nyc #Brooklyn #Rap #Culture #Stealth #Health #Wealth #Corona #Virus #K #TheUberShoppe #DavesHouseOfThrill #hiphop #Tunnel #Vision @ New York, New York https://t.co/StzTO3BYfr|
| Mississippi Barber dies from Covid-19 since he refuse to stop shaving his client despite the lock down stay safe corona virus is real! 
#covid19 #coronavirus @ Mississippi City, Mississippi https://t.co/96m6UB2ro2|
| ğŸ”¥ #flamespitter ğŸ‰ â€¢ ğŸš«#Corona ğŸ˜· @ Cleveland, Ohio https://t.co/5zNJfgTc8Z|
| ğŸ‡ºğŸ‡¸ US

10 day forecast of 49,572 dead. This wave may last ~136 days and see 10,219,483 cases and 143,073 deaths. Cases double every 8.2 days.

ğŸ“ˆ: https://t.co/7II8TOvToR

ğŸ•— 14/04 #CovidUS

3/4|
| YT: https://t.co/qt34YpskYk
New video dropping today, #2 from my goodbye #beard rant series
#economy #economics #dolphins #whales #corona #mask #facemask @ Washington D.C. https://t.co/5Ynk9Ia0RN|
| Even though corona has a different meaning to me now. What you start you must finish. @ Exeter Twp https://t.co/BLfMRFzAWG|
| Even royalty is bored these days. #djslim #staysafe #stayhome #newbeard #hotdad #hotdjs #model #producer #trending #hot #corona @ Pensacola, Florida https://t.co/jKHVubO5xD|
| Back 4 nuther Corona week! (@ Linden Yard Fleet Operations in Brooklyn, NY) https://t.co/Znls0jLw2s|
| Supreme Court will hear cases remotely in May. 

#coviÌ‡d19 #corona #scotus #blackandwhitephotography #bnw #architecturephotography #politics #law #government #usa #usağŸ‡ºğŸ‡¸ @ Supreme Court of the United States https://t.co/TmIJ9a0UUK|
| A glimpse into covid-19 2020 

#Corona #pandemic #firstresponders #life #street #blackandwhite #picoftheday #socialdistancing @ New York, New York https://t.co/WMpysCfgYV|
| Thanos came over today we tried using the Infinity Gauntlet to take care of Corona so we will see what happens. 

#stayhomesavelives 
#adventuresfrommyhomeoffice 
#quarantinelife @ Southgate, Michigan https://t.co/J1UVJx1qGx|
| Folks Nem Over here tryna spread CoronağŸ˜· Virus ğŸ¦  
.
#covic19 
#corona 
#coronavirus 
#coronavÃ­rus 
#coronamemes 
#quarantine 
#quarantinelife 
#quarantineandchill @ Los Angeles, California https://t.co/EJPMelD8MJ|
| Corona NY Tue Apr 14th AM Forecast: TODAY Mostly Cloudy Hi 45 TONIGHT Partly Cloudy Lo 31|
| ğŸ‡ºğŸ‡¸ US

10 day forecast of 49,572 dead. This wave may last ~136 days and see 10,219,483 cases and 143,073 deaths. Cases double every 8.2 days.

ğŸ“ˆ: https://t.co/7II8TOvToR

ğŸ•— 14/04 #CovidUS

3/4|
| #bearingwitness 
In the background are tents in #centralpark #nyc with patients from Mt. Sinai Hospital 
#takeheart
#covid
#coviÌ‡d19 
#corona 
#newyork 
#newyorkcity @ The Mount Sinaiâ€¦ https://t.co/DeYQCBSHLj|
| So is there going to be Memphis in May or the Corona Fest|
| THIS JUST IN! CONTROVERSIAL COMEDIAN @DennyLive CONFIRMS THE STORY SHARED BY HIS COUSIN VIC el_negro_capitan1 FROM HOUSTON, TEXAS WAS RIGHT!!!!!! DEM NEGROES WAS AT A CORONA PARTY FIGHTINâ€™ ğŸ¤¦ğŸ½â€â™‚ï¸ #OnlyInPhilly @â€¦ https://t.co/pj7uMoY7Mm|
| I am telling you the truth #corona #coronamemes #vipinpaulkattappana #weshallovercome @ Somewhere On Earth https://t.co/g9d3mWhHa7|
| Whatâ€™s the 1st thing you are going to do when this Corona Pandemic is over...?
Ready - Set - Go ğŸ’œğŸ˜ƒâœ…
ğŸŒ¹ğŸŒ¹ğŸŒ¹
#coviÌ‡d19 #coronamemes #dreambigger #coronavÃ­rus @ Pico Stairs https://t.co/7nHPS6hGbk|
| @TheRealTank on Lanes, Change &amp; Growing Pains on The M+M+M Show!!
â €â €
Whether itâ€™s Morehouse, the trap house, the outhouse, the hoe house or the Whitehouse, Corona has officially regulated everyone into THIER houseâ€¦ https://t.co/ZbWKxEqgUX|
| The CDC recommends that you wash your hands for at least 20 seconds. The chorus to So Fresh So Clean is exactly 20 seconds long so, play this every time you wash your hands!

#washyourhands #corona #coronavirusâ€¦ https://t.co/I4gBY0cK66|
| Puppy love. This is Teddy. ğŸ¤—  #wemissyou #covidquarantine #corona #virus #supportsmallbusiness #weareinthistogether #togetherwearestronger #manayunkphilly #toptailsdogwalking #dogwalkerlife #communityâ€¦ https://t.co/Ff6tKTrKko|
| Practicing social distancing and keeping you safe during this corona virus pandemic while still working on keeping your car and truck needs met is what we do at Laramie GM Autocenter.  You can come into theâ€¦ https://t.co/wLwK0JDcvf|
| Had an announcement to make yesterday but decided to hold off didnâ€™t feel right after recieving news that my dear beautiful great aunt ( more like a grandmom as well ) Annette passed from  corona covid-19 I haveâ€¦ https://t.co/jKEIoBnGJf|
| Corona CA Tue Apr 14th AM Forecast: TODAY Mostly Sunny Hi 77 TONIGHT Mostly Clear Lo 50|
| A.L.I.E.N. LIVING: "Cornered by Corona: Seeing Is NOT Believing"  https://t.co/P8EUZmFGlJ|
| When your barber ğŸ’ˆ is closed due to #coronavairus and Mom gives the ole bang trimming a go. Canâ€™t be that hard right?! Wrong! #momfail #somegoodnews #corona. We miss you Rickey Pate andâ€¦ https://t.co/WJPPCr9Bwx|
| Acting work in the time of #corona. (Rehearsal) @ Washington D.C. https://t.co/KIjkRmxZHT|
| Iâ€™m confused as to why itâ€™s so important for folks to remain inside their houses! Like is corona more deadly than aids? I swear if you slave negus turn that program box (television) off, ya asses wouldnâ€™t be soâ€¦ https://t.co/s9bsCt2I54|
| Itâ€™s trueâ€¦ I have a case of corona. #justsaying #coronavirus  #corona  #hiltonheadisland #hiltonhead #memes #lol #lmao #instamemes #instadaily #instagram #instagood #insta #instalike #funnymemes #funny #catmemes @â€¦ https://t.co/YuFelNefTr|
| Today I reviewed my data and realized that in a matter of about 1 week I reached my 10% goal. (I understand the uncertainty surrounding COVID-19 Corona virus is affecting my ability to succeed (for better or forâ€¦ https://t.co/fk04KuZ0ZJ|
| ğŸ—£Keep it up #Corona I just cut 3 inches off!!! Things are starting to get hairy of here!!! ğŸ’‡ğŸ½â€â™€ï¸ #PunIntended #covid #quarantine âŒâœ‚ï¸ @ The House! https://t.co/JKenHl138z|
| Today I reviewed my data and realized that in a matter of about 1 week I reached my 10% goal. (I understand the uncertainty surrounding COVID-19 Corona virus is affecting my ability to succeed (for better or forâ€¦ https://t.co/LaSzOzRmnN|
| We struggle with the complexities and avoid the simplicities.
.
.
.
#macys #blossom #blossoms #spring #flowers #flower #spring2020 #coronavirus #corona #virus #isolation #COVID19 #emptystreets #emptynyc #nycshutdownâ€¦ https://t.co/rtHxmBu3lo|
| INVESTMENT POSTS

Today I reviewed my data and realized that in a matter of about 1 week I reached my 10% goal. (I understand the uncertainty surrounding COVID-19 Corona virus is affecting my ability to succeed (forâ€¦ https://t.co/nvxV2q8y1F|
| ğŸ‡ºğŸ‡¸ US

10 day forecast of 49,572 dead. This wave may last ~136 days and see 10,219,483 cases and 143,073 deaths. Cases double every 8.2 days.

ğŸ“ˆ: https://t.co/7II8TOvToR

ğŸ•“ 14/04 #CovidUS

3/4|
| Follow @DaddyDaughterTi for #DailyFunnies
ğŸ‘†ğŸ¾ClickFollow &amp;/or a â€œğŸ˜‚â€ğŸ‘†ğŸ¾ 
.
#bugs #scorpion #scorpions 
.
Upcoming Shows:
-They are normally posted here but #TheRona #aka #Corona #CoronaVirus #Covid19... #AllShowsâ€¦ https://t.co/66W8ZqNfuF|
| Follow @DaddyDaughterTi for #DailyFunnies
ğŸ‘†ğŸ¾ClickFollow &amp;/or a â€œğŸ˜‚â€ğŸ‘†ğŸ¾ 
.
#food #fight #fights #dog #dogsofinstagram #enough 
.
Upcoming Shows:
-They are normally posted here but #TheRona #aka #Corona #CoronaVirusâ€¦ https://t.co/H3OJprHmkV|
| Living la vida corona @ Fairfax, Virginia https://t.co/nqun8KKmSX|
| Follow @DaddyDaughterTi for #DailyFunnies
ğŸ‘†ğŸ¾ClickFollow &amp;/or a â€œğŸ˜‚â€ğŸ‘†ğŸ¾ 
.
#dark #darkhumor #darkhumormemes #unclefester #adamsfamily 
.
Upcoming Shows:
-They are normally posted here but #TheRona #aka #Coronaâ€¦ https://t.co/Y87ohuldOu|
| We have some new Corona Care Packages on the website!! These are for whiskey lovers and grumpy old men
ğŸIs this a gift?! We can ship anywhere with a handwritten note to the recipient ğŸ
ğŸ˜·Offering contactless pick upâ€¦ https://t.co/mcEVTEVCUF|
| Spreading #LanghamLove around the world from Flushing Meadows Corona Park in Queens #InThePink (ğŸ“¸vivi_kiki_127) @ New York, New York https://t.co/xggW4g1ipU|
| Wardog &amp; Viper workout the names of my football fantasy teams lol!! Missing ğŸ€ ğŸ¥Š right now!! Home Corona Quarantine workout!! #garageworkout @ North Carolina https://t.co/33YUltukdn|
| Happy Tuesday!!! Hereâ€™s a fresh episode of The Tuesday Night Cigar Club to help your quarantine or essential work day fly by with a smile. Tonight the boys talk all things Cigar Safari as they smoke the BOTL Coronaâ€¦ https://t.co/7MfthBDxUr|
| #quarantine #quarantinelife #quarantineandchill #stayhome #stayathome #stayhealthy #staysafe #corona #covid_19 #2020 #positivevibes @ Los Angeles, California https://t.co/rIWMMIz5yn|
| #Corona golf attire ğŸ˜ğŸ‘ @ Duran Golf Club, Cocoa-Rockledge https://t.co/G4tmjDpJnA|
| #corona golf attire @ Duran Golf Club, Cocoa-Rockledge https://t.co/7HuRGERjqK|
| Corona Cooking Night 8

Needed to use up a couple chicken breasts and some other odds and ends. The theme for my non-quarantine is to waste not and want not.

Shake 'n' Bake Chicken
Roasted Potatoes
Cornbreadâ€¦ https://t.co/YMvHIJ3fFf|
| Just a city gal on her fire escape, enjoying a few moments of magic hour with a satisfying Corona ğŸº before crawling back to the couch to reckon with corona. ğŸ˜· 
â€¢ â€¢ â€¢
Thank you, healthcare workers. Thank you, allâ€¦ https://t.co/k5ZfYt9Exh|
| I am getting SO good at this #bread thing! Look how pretty these lives are!! #quarantinelife #quarantine #baking #selfsufficient #covid #covid_19 #corona #coronavirus #chicago #rogerspark #home_cook #shelterinplaceâ€¦ https://t.co/FBM6oUNrJk|
| When Iâ€™m doing the home-schooling, this is on the curriculum! #covid #corona #coronavirus #dadlife #vinyl #records #dj @ Prosper, Texas https://t.co/AbIXNuUXwv|
| Just posted a photo @ Corona, California https://t.co/wchgf8YIPX|
| Corona ainâ€™t in chargeğŸ˜³ğŸ˜ˆ #worktobehadâš™ï¸â›“ğŸ›  https://t.co/ahtzwDD7H4|
| My bro steveyb_nyc deff got the right idea. #quarantine ğŸ¤·â€â™‚ï¸
.
.
.
.
.
#quarantinelife #quarantineandchill #coviÌ‡d19 #corona #fml #covidmemes #safemaskselfie  #safehands #facemask #pot #gangsta #northfaceâ€¦ https://t.co/1xeaUtQebU|
| Under the Corona Moon. #inkpaintings #Alcoholink #fullmoon #covid19art #coronavirus #coronamoon #fantasyart #alcoholinkartist @ El Paso, Texas https://t.co/CxlhNnorlG|
| Reminder:
This does not only apply to Marty
#corona #quarantine #stayhome #stayhomesavelives @ Quest Church https://t.co/tirHOoG6LP|
| Hey the shop is temporarily closed for services due to the corona https://t.co/oQCbiuSPIL we practice social  distancing 
However Our online store will remain open
 Online store orders only shipments  worldwide  time.  Weâ€¦ https://t.co/0Q0JW5d8n9|
| No not LeBron damn you corona virus jkğŸ˜‚. LeBron still getting his work out on Lakers for the win 2021. @ Quarantine https://t.co/9U9ryKD1jy|
| Had to find my mask for my shoot today so my bad to anyone who was waiting but

GIVEAWAY: So Iâ€™m giving away a free photoshoot to 1 person as part of my â€œITâ€™S CORONA TIMEâ€ contest. To be eligible you just gotta do 3â€¦ https://t.co/ebpKTehtao|
| I'm so glad my two youngest daughters aren't around to see this , they'd cried

All right Corona you been long enough
TIME TO BOUNCE BITCH @ Disney Store Michigan Avenue https://t.co/c1GPatp5Ic|
| Tb to when you could get Coronas and shutdown Madisonâ€™s before It was shutdown because of the Corona.

#sotheturntable #corona #nocoughgang #stimulated #shutdown
#quarantine = #Borentine @ Madison's Pub https://t.co/x3YlOaYw52|
| Reposted from @chefjoseandres 
.
This is the reality right now...I am in Corona, Queens &amp; people are hungry...wckitchen lines go to horizon. Food shouldnâ€™t be a problem...but the solution! In next legislation foodâ€¦ https://t.co/7cC6MzgGqk|
| My new 2020 corona work station. Order some All Saints Tattoo merch in the link in our bio, FREE local delivery in the greater Austin area! Just select it as your shipping method in checkout. Thanks for supporting usâ€¦ https://t.co/T5REKGfDNE|
| Can you tell the "before Corona Virus" and after shot? @ Seattle, Washington https://t.co/sKzSjjVbI4|
| Quarantine posture day 30ish...We year you Houston! Stress, tension, and long hours on the computer with terrible posture and ergonomics?? ğŸ˜© Corona is not good for Tech Neck!! But Donâ€™t worry guys, we got youâ€¦ https://t.co/FdS4e1h9nc|
| Take control of your life in all areas, use this Corona situation as your advantage. Don't become depressed and stop doing stuff. Use the situation to learn a skill, start a business, workout more, whatever it hasâ€¦ https://t.co/0PPgyVeNPN|
| I know I know its taco Tuesday  but.... who doesn't want these garlic butter fries togo?!?!?!
#garlicfries #cheflife #chefmode #boondockscorona #corona #ovenoflovestoveofpassion #fucktodd #yummycorona #chefchrisdalyâ€¦ https://t.co/sgh0vWCwzT|
| Letâ€™s try to keep positive! God bless us!! ğŸ‡§ğŸ‡· ğŸ‡ºğŸ‡¸ #corona #covid19 #spring #2020 #positivity #summervibes @ Anderson, South Carolina https://t.co/6fjOj0I1iT|
| @00PN00 doesn't have Corona Virus (we hope fingers ğŸ¤ğŸ¿) #stayhome #precovid19 #covid19 #coronavirus #preapocalypse #beforetimes #barclayscenter #brooklyn #prowrestling #wrapup #pnandfriends #pnisawesome for the fullâ€¦ https://t.co/yfeQvZ76l2|
| Corona NY Tue Apr 14th PM Forecast: TONIGHT Partly Cloudy Lo 31 SATURDAY Sunny Hi 41|
| New York New York gone dark with one tower showing a heart of hope.
@nynyvegas cityoflasvegas 
#lasvegas #vegas #covid #corona #quarantine @ New York - New York Hotel &amp; Casino Las Vegas https://t.co/d9RLt36XEX|
| BALLERZ! Athletes! Aspiring players and kids, come one come all! I am super excited to announce my partnership with Lyle Mitchellson to get all yâ€™all some savings during this #corona #pandemic this is greatâ€¦ https://t.co/60VbS1xlha|
| Hereâ€™s a link to volunteer at @sowreapfeed with @KeithElliott28 and @leighannblalock #UntilEverybodyEats https://t.co/IYNERKzUtv @ Jackson, Mississippi https://t.co/T235MSChja|
| Southern Arizona Independent Film Festival was postponed to late summer due to Corona Pandemic. But It has announced some jury awards today (Except Audience Favorite Award), and KADDISH  ( the film I did in 2019 )â€¦ https://t.co/WGhEKn7pTj|
| Still putting in this work. Canâ€™t let the muscles get too soft! 
.
.
.
.
.
.
.
.
.
.
#act #actor #actorslife #blackactors #audition #auditions #selfcare #selftape #work #workout #ncis #quarantine #coronaâ€¦ https://t.co/zWitz96Zxm|
| Take an opportunity to enjoy HOME! I hear thereâ€™s no place like it!  #covÄ±d19 #corona #churchstreeteast #downtownmobile #mobilealabama #downtownmobileal #ukulele #ukulelecover #ukulelecovers #banjoleleâ€¦ https://t.co/Z02Ya1Fjnv|
| #Repost @00PN00 (@get_repost)
ãƒ»ãƒ»ãƒ»
@00PN00 doesn't have Corona Virus (we hope fingers ğŸ¤ğŸ¿) #stayhome #precovid19 #covid19 #coronavirus #preapocalypse #beforetimes #barclayscenter #brooklyn #prowrestling #wrapupâ€¦ https://t.co/deSOoC4eqs|
| Just the corona kill the city ğŸ’”ğŸ’” https://t.co/tRPlym05OS|
| No Touching: Love in the time of Corona. https://t.co/NWj3Q3R7n8 https://t.co/jue8tKHBJS|
| I made kingarthurflour recipe for Sourdough Chocolate Cake for Easter &amp; it did not disappoint. In fact, none of their recipes do. Iâ€™ve made quite a few of them during our corona quarantine because Iâ€™m looking forâ€¦ https://t.co/mEIMoUYIr6|
| Sidewalk art says it all. From the heart my friends. Hope all are safe &amp; feeling healthy...
#love #community #healthy #corona #breathe #art #handmade #stayhome @ Washington D.C. https://t.co/klR6fJ9xYw|
| #PainOnPaper #RealLove #IfIDiedTomorrow #BlakkNoize #Carrtel #Poetry #Corona #Covid19 #Lockdown @ Austin, Texas https://t.co/I32HYudUBN|
| Fact: Dogs have no idea what a corona virus is #happy #free #noworries @ Nashville, Tennessee https://t.co/kpFE8ypKId|
| When you pretend that life is a beach.. even in Corona. @ Cold Beer Atlanta https://t.co/pmhDQtKkFY|
| We are joined by mike_sena for another quarantine edition episode of Around The World with The He &amp; She Show - we talk with him about #rvlife #corona and hear some amazing life stories! Now live anywhere podcasts canâ€¦ https://t.co/AuH2LMuKDo|
| #covid19 #corona #coronamemes 
#NoNaziJoe 
#rEvolution 
#impassive 
#thebeginningisnear 
#FAaFO 
#BernieOrRevolution 2020 ğŸ’¯
#BernieSanders #Bernie2020
#Squad2020 #Trump is fucked
#FridaysForFuture #loveâ€¦ https://t.co/Ve9h1ivRhR|
| Corona diaries #coronadiaries2020 #robordonez #timeoutnewyork #artonlink #staysafe #alonetogether #onenewyork @ Rob Ordonez Photography https://t.co/w5gAbVFDCy|
| â€œChance to change your wayyyyyz..â€ #iparkmusic #oobang #coronavirus #corona #life #live #love #fam #family @ IPARK MUSIC CO. https://t.co/YgtkYfBzps|
| Tonightâ€™s drink special at @Hartung_madison 21st bday are corona crush martinis. A splash of peach schnapps, vodka, orange crush and grenadine. A truly special concoction made up by me! Lol! Gotta go with whatâ€™sâ€¦ https://t.co/W9Y6S2fefi|
| Need some help with the other one behind your, Dr. Fauci? Iâ€™m not doin anything right now ğŸ¤­ #corona @ Plano, Texas https://t.co/0aOAaryiuS|
| â€œCompletely understanding this form will determine your business future as of today...â€ #iparkmusic #corona #coronavirus #familytime #Love #life @ IPARK MUSIC CO. https://t.co/HpRZofzaVj|
| What's for breakfast tomorrow? Steve and Kathy from the Cowboy Surfer in Corona are offering a very cool option breakfast for those who want to order a large morning meal to go at a reasonable price: Breakfast forâ€¦ https://t.co/pEvSUWf9W7|
| STOP PROCRASTINATING! HANDLE YOUR BUSINESS! Show all of the GREATNESS being stored inside of youğŸ’ªDont let Corona break you!...Take this time to follow some of your DREAMS #dreamsdocometrue #motivationâ€¦ https://t.co/7E5Vl6PceA|
| Me calling Corona: â€œYou say the current wait time will be how long???â€ ğŸ˜©ğŸ˜· 
â€¢
â€¢
â€¢
â€¢
Flashback to a time where you could roam the Earth freely. ğŸ’ğŸ„ğŸ¾ Chicago #StayHomeSaveLives #QuarantineArtClub #microinfluencer @â€¦ https://t.co/04RUxr8SfG|
| Ridin' 85 Ep. 22 (B.C. BEFORE CORONA) || The 85 South Show  https://t.co/lDGU8W8lMi|
| I am so grateful for this guy. Heâ€™s been so patient and wonderful during this strange time. Iâ€™m so lucky. 
.
.
.
#blessed #happilyeverafter #happilymarried #husband #hubby #justsayjenny #corona #newnormalâ€¦ https://t.co/wYKmVeGD0P|
| Corona delay â€˜20. Time to get back to work soon. ğŸ‡ºğŸ‡¸ needs âš¾ï¸ @MLB milb @whitesox chasekrogman_ @ Lake Saint Louis, Missouri https://t.co/b5GezhJRYs|
| There my be germs on some of these birds but their ain't no germs on me ğŸ˜‚ğŸ˜‚ğŸ˜‚  All jokes aside #staysafe #covid #corona #doubleglove #coveryourmouth #sanitize #socialdistancing @ Atlanta, Georgia https://t.co/1FYKsmeFFw|
| Stuck in the house and watching movies wit my boy. This ainâ€™t so bad after all. ğŸ–¤ğŸ–¤ #fatherhood #blancoboys #corona #quarantine @ Glen Allen, Virginia https://t.co/XJgZ1ebKiv|
| Corona Cooking Night 9

Its Taco Tuesday but I decided to explore other ways of making tacos. Tonight we're having a deconstructed taco plate.

Carne Asada
Quesadillas
Refried Beans
Spanish Rice
Fresh Salsa
Greenâ€¦ https://t.co/MZOwCGjyRk|
| REVELATION 9:20
20 The rest of mankind who were not killed by these PLAGUES( Corona Virus) STILL DID NOT REPENT of the work of their hands; they did not stop worshiping demons, and idols of gold, silver, bronze,â€¦ https://t.co/4WFOJL94tl|
| I feel like Iâ€™m losing my rind ğŸ‰ â¤ï¸ğŸ’š 

#mua #makeup #watermelon #corona #makeupartist #mue #anastasiabeverlyhills #bhcosmetics #morphe #morphebrushes #morphebabe #elf #toofaced #profusioncosmetics #profusion #narsâ€¦ https://t.co/3T2GCcM9Bj|
| Cinematographer filming no one in an empty room.                                        .
.
.
.
.
#corona #covid19 #socialdistancing #artists #findaway #create #emptynewyork #nyc #manhattan @ One World Trade Center https://t.co/OxPqM3mXpK|
| Happy Birthday in the time of Corona: from backyard meals &amp; The Office finale tears-to tirelessly working at her own makeshift office-Iâ€™m in constant awe &amp; wonder of this strong &amp; graceful woman I get to marry thisâ€¦ https://t.co/lkBdbeUeYV|
| #flattenthecurve #socialdistancing #corona #love #community #communityovercorona #berniesanders #covoid19 #communityovercoronavirus #workfromhome #anxiety @ The Herculean https://t.co/LYeQSegsVK|
| Even the characters in my video games are over this covid-19/corona virus &amp; quarantine ğŸ‚ğŸ’©
...
dyinglight warnerbrosentertainment
#overit #coronavirus #facemask #dyinglight #gamehumor #quarantinelife #quarantineâ€¦ https://t.co/G5BY6jEcnL|
| Street Signs, Corona, Queens, NY and Rego Park, Queens, NY #streetsigns #coronaqueensnyc #regoparkqueensnyc #coronaqueens #corona #queens #regoparkqueens #regopark #queens #nyc #nofilter #unedited #canon77dâ€¦ https://t.co/j5md6xt0TF|
| Ahhh Robin, such a wise man... miss you ğŸ’« #robinwilliams ğŸ’« #quarantine #corona #2020 #toiletpaper @ Walnut Creek, California https://t.co/dCXKnuQ3Ua|
| Link in the Bio for Full Eps.: 
https://t.co/mLfFMXT0my 
SUBSCRIBE, LIKE, SHARE, COMMENT 
#podcast
#zmbsqd 
#zombieapocalypse
@glennericnelson
@glennericnelson
#comics 
#quarantine 
#nvrdun
#isolation 
#coronaâ€¦ https://t.co/pavdgD4sCx|
| Thanks to both our sisters who are on the front lines of all of this!  Stay save while you are out there saving lives! #coviÌ‡d19 #corona #nurse #thankful #stayhome #flattenthecurve #theclubmomteam @ Loveland, Ohio https://t.co/x3nxWNmzrG|
| Tuesday twinsanity I see double Deaspool on the loose. We're taking over cons like there's no tomorrow. Howcome we're didn't infected the Corona virus. Oh, wait I can't die. We both got a healing factor and wearâ€¦ https://t.co/7wThIlhOTG|
| â¤ï¸Community over Corona, Support local Business, Elko County Strong â¤ï¸
â€¢
We are all in this together! When you support a local business...you are supporting a family, a friend, a community! Businesses new andâ€¦ https://t.co/tBYlliYpYD|
| Corona At-Home Workout
Day 34
Wednesday, 4/15/3020

Every 5 minutes for Times:
4 Rounds
400 meter Run
30 Air Squats

#StrongerTogether #AtHomeWorkout #Coronavirus #CrossFit #Dallas #Fitness #Exercise #Health #Dietâ€¦ https://t.co/g41Gy6Hwqp|
| Power thought of the day: Go with the flow, prioritize, do your best and most importantly enjoy the little things. #powerthoughtoftheday #tap #class #flow #doyourbest #stayhome #staysafe #stayhealthy #coronaâ€¦ https://t.co/zUyZPmFkOE|
| My thoughts exactlyğŸ˜›ğŸ™#lifecantwait #future #bettertomorrow #corona #covid #nyc #mylife #followme #hopeful #wishes #ny @ Manhattan, New York https://t.co/AIErErSYxx|
| Mr. Galoâ€™s private hiphop lesson is looking great with her dance!!!ğŸ¤©ğŸ¤©ğŸ¤¯ I mean just check out those moves!!!ğŸ¤ªğŸ¤ª #hiphop #hiphopdance #hip #hop #lesson #private #moves #stayhome #staysafe #stayhealthy #corona #virusâ€¦ https://t.co/wEGBjBsVsD|
| Why six feet?Â Is that really far enough to protect you and others?
.
.
.
#empirestatebuilding #esb #madisonsquarepark #citygrammers #illtones #coronavirus #corona #virus #isolation #COVID19 #emptystreets #emptynycâ€¦ https://t.co/hU2BqrP2Q4|
| ğŸ¾ğŸ¾ğŸ¾ HUGE SHOUTOUT TO Von'Colby Ardoin FOR YOUR PATIENCE DUE TO THIS  CORONA VIRUS ğŸ¦  WE HAD TO MAKE DIFFERENT ARRANGEMENTS TO HAVE THIS BEAUTIFUL SHIPOO PUPPY SHIPPED FROM NORTH CAROLINA TO LOUISIANA â€¼ï¸â€¼ï¸â€¼ï¸ THE WAIT ISâ€¦ https://t.co/OxZw94k01Z|
| Corona got me like! #coronavirus  #covid19 @ Los Angeles/Hollywood California https://t.co/qfpwWtv9kb|
| Lots of folks with way to much alone time.

#covid19 #coronavirus #corona #quagmire #vaseline #porn #internet #familyguy #quarantine #art #actor #atlanta #miami #seattle #losangeles #la #newyorkcity #ny #bostonâ€¦ https://t.co/npWVCLKIJf|
| KBEV Crew producing the Corona Virus Special.
#crew #corona @ Beverly Hills, California https://t.co/E93BbWTtfQ|
| Mrs. Elisaâ€™s 6pm adult ballet class is staying on their toes and keeping their heads up!!ğŸ¤©ğŸ¤©ğŸ¤£ Looks like theyâ€™re keeping their arms up tooğŸ¤£ #ballet #class #adult #stayhome #staysafe #stayhealthy #corona #coronavirusâ€¦ https://t.co/fuqRL8uUfi|
| #flattenthecurve #socialdistancing #corona #love #community #communityovercorona #berniesanders #covoid19 #communityovercoronavirus #workfromhome #anxiety @ The Herculean https://t.co/mkyHsywHiz|
| â¤ï¸Community over Corona, Support local Business, Elko County Strong â¤ï¸
â€¢
We are all in this together! When you support a local business...you are supporting a family, a friend, a community! Businesses new andâ€¦ https://t.co/VzWhsN1jIg|
| #covid19 #corona #coronamemes 
#NoNaziJoe 
#rEvolution 
#impassive 
#thebeginningisnear 
#FAaFO 
#BernieOrRevolution 2020 ğŸ’¯
#BernieSanders #Bernie2020
#Squad2020 #Trump is fucked
#FridaysForFuture #loveâ€¦ https://t.co/SFYWf2ozzU|
| Trump should be authentic (true to his values).  Corona virus threatens 1% of the population.  Unemployment threatens 100% of the population. @ Logan County, West Virginia https://t.co/iZ8GiHYOfq|
| During this daily home broadcast period Iâ€™ve learned so many efficiency workflow improvements.  Some that Iâ€™ll be taking back to the studio.  Some I will not.
#corona #shelterinplace @ Roseville, California https://t.co/gr2hV3mVDA|
| For those of you that didnâ€™t see the 11:00 P.M.  news last Wednesday...I had what some believe was a concussion. I was on my way to host a Virtual Open House for my listing in Corona.  Thanks to @sociallysavvypr andâ€¦ https://t.co/vYnYdKsfyk|
| Take a look at yourself in the mirrorğŸ¤ #corona #tiktok @ New Orleans, Louisiana https://t.co/dVTwk210QJ|
| If a bat didnâ€™t start the baby back bitch #CoronağŸ¦ ğŸ¦ ğŸ¦  I bet a punk ass pigeon started it. - Drinking a Feeding Pigeons by @monkishbrewing @ Hermosa Beach - The Strand  â€” https://t.co/c34ShtT7KE|
| daniel &amp; i canâ€™t really celebrate â€œoutâ€ today. thanks Corona.
Daniel broke his toe and sprained his knee yesterday morning, so he took today and slept off some of the pain.
i worked. thenâ€¦ https://t.co/rZgd707xTn|
| Find your beach. #corona #medicine @ Plano, Texas https://t.co/dXXhV1pU0l|
| Rest LA soon weâ€™ll be back at it. #dorothychandlerpavilion ginnigabu #sunset #sunsets #lockdown #corona #socialdistancing #emptystreets #overpass #traffic #emptystreet #empty #downtown #downtownla #citystreetsâ€¦ https://t.co/311cHuGlRo|
| Getting out of the house and exercising. Praying and missing our city. @foxandfriends  foxnews #covid #corona #exercise #scooting #love #socialdistancing @ Long Island, NY https://t.co/wKN0u4LDmR|
| #picturepeoria2020 :: Day 14 :: Old ::  Now *here* is something old. And that Smith-Coronaâ€™s no spring chicken either. #old #typewriter  ğŸ“¸: rachel_bean_photography @ Peoria, Illinois https://t.co/ECFJ82QqcS|
| Unfortunately because of the corona virus  quarantine and social distancing we will not be having our regular service this month. BUT we will host a Praise Party with @JIJISWEET live on Facebook andâ€¦ https://t.co/Gv5xCZypG3|
| Men working hard last few days preparing for the unknown future of the sport they love. Proud of all these young men taking the initiative during the times we find ourselves in. #work #corona #SOT #proud @ Kingwood,â€¦ https://t.co/zMmgRkZhgC|
| #cars #trees #corona @ West Hartford, Connecticut https://t.co/DOiO2qsaxH|
| Corona CA Tue Apr 14th PM Forecast: TONIGHT Mostly Clear Lo 49 WEDNESDAY Mostly Sunny Hi 78|
