,tweet,sentiment,tweet.1,location
0,social distance lol â€”â€”â€”â€”â€”â€”â€”â€”â€”â€”â€”â€”â€”â€”â€”â€”â€”â€”â€”â€”â€”â€”â€”â€”â€”â€”â€” corona virus work quarantine dog pet party whiteparty hug atitude love designer fashion style stylist bulge safe socialdistancingâ€¦,0.4583333333333334,"SOCIAL DISTANCE 

LOL

â€”â€”â€”â€”â€”â€”â€”â€”â€”â€”â€”â€”â€”â€”â€”â€”â€”â€”â€”â€”â€”â€”â€”â€”â€”â€”â€” .
.
.
.
.
.
.
.
#corona #virus #work #quarantine #dog #pet #party
 #whiteparty #hug #atitude #love #designer #fashion #style #stylist #bulge  #safe #socialdistancingâ€¦ https://t.co/f0kD58cu4W",New York
1,need lime drinking corona extra grupomodelo mx death star â€”,0.1,I really need limes - Drinking a Corona Extra by @GrupoModelo_MX @ Death Star  â€” https://t.co/frJlirvojo,Pennsylvania
2,covid nineteen corona virus style everett washington,0.0,"COVID-19 corona virus with style!! @ Everett, Washington https://t.co/oR1rFmsgUa",Washington
3,developed 1st roll film â€¢ â€¢ turtlewuzhere nyphotographer nyc photographer pentax film filmphotography potd quarantine series corona virus blackandwhite instapic photography instadaily kodakâ€¦,0.15625,"DEVELOPED MY 1ST ROLL OF FILM!! 
â€¢
â€¢
#turtlewuzhere #nyphotographer #nyc #photographer #pentax #film #filmphotography #potd #quarantine #series #corona #virus #blackandwhite #instapic #photography #instadaily #kodakâ€¦ https://t.co/yNNZT8BEqg",New York
4,corona virus got like bandana misterbandana wildwildwest maskedman coronatimes coronavirusgotmelike crazytown safe gulf shore alabama,0.5,"Corona Virus got me like.  Bandana by misterbandana #wildwildwest #maskedman #coronatimes #coronavirusgotmelike #crazytown #safe @ Gulf Shores, Alabama https://t.co/WUpbt4Dsf4",Alabama
5,stop easterbunny job done happy rabbit face day quarantine corona virus two thousand and twenty walnut creek california,0.8,"Nothing can stop the #EasterBunny The job is done! Happy ğŸ° Day #quarantine #corona #virus #2020 @ Walnut Creek, California https://t.co/gVtoZp8niG",California
6,yall know motto evolver five thousand now link bio add playlist yall know ep five song giving yall update corona virus remain safe butâ€¦,0.1875,"If you up yall know the motto. 
Evolver 5000 is out now.
(link in bio)

Also add me to your playlist. 
Yall know the EP has 5 songs.... 

Just giving yall a update. Due to the corona virus. Have to remain safe.
Butâ€¦ https://t.co/k95hMadPa3",South Carolina
7,sign postbrand ad lajolla california corona la jolla,0.0,There are signs everywhere #postbrand #ads #lajolla #california #corona @ La Jolla https://t.co/dYmvFebXDt,California
8,past photoshoot post project corona couldnt resist face with tears of joy clapping handsmedium-light skin tone clapping handsmedium-light skin tone clapping handsmedium-light skin tone giant clapping handsmedium-light skin toneclapping handsmedium-light skin toneplanters project labor love it completely yet areâ€¦,0.05,"Once you get past the photoshoot of our post-project Coronaâ€™s... I couldnâ€™t resist ğŸ˜‚ ğŸ‘ğŸ¼ We ğŸ‘ğŸ¼ Made ğŸ‘ğŸ¼ Giant ğŸ‘ğŸ¼ğŸ‘ğŸ¼Planters! This project has been a labor of love and while itâ€™s not completely done yet, we areâ€¦ https://t.co/EOt2fToC8I",Washington
9,friday night rona corona flagstaff orpheumtheatre arizona blackandwhite photography amateurphotography friday stayhome stayhealthy staysafe flagstaff arizona,0.0,"Friday Night Rona
.
.
.
.
.
.
.
.
.
.
.
#corona #flagstaff #orpheumtheatre #arizona #blackandwhite #photography #amateurphotography #friday #stayhome #stayhealthy #staysafe @ Flagstaff, Arizona https://t.co/6U6WTmbV8F",Arizona
10,wondering grocery store shelf corona chocolate ilovechocolate grinning squinting facegrinning squinting facegrinning squinting facegrinning squinting face covid19 staysafestayhome staysafe stopeating zany facezany facezany face south pasadena california,0.35,"I was wondering why the grocery store shelf was full of those #corona #chocolate #ilovechocolate ğŸ˜†ğŸ˜†ğŸ˜†ğŸ˜† #covid19 #staysafestayhome #staysafe #stopeating ğŸ¤ªğŸ¤ªğŸ¤ª @ South Pasadena, California https://t.co/zTEC0kaGCh",California
11,staying work you stay home u curb pickup takeout togo order free delivery eight 30am midnight stayathome lovela savelives coviÌ‡d19 corona mask coverfaceâ€¦,0.4,"We are staying at work for you, please stay at home for us. We do have curb pickup, takeout , togo order and free delivery 8.30am to midnight #stayathome #LoveLA #savelives #coviÌ‡d19 #corona #mask #coverfaceâ€¦ https://t.co/3XLoJ6oYDk",California
12,corona got world like atreyu fighting nothing san diego california,0.0,"Corona got the world like, atreyu fighting the nothing! @ San Diego, California https://t.co/odupQZulqZ",California
13,philly man wearing face mask dragged philadelphia bus handled it bbbb corona stayhome quarantine quarantineandchill philadelphia pennsylvania,0.0,"Meanwhile in Philly. A
man not wearing a face mask was dragged off #Philadelphia bus. How would you had handled it??                 Bbbb#corona #stayhome #quarantine #quarantineandchill @ Philadelphia, Pennsylvania https://t.co/y0avIIDEjq",Pennsylvania
14,corona journal begun bit late start never took moment long post work bike ride waterfront plenty healthy folk out exercising maintaining social distance â€¦,0.04583333333333334,"The Corona Journals have begun (bit of a late start, but now or never).
Took a moment after a long post - work bike ride on the Waterfront. Plenty of healthy folks out, exercising while maintaining social distance.â€¦ https://t.co/qo1mkSBKds",Oregon
15,"ğŸ‡ºğŸ‡¸ ten day forecast fifty thousand, four hundred and eighty-three dead wave one hundred and twenty-three day nine million, three hundred and seventy-six thousand, one hundred and fifty-six case one hundred and thirty-one thousand, two hundred and sixty-six death case double five six day red heartï¸ life count pls stayathome hospital chart increasing",-0.06666666666666668,"ğŸ‡ºğŸ‡¸ US

10 day forecast of 50,483 dead. This wave may last 123 days and see 9,376,156 cases and 131,266 deaths. Cases double every 5.6 days.

â¤ï¸ Every Life Counts, Pls #StayAtHome

ğŸ¥: https://t.co/an5Q5LWRAu
ğŸ“ˆ: https://t.co/c0cjARzST8",Kansas
16,destiny unchanged â€¢â€¢unlessâ€¢â€¢ ' change friend photoshoot master corona summer instafashion indianfashionblogger cool black followme cristianoronaldogoals success family art photoofthedayâ€¦,0.1611111111111111,"__DesTinY unChanGed â€¢â€¢UNLESSâ€¢â€¢ i'M The ChanGE___

#friends #photoshoot #master #corona #summer #instafashion #indianfashionblogger #cool #black #followme #cristianoronaldogoals #success #Family #art  #photoofthedayâ€¦ https://t.co/ryekbXN5Es",Nevada
17,incident 7line 103rd street corona plaza station 42nd street time square station,0.0,Incident on #7Line from 103rd Street-Corona Plaza Station to 42nd Street-Times Square Station https://t.co/jdRRJ4jUIR,New York
18,incident 7line 103rd street corona plaza station 42nd street time square station,0.0,Incident on #7Line from 103rd Street-Corona Plaza Station to 42nd Street-Times Square Station https://t.co/FPzWEC7Ckt,New York
19,incident 7line 103rd street corona plaza station 42nd street time square station,0.0,Incident on #7Line from 103rd Street-Corona Plaza Station to 42nd Street-Times Square Station https://t.co/POkh9I5jUo,New York
20,hope much needed taste home recipe testing freshly simple syrup amp almond milk favorite coffee survivalmode blackcatscafe tasted better jack-o-lanternâ € corona noreaster day 3â€¦,0.325,"HOPE: A much-needed taste of home! Recipe testing freshly made simple syrup &amp; almond milk with our favorite coffee from https://t.co/4Fp71KldBm. #SurvivalMode at #BlackCatsCafe never tasted better... 
ğŸƒâ €
Corona Norâ€™easter day 3â€¦ https://t.co/Fno1Wgl5ED",Maine
21,dave moreno red heartï¸musical notessign of the hornslight skin tonefire puddleofmudd davemorenodrums drum drummer drummerlife drummer drummersofinstagram easter corona coronavid19 coronavirus family love supporteachother rock alternativerock yourâ€¦,0.5,Dave Moreno â¤ï¸ğŸ¶ğŸ¤˜ğŸ»ğŸ”¥ #puddleofmudd #davemorenodrums #drums #drummers #drummerlife #drummer #drummersofinstagram #easter #corona #coronavid19 #coronavirus #family #love #supporteachother #rock #alternativerock @ Yourâ€¦ https://t.co/DLfmyB68of,Missouri
22,xuux â€œ when divine good practiced life bliss bliss is normal condition good â€ fleur-de-lisï¸person fencing ingodwetrust easter access racist racism reparation covid corona rona2020 brooklyn litdifferentâ€¦,0.5166666666666666,"#XUUX â€œWhen #divine #good is #practiced, #life is #bliss. Bliss #is the #normal #condition of the goodâ€. âšœï¸ğŸ¤º#InGodWeTrust #Easter #access #racist #racism #reparations #covid #corona #rona2020 #brooklyn #litdifferentâ€¦ https://t.co/3fn4DCwie4",New York
23,happy easter family yours hopefully year world celebrate better circumstance folded handsmedium-light skin tonebeating heartrabbit face corona coronavirus momsofigâ€¦,0.5,"Happy Easter from my family to yours!! 
Hopefully next year the world will celebrate  under better circumstances ğŸ™ğŸ¼ğŸ’“ğŸ°
.
.
.
.
.
.
.
.
.
.
.
.
.
.
.
.
.
.
.
.
.
.
.
.
.
.
.
.
.
.
.
.
#corona #coronavirus #momsofigâ€¦ https://t.co/9VwVEMCUIJ",Florida
24,corona ny sun apr 12th forecast today cloudy hi forty-five tonight partly cloudy lo thirty-one,0.5,Corona NY Sun Apr 12th AM Forecast: TODAY Mostly Cloudy Hi 45 TONIGHT Partly Cloudy Lo 31,New York
25,corona hold sway ' kitchen especially eastermorning happy easter everyone quarantinekitchen southernboyeating southerncooking chickenwings grit sundaybreakfast sundaymorningâ€¦,0.5,#Corona holds no sway when I'm in my kitchen especially on #eastermorning Happy Easter everyone!  #quarantinekitchen #southernboyeating #southerncooking #chickenwings #grits #sundaybreakfast #sundaymorningâ€¦ https://t.co/89oLHaboNM,Alabama
26,corona messing up easter bunny appearance rabbit facerabbit facerabbit face happyeasterrabbit face coal hollow pennsylvania,0.05,"May not have been much with Corona messing everything up, but the Easter Bunny made an appearance ğŸ°ğŸ°ğŸ° #happyeasterğŸ° @ Coal Hollow, Pennsylvania https://t.co/gjRI6468FX",Pennsylvania
27,sortez couvert folded handsmedium-light skin tone face mask samandlavi covid corona virus protection safety humanity pandamic mouradzaoui los angeles california,0.0,"Sortez couvert ğŸ™ğŸ¼.                                         Face mask by samandlavi #covid #corona #virus #protection #safety #humanity #pandamic #mouradzaoui @ Los Angeles, California https://t.co/nDogAQdqxx",California
28,ã‚¢ãƒ¼ãƒ†ã‚£ã‚¹ãƒˆã®æ–¹ã€…ã‚‚ä»Šå¤§å¤‰ãªæ€ã„ã‚’ã•ã‚Œã¦ã„ã‚‹äº‹ã¨æ€ã„ã¾ã™ artist hit corona seattle reasontogooutside butoh butohdance sleepingbeauty cultureday èˆè¸ ã‚·ã‚¢ãƒˆãƒ« ã‚¢ãƒ¡ãƒªã‚«ç”Ÿæ´» seattle washington,0.0,"#ã‚¢ãƒ¼ãƒ†ã‚£ã‚¹ãƒˆã®æ–¹ã€…ã‚‚ä»Šå¤§å¤‰ãªæ€ã„ã‚’ã•ã‚Œã¦ã„ã‚‹äº‹ã¨æ€ã„ã¾ã™ #artists are another one hit by corona #seattle #reasontogooutside #butoh #butohdance #sleepingbeauty #cultureday #èˆè¸ #ã‚·ã‚¢ãƒˆãƒ« #ã‚¢ãƒ¡ãƒªã‚«ç”Ÿæ´» @ Seattle, Washington https://t.co/bvV6yTozhF",Washington
29,finally released mother drdlandscape1 month quarantine going lie month scariest time life mother caught corona watch life threatening fightâ€¦,0.0,They finally released my mother @drdlandscape1 from a month quarantine. I am not going lie this month was the scariest time in my life. To find out your mother caught Corona and watch her in a life threatening fightâ€¦ https://t.co/HiiPVkbxsi,Florida
30,9am day madonnamahabarata conscious consciousdaily corona theatricalemergency emergencymirthresponder hell'â€¦,0.175,"9AM, On my first day: MADONNAMAHABARATA 
https://t.co/hBddN2G2i5 #CONSCIOUS #consciousdaily #corona #theatricalemergency #emergencymirthresponder @ Hell'sâ€¦ https://t.co/XOcU1Ndb3Z",New York
31,corona girl westminster massachusetts,0.0,"Corona girl @ Westminster, Massachusetts https://t.co/Kj97oYOPs7",Massachusetts
32,loss loved corona easter little different year making adjustment choose spend it cherish second it â€¦,0.128125,"Between a loss of a loved one or Corona, Easter is a little different this year. We all are making adjustments so however you choose to spend it, please cherish every second of it.â€¦ https://t.co/ubE9X8x3Kk",Louisiana
33,kid playing basketball basketballperson gesturing NOlight skin toneâ€male signï¸ morning walk corona shutdown lockdown quarantine chicago metropolitan area,0.0,"How you keep #kids from playing #basketball ğŸ€ğŸ™…ğŸ»â€â™‚ï¸.
.
.

#morning #walk #corona #shutdown #lockdown #quarantine @ Chicago metropolitan area https://t.co/BAOIshWBoK",Illinois
34,hello girl boy promised easter puzzle time corona muzzle look world wide web painting easter egg bunny nuzzle p â€¦,-0.05,"Hello girls and boys,

I made the promised Easter puzzle,
Time to take off your Corona muzzle,
You can look on the World Wide Web,
Or do it after painting an Easter egg.
The bunny is the only one you may nuzzle.

PS:â€¦ https://t.co/oFHrJiFfA7",Rhode Island
35,happy easter teddy unfortunately corona lockdown were closed improvise basket year got treat happy soon lockdown spoiledâ€¦,0.3875,"Happy Easter, Teddy!!! Unfortunately due to the Corona Lockdown weâ€™re closed ! I had to improvise on the basket this year. Once he got the treats he was happy. As soon as the lockdown is over he will be spoiledâ€¦ https://t.co/38SSAwgLAF",Kentucky
36,catch dont burned charmander pokemon socialdistancing corona onesie hyde park chicago,0.0,"Catch me if you can but donâ€™t get burned. #charmander #pokemon #socialdistancing #corona #onesie @ Hyde Park, Chicago https://t.co/V2vqUJHTCq",Illinois
37,' post fictional thanks corona can ' hunt easter egg we easter hunting vr new thing two thousand and twenty Ê… ï½¥à¸´Ğ´ï½¥à¸´ Êƒ finally played vr kingdom heart experienceâ€¦,0.09659090909090907,"'s post
.
.
F for fictional 
.
Thanks to corona we can't go out and hunt for some Easter eggs! Or can we? Easter hunting VR is the new thing in 2020. Ê…(ï½¥à¸´Ğ”ï½¥à¸´)Êƒ
.
Also finally played the VR Kingdom Hearts experienceâ€¦ https://t.co/S3ZxTu3imi",New York
38,easter breakfast quarantine corona easter indian fishin ' lake,0.0,Easter breakfast #quarantine #corona #easter @ Indian Fishin' Lake https://t.co/bC7D1Uj3fd,West Virginia
39,hello girl boy promised easter puzzle time corona muzzle look world wide web painting easter egg bunny mayâ€¦,-0.05,"Hello girls and boys,

I made the promised Easter puzzle,
Time to take off your Corona muzzle,
You can look on the World Wide Web,
Or do it after painting an Easter egg.
The bunny is the only one you mayâ€¦ https://t.co/GKIVYM83m3",Rhode Island
40,risen dead stone rolled away stay home safe corona free easter day amen happy easter easter bunny rabbit facehatching chickrabbit facehatching chickrabbit facehatching chickrabbit facehatching chickrabbit face cedar park texas,0.5333333333333333,"He is risen!
He is not dead, 
For the Stone has rolled away. 
Stay at home and have a safe, 
Corona-free Easter Day. 
Amen. 

Happy Easter, Easter Bunny! 
ğŸ°ğŸ£ğŸ°ğŸ£ğŸ°ğŸ£ğŸ°ğŸ£ğŸ° @ Cedar Park, Texas https://t.co/LbJBvMN6v3",Texas
41,fuck corona virus middle fingermedium-light skin tonemicrobe harlem,-0.625,FUCK CORONA VIRUS!! ğŸ–•ğŸ¼ğŸ¦  @ Harlem https://t.co/a7055cVQ2k,New York
42,corona ca sun apr 12th forecast today chance shower hi sixty-two tonight chance shower lo fifty,0.0,Corona CA Sun Apr 12th AM Forecast: TODAY Chance Of Showers Hi 62 TONIGHT Chance Of Showers Lo 50,California
43,watched cardinal dolan morning beautiful person reminds feel life brings emptiness corona covid fox cardinal church foxandfriends foxnews cardinaltimothymdolan â€¦,0.4,Watched Cardinal Dolan this morning. He is such a beautiful person. Reminds us we can still feel full when life brings emptiness. #corona #covid #fox #cardinal #church @foxandfriends foxnews cardinaltimothymdolan @â€¦ https://t.co/4UUTJyXjef,New York
44,happy birthday homie broski brother mother ive shared wonderful memory shall talk loud know corona shit ruined â€¦,0.4142857142857143,"Happy birthday my homie, my broski.  Brother from another mother. With you Iâ€™ve shared some of the most wonderful memories, and most of them we shall not talk about out loud.  I know this whole corona shit ruined aâ€¦ https://t.co/n5CiOV2n6z",Michigan
45,wear mask ppe stock ready ship proceeds global giving corona virus relief fund link bio order folded hands los angeles california,0.1,"Wear your mask! We have PPE in stock and ready to ship, proceeds go to Global Giving, Corona Virus Relief Fund, link in bio to order ğŸ™ @ Los Angeles, California https://t.co/XSqmAd6eei",California
46,happy easter staying work you stay home u curb pickup takeout togo order free delivery eight 30am midnight stayathome lovela savelives coviÌ‡d19 corona maskâ€¦,0.6000000000000001,"Happy Easter . We are staying at work for you, please stay at home for us. We do have curb pickup, takeout , togo order and free delivery 8.30am to midnight #stayathome #LoveLA #savelives #coviÌ‡d19 #corona #maskâ€¦ https://t.co/SE9xnXxLXH",California
47,resurrection life john eleven twenty-five corona california,0.0,"I am the resurrection and the life. (John 11:25) @ Corona, California https://t.co/FOZoEyYNZr",California
48,hermosabeach way venicebeach single person beach water la it part pacificocean flattenthecurve lockdown corona socialdistancing manhattanbeachâ€¦,0.03571428571428571,From #hermosabeach all the way to #venicebeach not a single person on the beach or in the water. LA doing itâ€™s part. #pacificocean #flattenthecurve #lockdown #corona #socialdistancing #manhattanbeachâ€¦ https://t.co/is2QfOKB4S,California
49,rainy stormy weather san diego weekâ€¦ caught sunrise early april health happiness friend amp family easter prayer affected corona san diego california,0.4,"Rainy, stormy weather in San Diego this weekâ€¦ caught this sunrise early April. Health and happiness to our friends &amp; family this Easter, and prayers for all affected by corona. @ San Diego, California https://t.co/QbU41Bawc7",California
50,covid nineteen boost surveillance society corona covid19 washingtondc bnw washingtonmonument bnwphoto bw jogger joggerpants surveillance blackandwhitephotography blackandwhite themall homelandâ€¦,0.0,"Covid-19 boosts surveillance of society. 

#corona #covid19 #washingtondc #bnw #washingtonmonument #bnwphoto #bw #joggers #joggerpants #surveillance #blackandwhitephotography #blackandwhite #themall #homelandâ€¦ https://t.co/gweh3HSruQ",District of Columbia
51,bringing outdoors inside since know corona happyeaster corona forsythia hyacinth flower flowersinstagram lincoln rhode island,0.0,"Bringing some of the outdoors inside since, you know, corona.  #happyeaster #corona #forsythia #hyacinth #flowers #flowersinstagram @ Lincoln, Rhode Island https://t.co/y3TngDwwYn",Rhode Island
52,person planet earth oculusnyc oculus freedomtower wtc manhattan coronavirus corona virus isolation covid19 emptystreets emptynyc nycshutdown quarantine quarantinelife staysafeâ€¦,0.0,"The last person on planet earth.
.
.
.
#OculusNYC #oculus #freedomtower #wtc #manhattan #coronavirus #corona #virus #isolation #COVID19 #emptystreets #emptynyc #nycshutdown #quarantine #quarantinelife #staysafeâ€¦ https://t.co/ZXoToMfIyM",New York
53,smiling corona time face with medical maskcrying face bend oregon,0.0,"Not smiling during this Corona time ğŸ˜·ğŸ˜¢ @ Bend, Oregon https://t.co/8xGmuZTkhK",Oregon
54,yall hungry want sum eat ya high nd corona closed holla gone hook yall fasho raised fistmedium-dark skin tonespeaking headhundred pointsfirefirefirepoultry legmeat on bonecurry ricepot of food happy easter day everyone cheflife easter sunday foodforthoughtâ€¦,0.3533333333333333,"Yall hungry and want sum to eat after ya get high nd corona done closed everything go holla at G he gone hook yall up fasho âœŠğŸ¾ğŸ—£ğŸ’¯ğŸ”¥ğŸ”¥ğŸ”¥ğŸ—ğŸ–ğŸ›ğŸ² HAPPY EASTER DAY EVERYONE!!! 
#cheflife 
#easter 
#sunday 
#foodforthoughtâ€¦ https://t.co/aHn0cHcmBl",Georgia
55,new tattoo design zach taylor taylor come stupid corona fuck away zach gon na tattoo amazing design fucking hard contact zach shop set post apocalyptic tatsâ€¦,-0.2110606060606061,"New tattoo designs by Zach Taylor z_taylor come on stupid corona!! Go the fuck away! Zach is gonna Tattoo these amazing designs on you so fucking hard. Contact Zach or the shop to set up your post apocalyptic tats,â€¦ https://t.co/R4tQSp1ETn",Texas
56,happy easter amp happy corona victory workout anybody struggling fitness schedule try two three exercise stretch different time day helping someâ€¦,0.6,Happy Easter &amp; Happy Corona Victory Workout!!!  Anybody else struggling to keep a fitness schedule????  Try doing 2-3 exercises or stretches at different times during the day.  This seems to be helping keep someâ€¦ https://t.co/zDxVQJeMxA,Florida
57,quarantined â€¢ â€¢ turtlewuzhere photographer nyc bw film photography kodak portrait dad potd bwphotography pentax streetphotography quarantine series covid19 stayhome corona virus flattenthecurveâ€¦,0.0,"QUARANTINED 
â€¢
â€¢
#turtlewuzhere #photographer #nyc #bw #film #photography #kodak #portrait #dad #potd #bwphotography #pentax  #streetphotography #quarantine #series #covid19 #stayhome #corona #virus #flattenthecurveâ€¦ https://t.co/rwkYLNUEVK",New York
58,sign time corona coronavirus mask bikeride denver colorado cherry creek trail,0.0,A sign of the times. #corona #coronavirus #mask #bikeride #denver #Colorado @ Cherry Creek Trail https://t.co/tfgJeKRl2O,Colorado
59,corona club jym style vonstroke banging big screen best quarantine mix training clubbing happy easter yall de moines washington,0.6666666666666666,"Corona Club: JYM Style with @vonstroke banging in the big screen! The best part of quarantine is that you can mix your training with your clubbing. Happy Easter yaâ€™ll! @ Des Moines, Washington https://t.co/wUIZr7gwm2",Washington
60,happy easter couch yours couchcuddles easter covid19support sunday heisrisen indeed poetry photography family love celebration isolation socialdistancing corona healing truthâ€¦,0.75,"Happy Easter from our couch to yours!
.
.
.
.
.
#couchcuddles #easter #covid19support #sunday #heisrisen #indeed #poetry #photography #family #love #celebration #isolation #socialdistancing #corona #healing #truthâ€¦ https://t.co/UKmMUg6JxS",Nevada
61,two thousand and twenty easter got like happy easter friend better time ahead covid19 corona quarantinelife quarantined ormond beach florida,0.65,"2020 Easter got me like.....
Happy Easter friends.
Better times are ahead.  
#covid19 #corona #quarantinelife #quarantined @ Ormond Beach, Florida https://t.co/P8sG9rFSnr",Florida
62,adventure corona donkey easter two thousand and twenty boxcrafts corona stayhome easter fort lauderdale florida,0.0,"The Adventures of Corona the donkey on Easter 2020! #boxcrafts #corona #stayhome #easter @ Fort Lauderdale, Florida https://t.co/E52HunmYpF",Florida
63,"ğŸ‡ºğŸ‡¸ ten day forecast fifty thousand, four hundred and eighty-three dead wave one hundred and twenty-three day nine million, three hundred and seventy-six thousand, one hundred and fifty-six case one hundred and thirty-one thousand, two hundred and sixty-six death case double five six day red heartï¸ life count pls stayathome hospital chart increasing",-0.06666666666666668,"ğŸ‡ºğŸ‡¸ US

10 day forecast of 50,483 dead. This wave may last 123 days and see 9,376,156 cases and 131,266 deaths. Cases double every 5.6 days.

â¤ï¸ Every Life Counts, Pls #StayAtHome

ğŸ¥: https://t.co/an5Q5LWRAu
ğŸ“ˆ: https://t.co/c0cjARzST8",Kansas
64,easter two thousand and twenty safe people play safe amp stay home this corona virus real dont forget true meaning easter quarantine easter2020 stayhome heisrisen little fall new jersey,0.2597727272727273,"Easter 2020 be safe out there people.
Play it safe &amp; stay home.this Corona Virus is real.Dont forget the true meaning of Easter #quarantine #easter2020 #stayhome #heisrisen @ Little Falls, New Jersey https://t.co/wEKt5QB2QY",New Jersey
65,photo loc lov la ' grand opening ' standing chastity cheszymagicfingerz loc lov la staff traveled pre corona twice monthly loc lov la philly nj know story know â€¦,0.5,"Another photo from Loc Lov LA's grand opening. I'm standing with Chastity cheszymagicfingerz, a Loc Lov LA staff who traveled pre-corona twice monthly to Loc Lov LA from Philly/NJ. 
If you know my story you know Iâ€¦ https://t.co/rnrBo0qizf",California
66,explain eight year old can ' party birthday corona virus seen gift eye lite eyes cousin friend beaming face with smiling eyes thanks family amp friend â€¦,0.05833333333333333,How do you explain to a 8 year old he can't have a party for birthday due to Corona Virus? After he seen the gifts his eyes lite up and ğŸ‘€ his cousins and friends he was ğŸ˜. Thanks for all my family &amp; friends.â€¦ https://t.co/PlMmzSOUCG,Texas
67,`` fried onion anyone `` april wanted showcase photo favorite subject food frequent counter toluca lake pre corona burger thecounterburgerâ€¦,0.14444444444444446,"""Fried Onions, Anyone?"" - For April I wanted to showcase some of my photos of one of my favorite subject... FOOD - I frequent the Counter in Toluca Lake (pre-corona) - because #burger #TheCounterBurgerâ€¦ https://t.co/Q2VeoxF9Y4",California
68,happy easter hatching chickrabbitbouqueteveryone meetshannonlee rocking feel good hoodie comfy yoga pant empirestreetsty enjoying fun spring walk corona park empirestreetstyâ€¦,0.696484375,Happy Easter ğŸ£ğŸ‡ğŸ’Everyone!!! meetshannonlee is rocking her Feel Good hoodie and comfy yoga pants from @EmpireStreetSty while enjoying and fun spring walk at Corona Park!!! https://t.co/vUmegbG15J @EmpireStreetStyâ€¦ https://t.co/gETcbcBNiD,New York
69,rabbit face happyeaster corona quarantine two thousand and twenty hatching chickrabbit downtown west palm beach,0.0,ğŸ° #HappyEaster #corona #quarantine #2020 ğŸ£ğŸ‡ @ Downtown West Palm Beach https://t.co/flTKddALWx,Florida
70,happy easter everyone easter happyeaster quarantine corona virus abnormalattraction comedy getfuzzy stayhome staysafe bobbypriv leavs16 new york new york,0.42424242424242414,"Happy Easter Everyone!! #Easter #happyeaster #quarantine #corona #virus #abnormalattraction #comedy #getfuzzy #stayhome #staysafe @bobbypriv  @Leavs16 @ New York, New York https://t.co/AUPd6lYNIH",New York
71,happy holiday easter easterweekend iso sunday vibe family corona rona rillogangactivityno entry bundyno entry rillogangno entry vibe eastereggs smile clean besafe world selfquarantine life lifestyle gangshithundred pointsâ€¦,0.4888888888888889,happy holiday #easter #easterweekend #iso #sundays #vibe #family #corona #rona #rillogangactivityâ›” #bundyâ›” #rillogangâ›” #vibes #eastereggs #smile #clean #besafe #world #selfquarantine #life #lifestyle #gangshitğŸ’¯â€¦ https://t.co/GOuQbDZ15C,Virginia
72,doesnt happen easter corona covid new york new york,0.13636363636363635,"This doesnâ€™t happen every Easter!!! #corona #covid @ New York, New York https://t.co/Sf9BCutzaX",New York
73,corona death projection in one ğŸ‡¸ğŸ‡ªsweden `` just nothing '' strategy two ğŸ‡³ğŸ‡± netherlands `` intelligent lockdown '' three ğŸ‡¬ğŸ‡§ uk `` take chin oh shit pm got it something wayâ€¦,0.375,"Corona deaths projections are in!
#1 ğŸ‡¸ğŸ‡ªSweden ""just do nothing"" strategy
#2 ğŸ‡³ğŸ‡± Netherlands ""intelligent lockdown"" 
#3 ğŸ‡¬ğŸ‡§ UK ""take it in the chin! oh shit the PM got it. Do something! Wayâ€¦ https://t.co/m4fhBVgR00",New York
74,today family easter zoom brought corona say celebrating resurrection baby jesus like quarantine easter covid zoom coronabeer beneestomnibus floral park new york,0.13636363636363635,"Todayâ€™s family Easter Zoom call is brought to you by @corona Nothing says celebrating the resurrection of Baby Jesus like quarantine #easter #covid #zoom #coronabeer #beneestomnibus @ Floral Park, New York https://t.co/w4nt16tweE",New York
75,covid19 corona two thousand and twenty quarantine stayhome stayhealthy charlotte north carolina,0.0,"#covid19 #corona #2020 #quarantine #stayhome #stayhealthy @ Charlotte, North Carolina https://t.co/JdBv7IDOWl",North Carolina
76,rolling on the floor laughingrolling on the floor laughingrolling on the floor laughing religious joke easter covid corona coronameme laughter humor ressurection paganism polytheism los angeles california,0.0,"ğŸ¤£ğŸ¤£ğŸ¤£
.
.
.
.
.
.
.
.
.
#religious #joke #easter #covid #corona #coronameme #laughter #humor #ressurection #paganism #polytheism @ Los Angeles, California https://t.co/fT7wUic8B1",California
77,throwback glamorous time swipe right arrowï¸ corona time zany face new york public library,0.2537878787878788,"#throwback to a more glamorous time!
SWIPE â¡ï¸ for corona times ğŸ¤ª @ New York Public Library https://t.co/XGfk4Nxh8Z",New York
78,fuel pump smiling face with horns slight work fuel pump new hobby battery indooractivities rillogangactivityno entry bundyno entry rona corona weedmaple leaf life lifestyle gangshithundred points rillogangno entry iso isolation sunday vibe vibe grow goodvibesonly cleanâ€¦,0.11212121212121214,"â›½ ,, ğŸ˜ˆ slight work â›½ new hobby ğŸ”‹#indooractivities #rillogangactivityâ›” #bundyâ›” #rona #corona #weedğŸ #life #lifestyle #gangshitğŸ’¯ #rillogangâ›” #iso #isolation #sundays #vibe #vibes #grow #goodvibesonly #cleanâ€¦ https://t.co/03A5pcyTJh",Virginia
79,need whats posted photo face with raised eyebrow fact theartofthinkingoutloud billgates vaccine virus pandemic socialdistancing devil evil corona life usa cincinnati,-0.25,Need I say more than whatâ€™s posted on the photo?ğŸ¤¨ .. ALL FACTS. #theartofthinkingoutloud #billgates #vaccines #virus #pandemic #socialdistancing #devil #evil #corona #life #usa @ Cincinnati https://t.co/0aswZRQnl2,Ohio
80,easter lamp chop easter corona lambchop fhjerk island vybes kitchen fh jerk,0.0,Easter Lamp Chop!!! #easter #corona #lambchops #FHJerk @ Island Vybes Kitchen by FH Jerk https://t.co/umGmCCEi26,Illinois
81,want virtual work week 15pp week monday wednesday amp thursday 7pm cash app fitmoliving zoom id ad dont let corona hold health amp fitness goal weâ€¦,0.0,"WHO WANT THIS VIRTUAL WORK THIS WEEK?  ONLY $15pp for the week.  Monday, Wednesday, &amp; Thursday 7pm.  Cash app $FitMoLiving. ZOOM ID on the Ad.  Donâ€™t let Corona hold you back from your health &amp; fitness goals!  WEâ€¦ https://t.co/jqy10iLlHP",Maryland
82,photo loc lov la ' grand opening ' standing chastity cheszymagicfingerz loc lov la staff traveled pre corona twice monthly loc lov la philly nj know story know â€¦,0.5,"Another photo from Loc Lov LA's grand opening. I'm standing with Chastity cheszymagicfingerz, a Loc Lov LA staff who traveled pre-corona twice monthly to Loc Lov LA from Philly/NJ. 
If you know my story you know Iâ€¦ https://t.co/h44gtfn9mJ",California
83,four twelve two thousand and twenty jesus paid all owe happy corona easter family yours mount dora florida,0.8,"|4.12.2020| Jesus paid it all, all to Him I owe. Happy (Corona) Easter from our family to yours. @ Mount Dora, Florida https://t.co/igC9rDpNFZ",Florida
84,went bit walk million podcasts flushing meadow corona park,0.0,I went for a bit of a walk. I somehow still have a million podcasts. @ Flushing Meadows - Corona Park https://t.co/2ezf9thCK7,New York
85,don ' judge me champagne taste beer pocket book home beer corona heineken redstripe greenmount guilford greenacresinguilford eastersunday easter easterbunny green acre guilford,-0.2,"Don't judge me.  
Champagne taste, beer pocket book. 

#home #beer #corona #heineken #redstripe #greenmount #guilford #greenacresinguilford #eastersunday #easter #easterbunny @ Green Acres in Guilford https://t.co/6wUrYtaKUz",Maryland
86,"happy easter family friend rabbit facerabbit telephoneï¸ nine hundred and nine eight hundred and sixty two thousand, six hundred and six corona norco jurupa valley cerritos norwalk orangecounty tustin anaheim santaana longbeach anaheimhill covina westcovina fullertonâ€¦",0.8,"Happy Easter to all my family and friends ğŸ°ğŸ‡ 
â˜ï¸ 909.860.2606

#corona #Norco #Jurupa #Valley #Cerritos #Norwalk #OrangeCounty #Tustin #Anaheim #SantaAna #LongBeach #AnaheimHill #Covina #WestCovina #Fullertonâ€¦ https://t.co/S6RADSBfJc",California
87,easter flower brighten house happy easter flower flower daffodil tulip easter home corona california,1.0,"Easter flowers to brighten up the house.  Happy Easter!  #flowers #flower #daffodils #tulips #easter #home @ Corona, California https://t.co/akOoswFL2M",California
88,family yours risen easter heisrisen resurrectionday covid corona quarantine montana,0.0,"From Our Family to Yours!
He Is Risen!
#easter #heisrisen #resurrectionday #covid #corona #quarantine @ Montana https://t.co/ux2FuAmjLM",Montana
89,federal restaurant amp bar massachusetts corona virus mandate close temporarily consider purchasing gift card help sustain time plan event hereâ€¦,-0.1953125,THE FEDERAL RESTAURANT &amp; BAR Due to Massachusetts Corona Virus Mandate will close temporarily! Consider purchasing gift cards https://t.co/DQBp3oLgMX to help them sustain this time! Plan Events hereâ€¦ https://t.co/rVTlfCbmHJ,Massachusetts
90,`` my latest post ' utilitypole rust green staple corona pixel3xl pixel iger instagram gram nature new orleans louisiana,0.1,"""My Latest Post'

#utilitypole #rust #green #staples #corona #pixel3xl #pixel #iger #instagram #gram #nature @ New Orleans, Louisiana https://t.co/g7h4a6jubT",Louisiana
91,corona blue jazz funk rnb grownfolkmusic smithsonian national museum african american history culture,0.14545454545454545,Corona Blues #jazz #funk #rnb #grownfolkmusic @ Smithsonian National Museum of African American History and Culture https://t.co/eX9tVuS3Vs,District of Columbia
92,rocky stair corona del mar state beach,0.0,Rocky is all about stairs @ Corona del Mar State Beach https://t.co/udGhmC1eHb,California
93,"corona two thousand and twenty spanish flu one thousand, nine hundred and twenty cholera one thousand, eight hundred and twenty bubonic plague one thousand, seven hundred and twenty thinking face population control one hundred year thinking face coincidenceorpattern coincidenceithinknot thinking face low ' kitchen",0.0,"Corona 2020, Spanish Flu 1920, Cholera 1820, Bubonic Plague in 1720 ğŸ¤” Population Control Every 100 Years ğŸ¤”#CoincidenceOrPattern #coincidenceithinknot ğŸ¤” @ Lows' Kitchen https://t.co/iybmsy2Dxj",North Carolina
94,covid nineteen life go on slooooowly corona covid washyourhands washingtondc blackandwhite bnw blackandwhitephotography bnwstreet bnwstreetphotography streetphotography streetphoto streetphotographerâ€¦,0.0,Covid-19: Life goes on. Slooooowly. #corona #covid #washyourhands #washingtondc #blackandwhite #bnw #blackandwhitephotography #bnwstreet #bnwstreetphotography #streetphotography #streetphoto #streetphotographerâ€¦ https://t.co/ZPGHq1LJdk,District of Columbia
95,nation groove stayinghome funk alonetogether onenation corona pennsylvania,0.0,ONE NATION UNDER A GROOVE #stayinghome FOR THE FUNK OF IT #alonetogether  #onenation #corona @ Pennsylvania https://t.co/jFD9YjHxho,Pennsylvania
96,corona virus wont stop speaking encouraging body christ in out host â€œ motivating circle event â€ circle need recharge new haveâ€¦,0.0,"Corona Virus wonâ€™t stop me from speaking and encouraging the Body of Christ. 

I have all of the Inâ€™s and Outâ€™s to host your â€œMotivating Your Circle Eventâ€. Does your circle need a recharge from someone new? I haveâ€¦ https://t.co/BncYsZmKRR",Tennessee
97,corona virus wont stop speaking encouraging body christ in out host â€œ motivating circle event â€ circle need recharge new haveâ€¦,0.0,"Corona Virus wonâ€™t stop me from speaking and encouraging the Body of Christ. 

I have all of the Inâ€™s and Outâ€™s to host your â€œMotivating Your Circle Eventâ€. Does your circle need a recharge from someone new? I haveâ€¦ https://t.co/qydc8Eivc5",Tennessee
98,nation groove stayinghome funk alonetogether da corona covid nineteen north carolina,0.6208333333333333,ONE NATION UNDER A GROOVE #STAYINGHOME FOR THE FUNK OF IT #ALONETOGETHER due Da #corona #covid_19 @ North Carolina https://t.co/oBQIb3xMKU,North Carolina
99,happy easter rabbitrabbit facehatching chick corona california,-0.125,"Happy Easter ğŸ‡ğŸ°ğŸ£ @ Corona, California https://t.co/ixgopgVSs5",California
100,nation groove stayinghome funk alonetogether da corona covid nineteen pennsylvania,0.8,ONE NATION UNDER A GROOVE #STAYINGHOME FOR THE FUNK OF IT #ALONETOGETHER due Da #corona #covid_19 @ Pennsylvania https://t.co/USpxADYeL4,Pennsylvania
101,happy easter familia friend thank god blessed day have happyeaster2020 familiaarmas armasfamily chiltonohana corona california,0.35,"Happy Easter to my Familia and Friends. Thank God for this blessed day we have! #happyeaster2020 #familiaarmas #armasfamily #chiltonohana @ Corona, California https://t.co/5nw3Dfqs7z",California
102,little easter fun morning boy easter easteregghunt confetti corona tucson arizona,1.0,"A little Easter fun this morning with the boys.

#easter #easteregghunt #confetti @ Corona de Tucson, Arizona https://t.co/kObEXHNX6B",Arizona
103,follow daddydaughterti dailyfunnies backhand index pointing upmedium-dark skin toneclickfollow amp or â€œ face with tears of joy â€ backhand index pointing upmedium-dark skin tone imagine imagination imago imaginaryfriend imaginaryfriends upcoming show they normally posted therona aka coronaâ€¦,0.05625,"Follow @DaddyDaughterTi for #DailyFunnies
ğŸ‘†ğŸ¾ClickFollow &amp;/or a â€œğŸ˜‚â€ğŸ‘†ğŸ¾ 
.
#imagine #imagination #imagines #imaginaryfriend #imaginaryfriends 
.
Upcoming Shows:
-They are normally posted here but #TheRona #aka #Coronaâ€¦ https://t.co/Msjja17QTn",Massachusetts
104,luna crescent moon 1st easter hatching chickand resurrection latin crossï¸sunday stop praise raising handsmedium skin tone corona swipebackhand index pointing rightmedium skin tone bunny hopping cuteness heisrisen theblessedlife ressurectionsundayâ€¦,0.15,"Lunaâ€™s ğŸŒ™ 1st Easter ğŸ£and Resurrection âœï¸Sunday. Nothing can stop her praise ğŸ™ŒğŸ½ not even Corona!
.
.
.
SWIPEğŸ‘‰ğŸ½ For more bunny hopping cuteness.
.
.
#heisrisen
#theblessedlife
#ressurectionsundayâ€¦ https://t.co/D5Tw5uUMrU",Connecticut
105,god blessed amp hopefully contributes health journey worry virus paranoid thirteen thousand people dying u corona immune health mindfullness antivirus bodyhealthâ€¦,0.0,"God blessed me &amp; hopefully this contributes to your health journey. No worries but I am virus paranoid about 13,000+ people dying around me in the US. #Corona #Immune #Health #Mindfullness #AntiVirus #Bodyhealthâ€¦ https://t.co/eNPuUsx14Q",Georgia
106,pigeon cop one roaming free street new york city pigeon nypd nycpolice timessquare timessquarenyc coronavirus corona virus isolation covid19 emptystreetsâ€¦,0.0,"The pigeons and the cops are the only ones roaming free the streets of New York City.
.
.
.
#pigeons #nypd #nycpolice #timessquare #timessquarenyc #coronavirus #corona #virus #isolation #COVID19 #emptystreetsâ€¦ https://t.co/JCkH7R6zk0",New York
107,hell yeahdouble exclamation markï¸double exclamation markï¸double exclamation markï¸ looking high amp low roll person facepalmingmedium skin toneâ€female signï¸nail polishmedium skin toneloudly crying face ijsdouble exclamation markï¸ yall stop buying damn tissue geeshdouble exclamation markï¸double exclamation markï¸double exclamation markï¸ coronamemes tissue charmin melaninpoppin corona coronavid19â€¦,0.15,"Hell yeahâ€¼ï¸â€¼ï¸â€¼ï¸I been looking high &amp; low. Yet not a roll to be found ğŸ¤¦ğŸ½â€â™€ï¸ğŸ’…ğŸ½ğŸ˜­
Ijsâ€¼ï¸ Can yâ€™all please stop buying up ALL the damn tissue? Geeshâ€¼ï¸â€¼ï¸â€¼ï¸
#coronamemes #tissue #charmin #melaninpoppin #corona #coronavid19â€¦ https://t.co/pJhQxi0l4Y",Tennessee
108,fresh air park artmuseum corona art covid nineteen outside staysafe nassau county museum art,-0.1,Fresh Air in the Park #artmuseum #corona #art #covid_19 #outside #staysafe @ Nassau County Museum of Art https://t.co/ZHCZTN3GyD,New York
109,happy easter redeemer life easter easterdecor easterathome corona prospecthillinn quarantinelife tablescapechallenge prospect hill inn amp restaurant,0.15,Happy Easter!  Our Redeemer Lives. #easter #easterdecor #easterathome #corona #prospecthillinn #quarantinelife #tablescapechallenge @ Prospect Hill Inn &amp; Restaurant https://t.co/INKrVKd4Iq,Virginia
110,queen corona goth glam riconasty thescottedit microbeelfmedium-light skin toneâ€female signï¸ los angeles california,1.0,"QUEEN CORONA 
#Goth #Glam with riconasty x thescottedit ğŸ¦ ğŸ§ğŸ¼â€â™€ï¸ @ Los Angeles, California https://t.co/ut6BMNAcPa",California
111,visit easter bunny today corona california,0.0,"Had a visit from the Easter Bunny today! @ Corona, California https://t.co/boB5zjyb7L",California
112,current situation mason one hundred excessive corona dog walk a non fur child currently road send tent person facepalminglight skin toneâ€female signï¸dog facezany face summit new jersey,0.0,"Current situation: Mason is 100% over my excessive corona dog walks (as are the non-fur children)...currently still on the side of the road.  Send a tent? ğŸ¤¦ğŸ»â€â™€ï¸ğŸ¶ğŸ¤ª @ Summit, New Jersey https://t.co/JQCDPKquvT",New Jersey
113,happy easter bunnyyoga rabbit face bunny faceyoga grinning squinting face corona bunny chilling human working face with tears of joy mirai clinical,-0.03787878787878788,"Happy Easter #BunnyYoga ğŸ°

This is when we did #Bunny #FaceYoga ğŸ˜† before corona 

The bunny is chilling while humans are working out ğŸ˜‚ @ Mirai Clinical https://t.co/quc29T2hjs",California
114,visiting usp alcatraz bought harmonica knowing entertain son much keepinghimbusy uspalcatraz harmonica corona new york,0.15000000000000002,"While visiting USP Alcatraz I bought a harmonica not knowing that it will entertain my son so much... #keepingHimBusy #USPAlcatraz #harmonica @ Corona, New York https://t.co/bIy2CrRCLb",New York
115,vinnie orcel eat heart out who jealous eastersunday family daughtertime dadlife lovemyfamily quarantine corona covid cranston rhode island,0.1,"@vinnie_orcel eat your heart out!!  Whoâ€™s jealous? #eastersunday #family #daughtertime #dadlife #lovemyfamily #quarantine #corona #covid @ Cranston, Rhode Island https://t.co/3iHthTCvrP",Rhode Island
116,mile eastersunday run jacksonheights elmhurst corona keeprunning covid19 lgbtqiarunners instagay gayrunner gayrunners gayathletes gayfitness gayfit lgbtqrunners lgbtqrunnerâ€¦,0.0,"Four mile #EasterSunday run through #JacksonHeights, #Elmhurst and #Corona.  #keeprunning #covid19 lgbtqiarunners #instagay #gayrunner #gayrunners #gayathletes #gayfitness #gayfit #lgbtqrunners #lgbtqrunnerâ€¦ https://t.co/Vfeynx5cJ9",New York
117,profitstyle yall fukkin ep one two three four five six leave comment aint heard link bio available everywhere corona profitg viral explore unsigned indie majorâ€¦,0.5375,WHICH PROFITSTYLE YALL FUKKIN WITH ON THE EP?????? 1 2 3 4 5 Or 6 LEAVE COMMENTS. IF U AINT HEARD IT YET LINK IN BIO AND ITS AVAILABLE EVERYWHERE.......  #corona #profitg #viral #explore #unsigned #indie #majorâ€¦ https://t.co/7LJkgfq077,Tennessee
118,corona ny sun apr 12th pm forecast tonight partly cloudy lo thirty-one saturday sunny hi forty-one,0.15416666666666667,Corona NY Sun Apr 12th PM Forecast: TONIGHT Partly Cloudy Lo 31 SATURDAY Sunny Hi 41,New York
119,grilling weather get rough drinking corona premier grupomodelo mx halligan bar south â€”,0.04545454545454545,Grilling it up before the weather gets rough. - Drinking a Corona Premier by @GrupoModelo_MX @ Halligan Bar South  â€” https://t.co/tnBU2l5Q5G,North Carolina
120,celebrating easter corona virus style lakeview east chicago,-0.1,"Celebrating Easter Corona Virus style @ Lakeview East, Chicago https://t.co/pAyaMFZZM9",Illinois
121,content iparkmusic oobang love family fun hope love smile corona coronavirus ipark music co,-0.1,Content #iparkmusic #oobang #love #family #fun #hope #love #smile #corona #coronavirus @ IPARK MUSIC CO. https://t.co/aX9mTmFxS7,California
122,sure missing baseball thank firelands athletic booster seniors2020 baseball corona nothowthiswassupposedtogo firelands high school,0.4,"We sure are missing baseball, thank you to Firelands Athletic Boosters .... #seniors2020 #baseball #corona #nothowthiswassupposedtogo @ Firelands High School https://t.co/wWomXhV7IP",Ohio
123,risen risen indeed weve gotten this covÄ±d19 corona churchstreeteast downtownmobile mobilealabama downtownmobileal ukulele ukulelecover ukulelecovers banjolele banjolelecoverâ€¦,0.15333333333333332,He is Risen! Risen indeed. Weâ€™ve already gotten through this!  #covÄ±d19 #corona #churchstreeteast #downtownmobile #mobilealabama #downtownmobileal #ukulele #ukulelecover #ukulelecovers #banjolele #banjolelecoverâ€¦ https://t.co/LsyTFCp34v,Alabama
124,â€œ told stop playin wit me â€ pistol face with tears of joy fuckcorona fuckcovid19 outside stayathome corona coronavirus queen newyork covid nineteen knight caption stopplayin findiddy findiddydadon sleezyfinbeezly ewokhefnerâ€¦,0.6666666666666666,â€œi told u to stop playin wit me!â€ğŸ”« ğŸ˜‚ #FuckCorona #FuckCovid19 #Outside #StayAtHome #Corona #CoronaVirus #Queens #NewYork #Covid_19 #Knight #Caption #StopPlayin #Findiddy #FindiddyDaDon #SleezyFinBeezly #EwokHefnerâ€¦ https://t.co/rhUNbacK4M,New York
125,livestreammusic frankb attempting show corona rock folk,0.0,"#LiveStreamMusic FrankB attempting a show, corona https://t.co/TxsLh9zctE #Rock #Folk",Tennessee
126,sexy baes took trip beach corona took life sweat droplets desert island beach with umbrellamerpersonmedium-dark skin toneâ€female signï¸ merpersonmedium-dark skin toneâ€female signï¸ merpersonmedium-dark skin toneâ€female signï¸ hibiscuspalm treerainbowsunï¸ wonderworks myrtle beach,0.0,Me and My Sexy Baes Took A Trip To The Beach BEFORE Corona Took Over Our Lives. ğŸ’¦ ğŸ ğŸ–ğŸ§œğŸ¾â€â™€ï¸ ğŸ§œğŸ¾â€â™€ï¸ ğŸ§œğŸ¾â€â™€ï¸ ğŸŒºğŸŒ´ğŸŒˆâ˜€ï¸ @ WonderWorks Myrtle Beach https://t.co/MgqUoMroMX,South Carolina
127,grandma aunt stuffed celery pimento cheese jar added spring radish kosher salt side corona california,0.2426136363636364,"Grandma V and Aunt B always made stuffed celery.  Sometimes using the pimento cheese in a jar.  I added some spring radishes with kosher salt to go on the side. @ Corona, California https://t.co/JYsHBNw7LX",California
128,â€œ got shooter renovate room â€ new music dropped soundcloud adoeverse adoe ghe zuut reapa broward control miami florida new explore corona chicago nbayoungboyâ€¦,0.3083333333333333,"â€œI got my shooters about to renovate the roomâ€ 
New music!!
Just dropped!!! 
#SoundCloud 
#adoeverse #adoe #ghe #zuut #reapa #broward #control #miami #florida #new #explore #corona #chicago #nbayoungboyâ€¦ https://t.co/w9mVkM9J3R",Florida
129,corona thing added fuel fuel pumpï¸ fire making chip shoulder little bit bigger flexed bicepsmedium-light skin tone puttin work speed bag im getting started boxing glove righthere rightnowâ€¦,0.27625621448863635,"This whole corona thing has only added more fuel â›½ï¸ to my fire ğŸ”¥ Making that chip on my shoulder just a little bit bigger! ğŸ’ªğŸ¼ Puttinâ€™ in the work on this speed bag, Iâ€™m just getting started! ğŸ¥Š #RightHere #RightNowâ€¦ https://t.co/EShKGGtgFP",New York
130,4yr old fetched beer it ' good day 'll remember forever happy easter easter2020 victoriasway corona quarantine badstreet philadelphia pa,0.1025,"The 4yr old fetched me a beer. It's a good day. I'll remember it forever. Happy Easter. 

#Easter2020 #VictoriasWay #Corona #Quarantine @ Badstreet, Philadelphia, Pa https://t.co/8KoHaoNix9",Pennsylvania
131,corona doesnt stand chance easter easterdinner easter2020 posole texasismystate austin texas,0.13636363636363635,"Corona doesnâ€™t stand a chance against Easter....
#easterdinner  #easter2020 #posole  #texasismystate @ Austin, Texas https://t.co/H6TV33ePX5",Texas
132,calm heal bestill lockdown keepfaith besafe heal stayhome corona coronachronicles happysunday sundayvibes sunday eastersunday happyeaster pastel pastelcolors lolifeâ€¦,0.0,Be still keep calm so we can heal #bestill #lockdown #keepfaith #besafe #heal #stayhome #corona #coronachronicles #happysunday #sundayvibes #Sunday #eastersunday #happyeaster  #pastel #pastelcolors #lolifeâ€¦ https://t.co/4z0Xw7jEWc,Louisiana
133,tucson corona holidazapocalypse proper roble pas,0.30000000000000004,Tucson corona holidazapocalypse proper @ Robles Pass https://t.co/yDzFIZlb4L,Arizona
134,easter two thousand and twenty mahi tuna brussel sprout wine corona parkland florida,-0.06666666666666668,"Easter 2020
Mahi, tuna, brussel sprouts ... and wine, not Corona @ Parkland, Florida https://t.co/ITkcAo1deJ",Florida
135,sandal sale dont track left outside especially now corona covid19 vampirediaries original legacy available online store vampire stalker mystic fall tour,0.1452020202020202,Sandal Sale! Donâ€™t track in what should be left outside! Especially now! #corona #covid19 #vampirediaries #originals #legacies available in our online store! @ Vampire Stalkers/Mystic Falls Tours https://t.co/EjDhJ6PGb8,Georgia
136,jesus stay inside social distancing mean everyone easter corona coviÌ‡d19 repost socialdistancing midlothian illinois,-0.06666666666666668,"Jesus, stay inside! Social distancing means everyone! #easter #corona #coviÌ‡d19 #repost #socialdistancing @ Midlothian, Illinois https://t.co/z9yDxaIGAY",Illinois
137,easter two thousand and twenty live forever memory easter bunny appointed round quarantine easter easter2020 corona quarantineeaster heisrisen heisrisenindeed easterbasketâ€¦,0.0,Easter 2020. One that will live forever in our memories. At least the Easter Bunny could make his appointed rounds. #Quarantine #Easter #Easter2020 #Corona #QuarantineEaster #HeIsRisen #HeIsRisenIndeed #EasterBasketâ€¦ https://t.co/wcSciypLXn,Tennessee
138,dont let corona you stay safe happy easter ewa beach hawaii,-0.1,"Donâ€™t let the Corona Get You! Stay Safe and Happy Easter .... @ Ewa Beach, Hawaii https://t.co/oVL502jJVU",Hawaii
139,dont let corona you stay safe happy easter ewa beach hawaii,-0.06666666666666668,"Donâ€™t let the Corona Get You! Stay Safe and Happy Easter .... @ Ewa Beach, Hawaii https://t.co/Z5jAkHVfp0",Hawaii
140,"ğŸ‡ºğŸ‡¸ ten day forecast fifty thousand, four hundred and eighty-three dead wave one hundred and twenty-three day nine million, three hundred and seventy-six thousand, one hundred and fifty-six case one hundred and thirty-one thousand, two hundred and sixty-six death case double five six day red heartï¸ life count pls stayathome hospital chart increasing",-0.1,"ğŸ‡ºğŸ‡¸ US

10 day forecast of 50,483 dead. This wave may last 123 days and see 9,376,156 cases and 131,266 deaths. Cases double every 5.6 days.

â¤ï¸ Every Life Counts, Pls #StayAtHome

ğŸ¥: https://t.co/an5Q5LWRAu
ğŸ“ˆ: https://t.co/c0cjARzST8",Kansas
141,talking hand good know trust real wilson corona castaway tomhanks solo trust conversation atlanta georgia,-0.2,"Talking to the hand because it is always good to be around someone you know you can trust for real. #wilson #corona #castaway #tomhanks #solo #trust #conversation @ Atlanta, Georgia https://t.co/ArpyI1xqN6",Georgia
142,corona twenty-eight great week let video hippoquaranteams crossfit hippo,-0.06666666666666668,Corona 28 - Another great week! Letâ€™s see those videos!#hippoquaranteams @ CrossFit Hippo https://t.co/Hgs4KezP3h,Texas
143,cheer coronausa beer mug happy easter sunday carrotrabbit facehatching chickfront-facing baby chick coronaextra corona cervezacoronaextra san pedro california,-0.06666666666666668,"Cheers with coronausa ğŸº
Happy Easter Sunday!!!ğŸ¥•ğŸ°ğŸ£ğŸ¥
#coronaextra #corona #cervezacoronaextra @ San Pedro, California https://t.co/CjykBKqMN1",California
144,mr mark private tap lesson looking sounding amazingzany facezany face video prove star-struckexploding headexploding head tap lesson private class look sound amazing video stayhome stayhealthy staysafe corona covid19 explorepageâ€¦,1.0,Mr. Markâ€™s private tap lesson is looking and sounding amazingğŸ¤ªğŸ¤ª Even a video to prove!!ğŸ¤©ğŸ¤¯ğŸ¤¯ #tap #lesson #private #class #look #sound #amazing #video #stayhome #stayhealthy #staysafe #corona #covid19 #explorepageâ€¦ https://t.co/Hdm4SnCs0B,New Jersey
145,happy easter sending love hugsrabbit facetwo hearts â€¢how spending easter im baking grinning face with sweatsmiling faceï¸ corona quarentine photography selfportrait canon camera indoorphotography modelâ€¦,0.3875000000000001,"Happy Easter! Sending you all the love and hugsğŸ°ğŸ’•

â€¢How are you spending your Easter? Iâ€™m baking ğŸ˜…â˜ºï¸
.
.
.
.
.
.
.
.

.
.
#corona #quarentine #photography #selfportrait #canon #camera #indoorphotography #modelâ€¦ https://t.co/gukTmWjmHI",California
146,celebrating easter family from corona riverside foothill ranch mission viejo hermosa beach utha colombia bogota buga sunrise over mountainsrabbit facesparkling heart happyeaster felicespascuas family familia quarentine quarentinefun â€¦,0.75,"Celebrating Easter with the family from, Corona, Riverside, Foothills Ranch. Mission Viejo, Hermosa Beach, Utha, Colombia: Bogota, Buga.ğŸŒ„ğŸ°ğŸ’–
#happyeaster #felicespascuas
#family #familia
#quarentine
#quarentinefun @â€¦ https://t.co/3vsYF8cG37",California
147,corona ca sun apr 12th pm forecast tonight chance shower lo forty-eight monday chance shower hi sixty-four,0.0,Corona CA Sun Apr 12th PM Forecast: TONIGHT Chance Of Showers Lo 48 MONDAY Chance Of Showers Hi 64,California
148,happy easter sending love hugsrabbit facetwo hearts â€¢how spending easter im baking grinning face with sweatsmiling faceï¸ corona quarentine photography selfportrait canon camera indoorphotography modelâ€¦,0.0,"Happy Easter! Sending you all the love and hugsğŸ°ğŸ’• â€¢How are you spending your Easter? Iâ€™m baking ğŸ˜…â˜ºï¸
.
.
.
.
.
.
.
. .
.
#corona #quarentine #photography #selfportrait #canon #camera #indoorphotography #modelâ€¦ https://t.co/n9wLTLkgTA",California
149,sure exactly return normalcy look like long there brooklynbridge brooklynbridgepark coronavirus corona virus isolation covid19â€¦,0.75,"Nobody can say for sure exactly what our return to normalcy will look like, or how long it will take to get there.
.
.
.
#brooklynbridge #brooklynbridgepark #coronavirus #corona #virus #isolation #COVID19â€¦ https://t.co/vLDdpky9lZ",New York
150,current corona bookclub only tiny bit ambitious beaming face with smiling eyesperson: blond hairmedium skin toneâ€female signï¸books what yall reading recs yellow heartfolded handsmedium skin tone ownyourvoice quarantinebookclub topknotturnup artist district los angeles,0.2333333333333333,"Current Corona Bookclub...only a tiny bit ambitious ğŸ˜ğŸ‘±ğŸ½â€â™€ï¸ğŸ“š...what are yâ€™all reading - any recs?? ğŸ’›ğŸ™ğŸ½ #ownyourvoice #quarantinebookclub #topknotturnup @ Artists District, Los Angeles https://t.co/ybnnBfxISs",California
151,hotnigga entrepreneur baltimore maskup stayhome quarantine betterlife corona mask maryland livesmart thebestatit baltimore maryland,0.08333333333333333,"#hotnigga #entrepreneur #baltimore #maskup #stayhome #quarantine #betterlife #corona #mask #maryland #livesmart # thebestatit @ Baltimore, Maryland https://t.co/6qXVzTuXV1",Maryland
152,repost scout barthold ãƒ»ãƒ»ãƒ» best rona away ppe papillon protective equipment facemask covid19 corona ppe papillon papillon papillonlove papillonsofinstagram papillondogâ€¦,0.0,"#Repost scout_barthold
ãƒ»ãƒ»ãƒ»
Doing my best to keep the Rona away. PPE = Papillon Protective Equipment  #facemask #covid19 #corona #PPE
.
.
.
.
.
#papillon #papillons #papillonLove #papillonsofInstagram #papillonDogâ€¦ https://t.co/j6cam8Qx01",Texas
153,rip yelena corona four ten 15baby angellight skin tone forever heart heart suitï¸ forgotten love face blowing a kiss sweet angel carmel indiana,1.0,"RIP Yelena Corona  4-10-15ğŸ‘¼ğŸ» You will forever be in our hearts â™¥ï¸ and will never be forgotten. We love you ğŸ˜˜ our sweet angel. @ Carmel, Indiana https://t.co/lIgOWmZdv1",Indiana
154,corona fina beat piÃ±ata austin texas,0.425,"This #Corona fina get beat! #PiÃ±ata @ Austin, Texas https://t.co/6HQLlt9PJc",Texas
155,creative winking face active person cartwheelingmedium skin toneâ€male signï¸youngest granddaughter adabneyy two thousand and twenty new covid nineteen corona lashay davirus smirking faceyellow heart atlanta georgia,0.0,"My very creative ğŸ˜‰ active ğŸ¤¸ğŸ½â€â™‚ï¸youngest granddaughter, @adabneyy , has had it with 2020! So much so that she has a new name for COVID-19: Corona LaShay DaVirus! ğŸ˜ğŸ’› @ Atlanta, Georgia https://t.co/t6b8pVMlTW",Georgia
156,happy easter corona virus face with medical maskcrying facerabbit facefront-facing baby chick santa barbara california,0.3,"Happy Easter corona virus...
ğŸ˜·ğŸ˜¢ğŸ°ğŸ¥ @ Santa Barbara, California https://t.co/NE3g4PrgB6",California
157,â€œ spring unlocks flower paint laughing soil â€ â€” bishop reginald heber empirestreetsty bouquetbouquet meetshannonlee flushing meadow corona park,0.8,"â€œSpring unlocks the flowers to paint the laughing soil.â€
â€” Bishop Reginald Heber @EmpireStreetSty https://t.co/vUmegbG15J ğŸ’ğŸ’
meetshannonlee @ Flushing Meadows - Corona Park https://t.co/MNxX2z9hgu",New York
158,shop tomorrow noon monday four thirteen limited quantity vintage camo jacket retail ninety-eight plus free shipping sparklesshine sparkles shineon sparkleoutloud supportsmallbusiness shopsmall coronaâ€¦,0.0,Shop this and more tomorrow at NOON Monday 4/13. Limited quantities on the Vintage Camo Jackets. Retail $98 plus FREE SHIPPING. âœ¨shine on âœ¨ #shineon #sparkleoutloud #supportsmallbusiness #shopsmall #coronaâ€¦ https://t.co/EU6CPfUL08,Pennsylvania
159,mask llalladesigns sewing corona handcrafted embroidery pfaff projectbags pompoms domore2020 graceandkindness mask stayhome lla lla design,0.2761904761904762,So many masks... #llalladesigns #sewing #corona #handcrafted #embroidery #pfaff #projectbags #pompoms #domore2020 #graceandkindness #masks #stayhome @ Lla Lla Designs https://t.co/K0P4toRdMN,Indiana
160,somebody pretty bring baby cause corona virus taking time away her lovenu shilohgrace heart soul telosglobe showing Americas telopaththtv realyaadmantv reggaeâ€¦,-0.06666666666666668,"Can somebody pretty please bring my baby back cause corona virus is taking all my time away from her. I lovenu #shilohgrace with every part of my heart and soul!
.
.
.
#telosğŸŒ #telopaththtv #realyaadmantv #reggaeâ€¦ https://t.co/RXR9KPO0Pu",New York
161,' enjoying new time archive work image lot seen image like traditiongolfclub ' going new assorted collection `` coronaâ€¦,0.6083333333333333,"I'm enjoying the new found time to go through the archives and work on images.  Lots of never before seen images, like this one from traditiongolfclub.  I'm going to name this new assorted collection, the ""Coronaâ€¦ https://t.co/6vvvM04k5n",California
162,coronaressurection stayhome homesweethome lockdown staycation corona covid holy land,0.8,"CoronaRessurection
#stayhome #homesweethome #lockdown #staycation #corona #covid @ The Holy Land https://t.co/XQrSjieGNu",Texas
163,corona djtsalt djtsaltt tiktokdance memphis tennessee,0.2575757575757576,"#corona #djtsalt #djtsaltt #tiktokdance @ Memphis, Tennessee https://t.co/IVCR41rhTA",Tennessee
164,pray blessed day bunn bunn picture drawing lily raeheart suitï¸latin crossï¸two heartshappy easter forever mykindergarten artist sierra del oro corona,0.0,"I pray you had a blessed Day!  Bunn Bunn picture and drawing by my Lily Raeâ™¥ï¸âœï¸ğŸ’•Happy Easter forever!              #mykindergarten artist @ Sierra Del Oro, Corona https://t.co/slz9TKV6Zc",California
165,glazed easter ham baby carrot roasted asparagus parmesan corona california,0.0,"Glazed Easter ham, baby carrots, roasted asparagus with Parmesan. @ Corona, California https://t.co/K9IFP4Q4wq",California
166,posted photo corona california,0.3481481481481481,"Just posted a photo @ Corona, California https://t.co/B9fxUkWfXl",California
167,easter sunday corona two thousand and twenty thank god blessing able cook provide meal family amaeya4 it smiling face with heart-eyesheart exclamation morada california,0.0,"EASTER SUNDAY CORONA 2020 !
THANK GOD FOR BLESSING ME TO BE ABLE TO COOK AND PROVIDE A MEAL FOR MY FAMILY amaeya4 WE DID IT!! ğŸ˜â£ @ Morada, California https://t.co/Wf7pQzfYQk",California
168,traditional louisiana mcdonald crawfish easter boil year pensive facepensive facepensive facepensive facepensive facepensive facepensive facepensive facepensive facepensive facepensive facepensive facepensive face little one wasnt close crying facecrying facecrying facecrying face damnyou corona coronaeaster easter2020 happyeaster crawfishboil marriedtolouisisnaâ€¦,0.2928571428571428,"No Traditional Louisiana McDonald Crawfish Easter Boil This Year...ğŸ˜”ğŸ˜”ğŸ˜”ğŸ˜”ğŸ˜”ğŸ˜”ğŸ˜”ğŸ˜”ğŸ˜”ğŸ˜”ğŸ˜”ğŸ˜”ğŸ˜”
I did a little one... it wasnâ€™t Close...!ğŸ˜¢ğŸ˜¢ğŸ˜¢ğŸ˜¢ #DAMNYOU#CORONA
#CoronaEaster
#Easter2020
#HappyEaster
#crawfishboil
#MarriedtoLouisisnaâ€¦ https://t.co/w507v5y0dX",
169,happy easter amicones knowing guy forever make easier away corona madness miss love guy â€¦,0.0,Happy Easter from the Amiconeâ€™s! Knowing I get to be with these guys forever makes it much easier to be away from them during all this corona madness. Still miss and love you guys!â€¦ https://t.co/hmqgWRCpmy,Florida
170,goodbye twenty-one wow happy 22nd birthday ryan coronabeer lunch home best corona still delivering delicious food is dessert actually food manhattan love you manhattan new york,0.0,"Goodbye 21! Wow! Happy 22nd Birthday Ryan!!!! #coronabeer lunch at home. Best we can do because of #corona ....still delivering delicious food (is dessert actually food?) in Manhattan! Love you! @ Manhattan, New York https://t.co/hW85ZxmLyL",New York
171,sole proprietor need assistance applying ppp p3 single employee application dm legit corp ssn ein dba accepted iparkmusic fund corona coronavirus help love life â€¦,0.0,Sole Proprietors Need assistance applying for he PPP or P3 single employee application Dm me ( must be legit CORP with SSN Or EIN please DBA accepted. #iparkmusic #funds #corona #coronavirus #help #love #life @â€¦ https://t.co/dPIikunOUY,California
172,april2020 stayhome corona covid19 texana plantation richmond,0.5551948051948051,"#april2020 #stayhome #corona #covid19 @ Texana Plantation, Richmond https://t.co/ptekQz5oNQ",Texas
173,happy easter hatching chick corona california,0.0,"Happy Easter ğŸ£ @ Corona, California https://t.co/5XItzvJMea",California
174,corona crisis got stress exhausted praying thing end soon love frontliners photooftheday me instamood cute igers picoftheday nurselife guy beautifulâ€¦,0.2,"This whole Corona Crisis got me really really stress and exhausted. Praying this whole thing ends soon.
.
.
.
#love #frontliners #photooftheday #me #instamood #cute #igers #picoftheday #nurselife #guy #beautifulâ€¦ https://t.co/8LOoDRKKxI",New York
175,dont forget stay clean safe dbz clean corona virus covid dragonballz sarasota florida,0.0,"Donâ€™t forget to stay clean and safe!! #dbz #clean #corona #virus #covid #dragonballz @ Sarasota, Florida https://t.co/Wemp93OFiM",Florida
176,house rt fresssed yo corona im telling right there way im staying inside it july august eighty degree im sorry,0.7,ğŸ  RT @Fresssed: Yo corona Iâ€™m telling you right now thereâ€™s no way Iâ€™m staying inside when itâ€™s July/August and 80 degrees Iâ€™m sorry,Massachusetts
177,lem me yours corona easter2020 outfit los angeles california,0.4588068181818182,"Lemme see YOURS...
#corona #easter2020 #outfits @ Los Angeles, California https://t.co/BNq7PlYjgp",California
178,corona free activity today person climbinglight skin toneâ€female signï¸raising handslight skin tone sundayhike rattlesnake mountain,0.04603174603174602,My corona-free activity for today!ğŸ§—ğŸ»â€â™€ï¸ğŸ™ŒğŸ» #sundayhike @ Rattlesnake Mountain https://t.co/xnyQPTHzv4,New Hampshire
179,"ğŸ‡ºğŸ‡¸ ten day forecast fifty thousand, one hundred and sixty-four dead wave one hundred and twenty-two day eight million, five hundred and seventy-one thousand, five hundred and thirty-six case one hundred and twenty thousand and two death case double six five day red heartï¸ life count pls stayathome hospital chart increasing",0.0,"ğŸ‡ºğŸ‡¸ US

10 day forecast of 50,164 dead. This wave may last 122 days and see 8,571,536 cases and 120,002 deaths. Cases double every 6.5 days.

â¤ï¸ Every Life Counts, Pls #StayAtHome

ğŸ¥: https://t.co/an5Q5LWRAu
ğŸ“ˆ: https://t.co/c0cjARzST8",Kansas
180,corona personmedium-dark skin toneâ€microscopeface with medical masksmiling face with hornslove-you gesturemedium-dark skin tone area fifty-one,0.25416666666666665,Corona Out Every Where ğŸ§‘ğŸ¾â€ğŸ”¬ğŸ˜·ğŸ˜ˆğŸ¤ŸğŸ¾ @ Area 51 https://t.co/zg2CpqaOdv,New Jersey
181,potato latke topped homemade applesauce latkas potato applesauce homecooking easterdinner easter food corona california,-0.5,"Potato latkes topped with homemade applesauce.
.
.
.
.
#latkas #potato #applesauce #homecooking #easterdinner #easter #food @ Corona, California https://t.co/Okpo25SqT0",California
182,fighting covid nineteen happy easter rabbit facerabbit corona california,0.0,"Fighting COVID 19, Happy Easter ğŸ°ğŸ‡ @ Corona, California https://t.co/D412M2zPt6",California
183,people feeling quarantinedouble exclamation markï¸ musical scoremusical notesmicrophonemusical keyboard dazzlingdanette performerlife aea covidcut corona thankstohealthcareandessentialworkers healingpowerofmusic jersey city new jersey,0.14727272727272728,"What many people are feeling during this Quarantineâ€¼ï¸ ğŸ¼ğŸ¶ğŸ¤ğŸ¹#DazzlingDanette #PerformerLife #AEA #CovidCut #Corona #ThanksToHealthCareAndEssentialWorkers #HealingPowerOfMusic @ Jersey City, New Jersey https://t.co/CKzJIw31l1",New Jersey
