|Savages Class of 2020 #corona #iparkmusic #savage #classof2020 @ La Mirada, California https://t.co/DJmtwuc95k|
|Summer time anti Covid garden time.

In Sunnyside‚Ä¶ https://t.co/39dz3xYiDA|
|First Spartan Race Since COVID-19 - WW Ranch near Jacksonville ... The number of competitors was capped at 1,500. Staff, photographers and volunteers were masks. Interaction in the‚Ä¶ https://t.co/0sYZlUSRvw|
|Weekend 2 of 3 helping my pals at Des Moines Public Schools photograph ‚Äúpersonal commencements‚Äù for the graduating Class of 2020. Due to the ongoing COVID-19 pandemic, seniors from each of the district‚Äôs 5‚Ä¶ https://t.co/HgUI3R7VJP|
|During the pandemic, even the earth was getting some time off.  Now we are back to this.  #covid19 #toosoon #savetheplanet #viewfromamountainbike @ Bel Air https://t.co/Xmui7u995G|
|COVID-19 update @ Queens, New York https://t.co/9LDk3AmAns|
|Alabama COVID-19 Hospitalizations Hit Record High!

https://t.co/lEelvA8Cko|
|Y‚Äôall... My lovely and one of my besties in the world beachblonde078 is making masks!! She started because her cleaning biz took a hit when coronavirus came along, like so many of us! Turns out this is just one more‚Ä¶ https://t.co/BjxAp0wo7T|
|Private Beachin‚Äô....just because, social distancing ain‚Äôt invited! 100 miles military protocol travel restrictions made us do it. üèùüçπ‚òÄÔ∏è...oh La Corona! 
.
.
#LaCorona #Milso #ProtocolAtItsFinest #NoVacationNoProblemo‚Ä¶ https://t.co/UixF0OCoXt|
|Parents, after experiencing a pandemic, virtual learning with your kids and no school for 2 months and seeing how your child struggled with distance learning. Can you afford not to attend free workshops with your‚Ä¶ https://t.co/jmt6nc3k1a|
|This is the new date since the original date was cancelled due to the covid-19 shutdowns. @ The Drunk Horse Pub https://t.co/JPkbbcq9dm|
|I went to San Jose for the new line open that BART extends to the Silicon Valley. 

As we know, the coronavirus has spread to the this place in the short time and become the serious case in the US but has exceed by‚Ä¶ https://t.co/SNl2NqdRlj|
|Beach day in pandemic times with 6 social distance feet üòéüå¥üåäüåûbtw, I'm in love with Treasure island  and St. Petersburg #beach #beachday #caddy #caddysonthebeach #pandemictimes #covid19 #covid19fl #socialdistancing‚Ä¶ https://t.co/Gt1VnytHwA|
|Although every hair is unique, Awesomeness is guaranteed üíÉ
.
.
.
.

#yumasmallbusiness #yumastrong #yumakindness #covid19 #yuma #yumahairsalon #yumahaircuts #yumahaircolor #yumahairstylist #yumahair #yumaaz‚Ä¶ https://t.co/oStGQ8U90T|
|Lashes and Lip gloss. THANK GOD MY MAMA FINE.. üòÅ
And I gained Covid 19 weight üòî @ Morada, California https://t.co/05xTdq3qrg|
|It was a Beautiful Pandemic Evening ‚ÄºÔ∏è @ Philadelphia, Pennsylvania https://t.co/cHxbRcQZul|
|Weddings in the time of COVID. Congrats Gabby and Eric! #bidibidibanda #selenaquintanilla @ Hebbronville, Texas https://t.co/75qTaYTcl0|
|START  BOOKING  SPACE is LIMITED !! 
OPEN UP TO TAKE BOOKING!!

PLEASE DM FOR INFO!! 

&lt;HOW TO BOOK &gt;
&lt;HOW TO MAKE DEPOSIT PAYMENT&gt;
&lt;BE INFORM ON NEW COVID 19 SAFETY REQUIREMENTS &gt; @ Chynasnails https://t.co/29M9cbxpmd|
|START  BOOKING  SPACE is LIMITED !! 
OPEN UP TO TAKE BOOKING!!

PLEASE DM FOR INFO!! 

&lt;HOW TO BOOK &gt;
&lt;HOW TO MAKE DEPOSIT PAYMENT&gt;
&lt;BE INFORM ON NEW COVID 19 SAFETY REQUIREMENTS &gt; @ Chynasnails https://t.co/Jjwq5dAzFj|
|‚ÄúLove takes off the masks that we fear we cannot live without and know we cannot live within.‚Äù
‚Ä¢
#jamesbaldwin #qotd #mask #covid19 #world #pandemic #2020 #matching #lead #pain #physician #femaledoctors #bossbabe‚Ä¶ https://t.co/4JhyIntiId|
|Aroi Aroi Aruy last night! Zucchini , mushroom on a stick, zucchini beef with cauliflower &amp; mushroom dish. Steamed rice.  Covid 19 update yesterday with West Point graduation  &amp; Wasana at parking with building‚Ä¶ https://t.co/GfA7MNbJbF|
|Today at 11am! From #Hollywood to #WeHo #allblacklivesmatter #pride2020 #nojusticenopeace üè≥Ô∏è‚Äçüåàüò∑‚úä

 *COVID19 guidelines will be enforced. Please keep safe out there everyone! @ Hollywood &amp; Highland https://t.co/8TmUuSr7ss|
|#mute #Stockton #live #notinfearanymore #Covid19 @ Stockton, California https://t.co/rLXKH9RTtY|
|3 years of staying up late in designland. 3 years of sending properly named files to my mentors. 3 years of playing, learning and discovering in the theatre. COVID really messed up the entire culmination of it all‚Ä¶ https://t.co/6YQ95V5rRg|
|üíØno doubt. 

#nojusticenopeace #blacklivesmatter  #whitesupremacy #terrorism #keepyourfootonthegas 
#racismisnotupfordebate #racism #thevirus #amplifyblackvoices #trump #pandemic #georgefloyd‚Ä¶ https://t.co/G2OyZCvNYc|
|Are You Tired Yet??
Wendy‚Äôs brunt to the ground after the killing of a man who was sleeping at the wheel..
#2020 is going down as the year of Blacks being Murder...By cops &amp; #covid19   Who making a #vaccine for‚Ä¶ https://t.co/lL7rPV2X4I|
|START  BOOKING  SPACE is LIMITED !! 
OPEN UP TO TAKE BOOKING!!

PLEASE DM FOR INFO!! 

&lt;HOW TO BOOK &gt;
&lt;HOW TO MAKE DEPOSIT PAYMENT&gt;
&lt;BE INFORM ON NEW COVID 19 SAFETY REQUIREMENTS &gt; @ Chynasnails https://t.co/pNwnC6ORMc|
|START  BOOKING  SPACE is LIMITED !! 
OPEN UP TO TAKE BOOKING!!

PLEASE DM FOR INFO!! 

&lt;HOW TO BOOK &gt;
&lt;HOW TO MAKE DEPOSIT PAYMENT&gt;
&lt;BE INFORM ON NEW COVID 19 SAFETY REQUIREMENTS &gt; @ Chynasnails https://t.co/sP5dIazKle|
|So proud of you My Love. Congratulations on your Masters in BioInformatics. Combined w your undergrad degree in Computer Engineering, A.I. there is so much you can contribute in this day and age of pandemic. Pls‚Ä¶ https://t.co/i0t80B5Nq3|
|START  BOOKING  SPACE is LIMITED !! 
OPEN UP TO TAKE BOOKING!!

PLEASE DM FOR INFO!! 

&lt;HOW TO BOOK &gt;
&lt;HOW TO MAKE DEPOSIT PAYMENT&gt;
&lt;BE INFORM ON NEW COVID 19 SAFETY REQUIREMENTS &gt; @ Chynasnails https://t.co/wP2IB3jXwV|
|#NurseAJR

Am I overthinking this?

Is it rude to ask others to cover their face? Listen to the short story?

masktoprotect #covid19 #n95 #n95masks #MaskToProtect #jewish #doitforthem #infectioncontrol #advice @ New‚Ä¶ https://t.co/aRqzDjozi8|
|a tale of pandemic
‚Ä¢
‚Ä¢
‚Ä¢
‚Ä¢
#Florida #sunshinestate #stateofmind #morning #beach #playa #sea #summer #ocean #sun #beautiful #waves #landscape #sky #sand #travelgram #instagram #coronavirus #Tropics #cancer #caribbean‚Ä¶ https://t.co/iPsUAA5S30|
|Revealed: Boris Johnson, in total #ProvenLoserTrump-fashion, scrapped Cabinet ministers' pandemic team six months before #Coronavirus hit Britain.

https://t.co/Z0cBwsCeRA|
|a tale of pandemic
‚Ä¢
‚Ä¢
‚Ä¢
‚Ä¢
#Florida #sunshinestate #stateofmind #morning #beach #playa #sea #summer #ocean #sun #beautiful #waves #landscape #sky #sand #travelgram #instagram #coronavirus #Tropics #cancer #caribbean‚Ä¶ https://t.co/O7vsx8aQeH|
|CDC FBI CIA knows where this pandemic came from how it started and the infections were premeditated they're just not going to tell you where I came from they know something that you don't know and they're not going‚Ä¶ https://t.co/VuPYkeUVqd|
|Shoppers waiting to get in the Nordstrom's rack store with 40% off all items with a 40 minute line to check out. #california #shopping #nordstrom #40% #marketplace #covid_19 @ Tustin, California https://t.co/lwjQHKiZfP|
|My recent experience with Covid19 has raw. It reminded me of my desire to succeed and my determination to win. I have evolved into a stronger version of myself. I can't wait to see what‚Ä¶ https://t.co/4vxME5Bz7a|
|This year, Pride month falls in a time of great change and uncertainty. From protests for black lives matter to a pandemic, many have had to stay home to stay safe due to health concerns, while many banded together‚Ä¶ https://t.co/BmWJILTWct|
|The pandemic proves it: Trump's healthcare record is one of abject failure!

 https://t.co/qxaTylzhg6|
|Yeah! Baltimore Downtown Farmers Market is OPEN!
Due to Covid-19 we will only offer our delicious 
Patties &amp; Vegan Samosas cold packed to take home 
to Heat and Serve heating instructions provided
Please support us‚Ä¶ https://t.co/LxWVo5xqGQ|
|Sharing a joyful moment from our youngest family member, Ava üå∑ Even during the Covid pandemic we‚Äôre able to keep up with family and friends by sharing pics. üôèüèº @ Chocolate for the Spirit https://t.co/iQfhrDTVNj|
|#WeStillQuarantiningOverHere get your protective styles #youbookingornah @_blessed_hands_ ‚ÄºÔ∏è #coronavirus 
Make sure u don‚Äôt forget
Hair/Lashes/Facials done Book &amp; Shop #coronavirusfreeenviroment 
Call or Text‚Ä¶ https://t.co/9SYsbZCSTU|
|#WeStillQuarantiningOverHere It‚Äôs #BraidSZN Get your protective styles NOW#youbookingornah @_blessed_hands_ ‚ÄºÔ∏è #coronavirus 
Make sure u don‚Äôt forget
Hair/Lashes/Facials done Book &amp; Shop #coronavirusfreeenviroment‚Ä¶ https://t.co/puPQ5QswQf|
|#WeStillQuarantiningOverHere Want to add more fullness to your hair #TapeIns is another alternative #youbookingornah @_blessed_hands_ ‚ÄºÔ∏è #coronavirus 
Make sure u don‚Äôt forget
Hair/Lashes/Facials done Book &amp; Shop‚Ä¶ https://t.co/qMGqrCJ4Ps|
|Good Morning Pandemic World. @ Wells Branch, Texas https://t.co/rMj38iZ0Kr|
|One positive note about the COVID-19 situation is that my work,¬†‚ÄúSpindrift‚Äù continues to be currently on loan in Congressman Joe Kennedy III‚Äôs office on Capitol Hill, Washington, D.C.¬†¬†This exhibition of land and‚Ä¶ https://t.co/FYr0DK9GR5|
|#WeStillQuarantiningOverHere It‚Äôs #BraidSZN get your protective styles Now #youbookingornah @_blessed_hands_ ‚ÄºÔ∏è #coronavirus 
Make sure u don‚Äôt forget
Hair/Lashes/Facials done Book &amp; Shop #coronavirusfreeenviroment‚Ä¶ https://t.co/Wm5RCWYOCO|
|Family Matters!üòç #TheWifeCoach #ForeverInOurHearts #LifeWithLB #RuthsGirls #CelebratingLife #COVID19 #Legacy @ Washington D.C. https://t.co/9OHUFn5xUR|
|Caption #1: Compliment Sandwich 
Caption #2: ‚ÄúSir, I admire your optimism.‚Äù
Caption #3: üé∂ One of these things is not like the other...üé∂

#covid19 #headlines @ Durham, North Carolina https://t.co/ceNJBywpOn|
|My former high school "friends" from the old home town of Portland, Oregon have gone nuts. They're blaming the slowing of reopening during the pandemic on the Black Lives Matter protesters, and some geniuses are‚Ä¶ https://t.co/gkJMTRtPdp|
|My world, hoping this is a very short lived series (a bit surprising how many #abandoned #masks I‚Äôve seen). #mask #coronavirus #covid #covid19 #sequester #coronaviruspandemic on south side of 70th east of 3rd @‚Ä¶ https://t.co/JVXYIdP1qA|
|The truth about covid-19 gets clearer by the day

The researchers in this study tested hundreds of first responders who were asymptomatic carriers of #covid_19, their spouses, and in some cases their children over‚Ä¶ https://t.co/UaHHtUpcNM|
|I haven‚Äôt taken this sucker since Sunday, March 8th for my last face to face French class that has been turned into distance classes ever since this administration lost control of the COVID-19 pandemic. Today‚Ä¶ https://t.co/V8IZGajaqz|
|üé¨Well that was a FIRST...first show since the PANDEMIC! ‚ù§Ô∏è @ TinCap https://t.co/RwABzIUA7O|
|Stopped to snap a photo of this pre-COVID-19 movie theater time capsule yesterday. I wonder if this sign will ever be updated again? @ WK Cinemas https://t.co/UIV18qRvf3|
|#SantaAna COVID-19 update for June 13: 23 new cases. The county‚Äôs case fatality rate is up to 2.62%. Estimated recoveries in Santa Ana: 849. #OCCOVID19 https://t.co/TreVzxJwIB|
|If you're joining us online today, listen to this weeks pre-recorded sermon or visit our Facebook page to see our live-stream service at 10:30am God's People In A Pandemic: A Family For The Lonely  https://t.co/uqqWFIi4Kl|
|Good Morning. During the current Coronavirus (COVID-19) outbreak, the Township of Ocean Historical Museum will be closed.  We are currently closed through Monday, July 6, 2020.  Please continue to check with us to see if that date has changed. https://t.co/EhhAXnxucc https://t.co/DBvLjj8JVE|
|Congratulations to my investor client Charles in settling on this home he is flipping.  He bought 3 homes just days before Covid 19 hit and we were able to lower the price and finally get to closing.  Excited to see‚Ä¶ https://t.co/sapXiwkldi|
|Corona NY Sun Jun 14th AM Forecast: TODAY Mostly Cloudy Hi 45 TONIGHT Partly Cloudy Lo 31|
|#MashableShopping #Coronavirus #FaceMasks 20 face masks on sale that you won't be embarrassed to wear outside https://t.co/j2h1aF5MP8 https://t.co/1xDpI32Hec|
|TRANSPORT FOR LONDON CHANGES ON 15TH JUNE 2020 #LONDON #COVID19 #BUSPASSESS  https://t.co/kluqhJwYzU|
|üóùSOLDüóù
My buyers recently got married, and extended family came to join the household, leading to the need of a larger home. We went under contract at the end of January, and COVID-19 stepped in and caused all kinds‚Ä¶ https://t.co/fwgMlh9EzE|
|Summer Sand Volleyball Registration will open next Friday, June 19th, at noon! We will have more details available on our website this week, but in the meantime check out our PSL Covid-19 Resources page (link in‚Ä¶ https://t.co/q0o9iBCJsm|
|All good things must come to an end - all COVID -19 discounts end today, June 14th!

All discount sales have been extended through TODAY:
- 25% off of bottles of still wine, Minimum purchase of one bottle required‚Ä¶ https://t.co/DIPaA0t5DP|
|First we want to thank everyone of our customers who has been supporting us for the past few months, especially those who did not let a pandemic slow them down in enjoying all their toys. As humans we need to stand‚Ä¶ https://t.co/Jwpth48xiM|
|This is ‚ù§ since '72
Just found this picture as I've been cleaning out my home to move. This reminds me that love transfers to any home, as long as your in it together.  
(My parents lived in Corona, Queens for 15‚Ä¶ https://t.co/EmnGJItsS1|
|We‚Äôre hosting a live training Thursday. It‚Äôs 30-minutes. 

‚ÄúNot all storms come to disrupt your life: some come to clear your path‚Äù. 

You may be thinking about ways to comeback after COVID and do things differently‚Ä¶ https://t.co/oX5NC6Rdze|
|#Repost iamsusanltaylor download.ins
---
Poverty Amidst Pandemic Special on MSNBC 
Sunday June 14, at 7pm PT / 10pm ET join Rev. Dr. William Barber and Rev. Dr. Liz Theoharis, Joy Reid, and state leaders from across‚Ä¶ https://t.co/bxEm1yT3jC|
|2020 EUROPEAN CHAMPIONSHIP MOVES TO ITALY
https://t.co/AoqtMaDDRu
DUE TO COVID19, THE 2020 EUROPEAN SLOW-PITCH SOFTBALL CHAMPIONSHIP HAS BEEN MOVED TO RICCIONE, ITALY.
#europeanchampionship #slowpitchsoftball #slowpitch https://t.co/t9yRcUJzr9|
|Order the industrial safety equipment gas mask or KN 95 mask with the filter call 440-381-0252  #cleveland #covid_19 @ Cleveland, Ohio https://t.co/hKWXr1gFC5|
|Small businesses affected by #COVID19 can soon submit their applications for loans &amp; grants to our new Durham Small Business Recovery Fund. The $2M fund consists of $1M each from @CityofDurhamNC &amp; @DukeU and will be administered by @CarolinaSmBiz. Details: https://t.co/2sTaNC4bS8 https://t.co/5np6A3dXKi|
|üöú Need ASV Parts? üöú
Shop here üëâ https://t.co/6CPVxdaWZH
1-631-901-4737
#rubbertracks #tracks #ctl #mtl #heavyequipment #corona #deere #heavyequipmentlife #ny #bobcat #undercarriage #cat #asv #terex #johndeere #deere‚Ä¶ https://t.co/fP2ge899co|
|Quarantine set up being cautious during CoVid-19  #staysafe Follow us on ig, Facebook and Twitter.  Also book an appointment on ig book button, Google, Yelp or Our website https://t.co/e0vBRAahUN‚Ä¶ https://t.co/c3etbPqwOw|
|In the real world the number of dead Americans from coronavirus is 117,538. On the Fox News website however the virus is gone. What we do have is Happy Birthday to Donald Trump‚Ä¶ https://t.co/uOwzTqo5Yw|
|First in person Mass post pandemic üííüôèüèª‚úùÔ∏è (@ St. Clare Catholic Church in Clifton, NJ) https://t.co/5wHJLcQyNg|
|Happy 1st First Anniversary to the love of my life! I'm so grateful God brought us together and keeps us together through better #everygoodthing and worse #covid_19 You are an amazing husband. Provider, protector,‚Ä¶ https://t.co/G2WD2QcMNC|
|Coronavirus didn‚Äôt allow proper celebration of matching into residency in March. So I decided to gather people who have emotionally, physically, and spiritually supported me during the waiting period. We bought a‚Ä¶ https://t.co/JstPisfx5l|
|After 3 month break thanks to the Corona, it‚Äôs time to get back to business üôåüôå. 
.
.
I love this sentence and strongly agree with it - ‚ÄúPilates is not just about great posture and a rock-hard core. It is more than‚Ä¶ https://t.co/XiZZ1ze9hR|
|Somebody is lie'n...

#covid19 #covid @ Jacksonville, Florida https://t.co/AL1tmy5CVg|
|Rounds 1, 2 and 3 to Covid 19, but this is a 12 round fight and after a week to reflect, rejuvenate and refocus I will dominate the rounds that matter! @ Destin, Florida https://t.co/tOpC8sMhM0|
|DAILY LOVE GUIDE: (A ‚ÄúHow to‚Äù guide of a Perfect Marriage).
.
.
My wife have been pretty emotional since COVID-19 and other world issues have entered our lives. I‚Äôve learned there are always things I can do or say‚Ä¶ https://t.co/C0hwkJ15HU|
|Me my mask on my first Covid vacation üòé
‚†Ä‚†Ä
I took a mini solo trip this wknd and DAHUM it was good...ü¶ã
‚†Ä‚†Ä
A deer watched me practice yoga on Saturday morning while butterflies flew around my head ü¶ã I ate food in an‚Ä¶ https://t.co/HNLw8XUiNR|
|So I was strolling through &amp; my best friend posted an article by XONecole. The title caught my attention and baby this article resonated so much with me. During this pandemic my relationships have been challenged and‚Ä¶ https://t.co/OHajeu8r23|
|First tour of #philadelphia and walk to our hotel. This is the first overnighter since Covid19 and we were happy to find a city alive in full summer swing #summer2020 @ Philadelphia, Pennsylvania https://t.co/Jzxva8odoy|
|Today I was supposed to be racing my 1st Ironman 70.3 Eagleman on the Eastern Shore but Corona changed those plans. I now have another whole year to get ready to crush my 10th 70.3‚Ä¶ https://t.co/kYpxDno7oV|
|Safety update on the mural painting today!: Since we are now considered to be in the 2nd wave of covid-19 in SATX we can't allow more than 10 people in at once to work on the mural. We will be taking temperatures.‚Ä¶ https://t.co/Qj6MYrAuRp|
|definitely the latter https://t.co/4DDxBlEbuK|
|My ears after Coronavirus. @ CBD + Health Boutique https://t.co/DHtl3K9aFE|
|Covid-19 does not stop the sun from coming up everyday!

#sunrise #covid19 #sun #palmsprings #Realestate #Realty #Realtor #Realestateagent #Homeforsale #Broker #Forsale #Property #Properties #Listing #Renovation‚Ä¶ https://t.co/QlhteiRUDg|
|@andreacardwell and I had an ABSOLUTE BLAST yesterday at casadimazzaro‚Äôs Big Fat Greek Cooking Class! Chef Gail Hoffman taught a great instructional session and #CasaDiMazzaro followed necessary COVID-19 safety‚Ä¶ https://t.co/IE1Q1s6QwN|
|tricountypowersports Austin Pecoraro @AustinP_175 charging through the whoop section on his @metzelermotousa RACETEC rains at the @ROTRally taken this time 2 years ago. Due to this years pandemic it‚Äôs on next years‚Ä¶ https://t.co/cJYFI88hRm|
|Successfully completed that TikTok challenge where you graduate college during a pandemic üíØ

üì∏: lilgoken @ Iowa State University https://t.co/v5V7pmAkDo|
|Train fast, be fast. Train slow, stay slow. 
-
-
For coaching ‚è© https://t.co/zxLLu82ioE
-
-
#bodiesbycarlos #covid19 #corona #personaltrainernaplesfl #internationalcoach
#onlinecoach #homeworkout #naples @ Naples,‚Ä¶ https://t.co/qylGTIESV1|
|Here's a great explanation of what happens during Antibody testing for Covid 19.  I learned a lot yesterday and am grateful for my coworkers that came out.  @NanaFree2BME, you are doing God's work taking healthcare‚Ä¶ https://t.co/a5uwSj4RC4|
|Corona CA Sun Jun 14th AM Forecast: TODAY Mostly Sunny Hi 87 TONIGHT Clear Lo 58|
|@aaronecarroll COVID-19 don‚Äôt care. https://t.co/dD5PJvPi8d|
|Welcome to Phase II
First official haircut in 3 months.

‚úÖComplete COVID questionnaire
‚úÖInclude name and phone number for Contact Tracing
‚úÖ Temperature 98.2
‚úÖ Wait in car until Trey is done

Congrats on reopening‚Ä¶ https://t.co/UZwqushjM1|
|Coronavirus live updates: European nations sign deal with AstraZeneca for 400 million vaccine doses - CNBC https://t.co/nfWeJy57Hg https://t.co/oLfKwDo92I|
|Hey friends. I understand that COVID19 is inconvenient and that wearing a mask really sucks. I get that your business is hurting. I get that you think saying ‚Äúall lives‚Äù or ‚Äúblues lives‚Äù right now is ok right now.‚Ä¶ https://t.co/maHRmlSaEq|
|Thank goodness for my traveling hairdresser, Michael Galloway. #MyHairdresserMakesHousecalls #covid_19 @ Browns Mill https://t.co/7Pd32uR988|
|https://t.co/S4oWTeAfVB Blog Link || #Celebrities Singing Online To Uplift People During The #COVID19 Epidemic: For Accurate &amp; Up To Date Information Click {CDC || #Coronavirus (#COVID19)} With everything from‚Ä¶ https://t.co/Ymyqm6PulV - View This Post || https://t.co/S4oWTeAfVB|
|Get Tested!! Know where you stand! #covid19 #testing #Godovereverything @ Richmond, Virginia https://t.co/9FbYyY1s1R|
|This morning‚Äôs #summerbreak2020 destination. #stayinghome #coronavirus @ Sun Valley https://t.co/NNYitb2C5E|
|One of my last assignments pre-COVID üíõ I cant wait to get back to all my beauty queens. üëë
.
.
.
Are you a client looking for a skilled professional hair and makeup team for your next on-air appearance?
Contact us‚Ä¶ https://t.co/tEFsw728ez|
|There are so many things to reflect during this pandemic journey... the simplicity of relating to Jesus is one that I will not take for granted! #castingthenett #holyship #communion @ The Nett Church https://t.co/5prq3RejDS|
|Happy Sunday All:

Hope all are well and safe! I write to share, I too join many who‚Äôs BDay plans have been impacted by COVID19. Every few years my birthday falls on Father‚Äôs Day. Included in my destination BDay‚Ä¶ https://t.co/g3OycgluBK|
|Even though the festivities have been postponed this year due to COVID-19, we are still celebrating our LGBTQIA+ brothers and sisters on what would have been LA Pride Parade Sunday. COVID cannot cancel LOVE!‚Ä¶ https://t.co/XEY4U0pNDe|
|Even though the festivities have been postponed this year due to COVID-19, we are still celebrating our LGBTQIA+ brothers and sisters on what would have been LA Pride Parade Sunday. COVID cannot cancel LOVE!‚Ä¶ https://t.co/2AYxoBeBpO|
|Remember, we all bleed red. ü©∏üá∫üá∏üá∫üá∏üá∫üá∏
  
#coronacigar #orlando #corona #cigar #cigarlife #cigaraficionado #botl #sotl #cigars #donatetoday #donateblood #donatebloodtoday @ Corona Cigar Company https://t.co/zZRE0ejY9I|
|#coronavirus en Washington D.C. https://t.co/K8nmYnR4su|
|üîñ Shut the door on work and enjoy the long weekend with those you love.
.
Working from home has been gaining traction the last few years and has now been sped along with the recent Covid-19 outbreak. Living in a‚Ä¶ https://t.co/awvlii3DLn|
|Not unreal. Totally predictable. https://t.co/Py069DbA01|
|#Brooklyn in the time of #Covid19 
üíõüíõüíõüíõüíõüíõ @ Bushwick https://t.co/ABCkIWg93G|
|üí™ü•Øüí™You guys, shugsbagels is the bagel shop you‚Äôve been waiting for, but don‚Äôt forget there‚Äôs still very much a pandemic out there so wash your hands, wear that mask, stand 6 feet apart, don‚Äôt touch your face, and‚Ä¶ https://t.co/wGpYg93YSb|
|How I‚Äôve been spending a lot of my #freetime since the start of #COVID19 #writingabook #anauthorwhynot #author #hpxlife #betheexception #whynot #23000wordsandcounting #girlboss‚Ä¶ https://t.co/JWpV5bZGQt|
|One last morning in the pool. #rowdyrobbie #sophiegram #covid19 #getoutside @ Chadds Ford, Pennsylvania https://t.co/8IwOzSrAPZ|
|Went to breakfast with these two this morning. #covid19 #closeencounterwiththe5thkind #sausagegravy #eggsbacontoast #cornedbeefhash @ Slayton Place https://t.co/4IBWsSWw0k|
|COVID-19 AND IT‚ÄôS PSYCHOLOGICAL IMPACT ON CHILDREN‚ÄôS AND ADOLESCENT https://t.co/ZptKUMLQ3n|
|Good morning world! Sunday funday with my faves! #decklife #bloodymary morning on #millelacs Shirl n Dave are the best! #ilovesummer #corona is tasty cold! @ Mille Lacs Island Resort https://t.co/0tEa0VELsZ|
|Sling it, wear it, flatten it and conquer this covid!  Blue Sky face buffs üò∑ Slingin‚Äô em all day long. #facemask #facebuffs #covidbegone #coronabegone #staysafe #blueskyendurance #yourskyyourlimit @ Blue Sky Endurance https://t.co/XXAElHganv|
|Sometimes you just need a break from life and #NotTodaySatan moments go out the door! Bring it on! 2020 started with the death of Kobe, followed by Covid19, killer wasps, aggressive cannibal rats, death of a human‚Ä¶ https://t.co/BZcsjpTKIK|
|#MondayNiteRawComedy TOMORROW night @ 6p pst 8p cst 9p est Live Streaming on #BoKnows youtube channel w/the hilarious @adeeworldwide, goldie_98, @OfficiallyKetra &amp; @mikesamp32. Tune in #Monday night! #Covid19‚Ä¶ https://t.co/f5Mx2ZnJxS|
|Walked out of the hospital a week ago, not knowing that I had just done the LAST (for now) night shift in our pop-up isolation ICU (‚ÄúRICU‚Äù) for COVID-19. I suspect I will see it again. @‚Ä¶ https://t.co/Lu431O3OHb|
|World's Second Largest Airplane Boneyard. We were allowee access to the facility, but not the Tour due to CoVID-19 staffing shortages. @ Jet Yard, LLC https://t.co/vQo3U5fr2l|
|I voted by mail today. Easy. No lines, no #COVID, no conflicts with work schedule, no antique voting machines. Try it out. #VoteByMail2020 #usps #voteforourlives @ Crozet Post Office https://t.co/OkoNg01NL1|
|Happy Flag Day,  I just had my best half marathon distance run since this pandemic started 3 months ago. It was perfect weather outside. I'll take a 2:18 half marathon time for a training‚Ä¶ https://t.co/CVU90mwsWR|
|One more day living under #covid19 malvernpa malverndaycamp @malvernfm @MalvernStrength @MalvernRetreat malvernmotivation #sergiarellano #malvernpa #pennsylvania #summer pennsylvaniaisbeautiful pennsylvania_wild‚Ä¶ https://t.co/NSvLkpWT3H|
|@inthespiritent Protective Mask are in for Protection in COVID19 made by Jasmine Donnell #protectivegear#mask#safety#precautionsforcoronavirus#covid19#jasminedonnell @ In The Spirit Entertainment, LLC and‚Ä¶ https://t.co/TDsJr3qVJY|
|One of our favorite gardens in Rochester? The @eastmanmuseum's, of course! While they are currently closed due to COVID-19, some of the gardens are still accessible to the public. Take a stroll and bask in the glory‚Ä¶ https://t.co/xLqZI6GieM|
|Oh it feels so good to be sweating again!
Was doing well before the pandemic, and then little injuries added up to big injury.  After several specialists and therapy, finally got the legs, knees, ankles and feet all‚Ä¶ https://t.co/gugRArQGI0|
|"RIP"  shirts hit differently when you have personal ties. Emotional project, I can't lie.  Rest Easy Jose.  
#covid19 #coronavirus #i3atmobb #mobbteez #motivating #others #2break #barriers #notselfish #justhungry @‚Ä¶ https://t.co/0sxWemv9cK|
|First ‚ÄùLIVE‚Äù #covid19 Open House 
9376 Whooping Crane Way 1-4 #naplesflorida #realestate #luxurylifestyle #resortlife @ Golf Club of The Everglades https://t.co/tTsf9gjYxi|
|Corona Virus claims a black belt. Chuck Norris, Dead at 77.

Carlos Ray ‚ÄúChuck‚Äù Norris, famous actor and fighter, died yesterday afternoon at his home in Northwood Hills, TX at the age of‚Ä¶ https://t.co/j5JAMFEGOr|
|#2Hippies make Fire Art last night somewhere in Elyria!

Campout Weekend for Lorain County Music Foundation! #ExploreOhio #Covid19 #SocialDistance #InthistogetherOhio @ Elyria, Ohio https://t.co/0SZKj2VUUh|
|FROM CORONA TO CORONA DEL MAR: Birthday weekend starts now at an idyllic escape to a Spa Resort located in Newport Beach, CA, perfectly located near the shops and restaurants of Fashion Island and easy access to‚Ä¶ https://t.co/Dz2YAaCFun|
|A couple months ago when the coronavirus first started shutting things down, I learned about a disabled artist named Larime Taylor who draws caricatures of people on the Las Vegas strip with his MOUTH! üëÑ Since this‚Ä¶ https://t.co/V6fNJ4tHTq|
|NatureVibes...#60/365 #2020/365 #2020 #365  #airisanessentialneed #covid19  #freshair #freshairtherapy #naturetherapy #treetherapy #soundsofnature #brightspot #breatheinbreatheout #gahikes #hikingadventures #hiking‚Ä¶ https://t.co/Onpw2eeQxL|
|12 mile #walk #myhood #shield #uws #pandemic #crazytimes #signofthetimes #ny1pic @ Upper West Side https://t.co/criaIfZkl5|
|U had me hello #ahi time for some #poke üëâüèªüç© @ Corona del Mar, California https://t.co/mFCGlOvJ7g|
|A little COVID humor at the park. 
.
.
.
#covid19 #funny #sfbay #outdoor #park #sanjose #almaden @ San Jose, California https://t.co/ZVa6zRJAna|
|Be safe out here... Link in bio to get your C√∂rner Kids Face Mask. #c√∂rnerkidsapparel #c√∂rnerkids #FreedomOverDoubt #cornerkids #stayfocused #blackowned #greatness #facemask #covid19 #blackowned‚Ä¶ https://t.co/QxYc6Odt5T|
|‚ù§Ô∏èBecause I am grateful to God that I am alive and healthy during this covid pandemic, I wish to celebrate my birthday all month long üéâüéÇüéâ üôèüéÇ Lake George, New York @ Lake George, New York https://t.co/3qq9yzPrZo|
|Racism is a pandemic too!! @ Dallas, Texas https://t.co/rT0HMOqFhS|
|üö® TOMORROW is the day! Spread the word and join us as we kick-off our outdoor dining.
.
.
.
#manasquan #leggetts #covid #opening #drinks #beach #beachlife #beachvibes #mondaymotivation @ Leggetts SandBar https://t.co/dBphgSlIrG|
|Happy Covid-19 Recovery Sunday!  In case you missed our front yard movie screening of Jaws last night...next week is Gremlins! @myglendale #jaws #socialdistancing #neighbors #wewillsurvive #coronavir√ºs√º @ Verdugo‚Ä¶ https://t.co/nDhOleiPla|
|South Coast Compilation Mixtape Vol.1üî•üî™üî•üí© #viral #hiphop #explore #explorepage #COVID19 #Coronavirus #weallwegot #weallwegotüíØ @ New Orleans, Louisiana https://t.co/waAerUZfXb|
|Such a fantastic weekend with my girls! Corona may have stolen the date, but that doesn‚Äôt mean we can‚Äôt find an excuse to celebrate! So thankful for all of them!!!!!‚ù§Ô∏èüíçüî•ü•Ç @ Ferrante Winery &amp; Ristorante https://t.co/CfQqvZTnh2|
|Premier Pandemic Performance!! This Fri-Sat June 19-20 I‚Äôm in Green Bay WI!! Kum ‚Äòn Git Sum Kulcher!! Tix: https://t.co/u7HQqYF3NO @ Cup O' Joy Music Venue https://t.co/QtnhCt80dx|
|Peace to those who want Peace, the Hell to those who want Hell. -IsReal Born #artbyisreal #artbyizzy #2020 #pandemic #justchilling #40gang #bearded #blm #tattooartist #atlanta #atl #peace @ Stone Mountain, Georgia https://t.co/sO4I6byVrr|
|Life moves fast! It‚Äôs already been a year, and I‚Äôm finally not a trainee anymore! While #covid changed the face of sports neurology for the time being (as there aren‚Äôt any sports happening for us to cover right now)‚Ä¶ https://t.co/4BYjGAtnEt|
|Another fan with Sam in hand!!
"Corona Free Concert Series" tonight (Sunday) @ 8pm est.
https://t.co/j5qQN3LZ3N 
https://t.co/sxfjkDi3PP 
Bring some requests!!
.
.
.
.
#unclesam #savageamericanmusic‚Ä¶ https://t.co/7ljZiBkt5N|
|Drinking a Corona Extra by @GrupoModelo_MX @ Old Orchard Beach ‚Äî https://t.co/w283IaowHa|
|Everyday rituals can be the key to #mentalhealth during times of #struggle and #isolation ‚ù§Ô∏è #BeWell #COVID19  #Mindfulness To learn more, check out: https://t.co/BhBDCs5zvk https://t.co/2b7gUeDHIE|
|Abigail Ani explores the work of singer-songwriter Joy Crookes, and the themes that have felt most pertinent when listening to Crookes‚Äô music during lockdown  https://t.co/sZFbaWA9SF|
|Special thanks to miwband and @absolutemerch for this badass face mask #MIW #Creatures #OpenYourMindBeforeYourMouth #GothGirl #VeganGoth #CoverYourFace #COVID19 @ Fire Island, New York https://t.co/jEhJ1szvB1|
|üö® MY 2020 CALENDAR IS OPEN‚ÄºÔ∏è

#COVID_19 put a halt to many in-person meetings, celebrations and engagements. As we begin to acclimate to our ‚Äúnew normal‚Äù, we understand that this includes‚Ä¶ https://t.co/wjXdU9Tqyt|
|Join us for worship tonight at 6:30PM || 2525 Lumpkin Road or https://t.co/MKauXHxgav. @GeoffTGleason will be preaching from Exodus 16:1-21 ¬ª¬†"What Is It?" dealing with God giving manna to Israel. #breadfromheaven #coronavirus #fortgordon https://t.co/hHBzi40RlY|
|This is what Irish Pubs look like in Downtown Boston now in the times of #covid19 @DooleysBoston #guinnessonthepatio  #bostonstreetparking @guinness @ Mr. Dooleys Boston Tavern https://t.co/nUfuDhmG7O|
|National Kidney Foundation

@nkf

You should continue wearing a facemask, hand washing, and #socialdistancing even as communities begin lifting #COVID19‚Ä¶ https://t.co/HNkrbC0Oag|
|Some of the times the organization created this... what are we bringing this year for the post covid? üíÄüòà‚öΩÔ∏è #celebrationspostcovid #fuckcovid19 #fuckcorona #unidossomosm√°sfuertes #unahinchadaunidaesunahinchadafuerte‚Ä¶ https://t.co/fDkJxM65Qy|
|AAKP

@KidneyPatients

Did you miss our webinar on the VA Kidney Program's response to COVID-19? The recording is now available! Professional and patient experts provide all you need to know. WATCH NOW:‚Ä¶ https://t.co/85RJ80TNwR|
|This is the protest going on in Los Angeles right now. We are going to lose tens of thousands of people to COVID19 now. There is justice.   This was too perfect to be a conspiracy to wipe out the human race. #covid19‚Ä¶ https://t.co/z9OvXI5yq4|
|!!üò∑ ‚ÄúPANDEMIC‚Äù GIVEAWAY üò∑!!
.
.
1Ô∏è‚É£ So i‚Äôm treating y‚Äôall to breakfast because honestly that sh!t is important for you to start your days off with energetically (days are draining with everything going on üò©), so‚Ä¶ https://t.co/gDcznqHxA5|
|https://t.co/S4oWTeAfVB Blog Link || Food Banks Stressed || Virus Crisis: For Accurate &amp; Up To Date Information Click {CDC || #Coronavirus (#COVID19)} Food banks and pantries across the country are scrambling to‚Ä¶ https://t.co/9AMEZIjmQ7 - View This Post || https://t.co/S4oWTeAfVB|
|Is that bitch -Corona- gone yet? @ Lower East Side https://t.co/lviCpyaKBh|
|Artists covid19 en Kingston, New York https://t.co/Sew5DILzCh|
|82nd &amp; Roosevelt @ Flushing Meadows-Corona Park https://t.co/YTpcOqHvSX|
|A large part of our covid watching has been dancingbacons street food videos and @vivibubbletea1 gave us a lil taste with the sealed cups and takoyaki! Right next to haunted catholic store. @ Vivibubbletea https://t.co/yKnaajz0Og|
|#aintthatthetruth #covid19 #nyc @ New York, New York https://t.co/6RzCH2oi6V|
|FROM CORONA TO CORONA DEL MAR: Birthday weekend starts now at an idyllic escape to a Spa Resort located in Newport Beach, CA, perfectly located near the shops and restaurants of Fashion Island and easy access to‚Ä¶ https://t.co/jPUzL1lWsJ|
|Thinking back on this day last year and I‚Äôm pretty sure none of us would have ever predicted that the year ahead would include a global pandemic, a layoff, and nationwide race riots.

In‚Ä¶ https://t.co/2rFflyKJ5n|
|Is that bitch -Corona- gone yet? @ Lower East Side https://t.co/p31HGgRKx3|
|METALLICA - MASTER OF PUPPETS #metallica #master #metal #play #song #volume #sound #spring #covid19 #italy #vsco #igers #igersitalia #city #live #vscocam #likes #like #liker #ig_today #staysafe #coronavirus #corona‚Ä¶ https://t.co/lDV6CSCAhV|
|The getting ready portion of the wedding is so crucial. Love getting incredible moments for my clients.   
Thanks @tamronusa for the 28-75mm 2.8. 
#WeddingDay #GettingReady #covid19 #covidwedding #chicagowedding‚Ä¶ https://t.co/2I2ICj3ZL7|
|‚ö†Ô∏èOur apologies to our patrons. Due to Covid-19, mild summer weather, business &amp; relocating in South Korea, and other US civil unrest has delayed the opening of the Nonprofit Executive Pool. However, we are excited‚Ä¶ https://t.co/VLk7OiX1rT|
|With  high school #prom canceled for 2020 do to #covid19 , we will like to offer you the possibility of a free photoshoot at @stanmansion. Dress up bring your date and let's have some fun.
Tag your friends and‚Ä¶ https://t.co/9nUviQbWka|
|‚ÄúAre you wearing those masks for the Corona virus?‚Äù

No, Darryl. We‚Äôre robbing the place. ü§∑üèª‚Äç‚ôÇÔ∏è üò∑ @ Jeff Davis County, Georgia https://t.co/3XGQgGNGO2|
|Feels go to join civilization again #covid19 #corona #chineseflu #chinesepandemic #chineseplague #cartersvillega @ Downtown Broad Street https://t.co/satgAm2yCX|
|I learned today that one of the random items that are hard to get due to the pandemic is a: ‚ÄúRandom Orbital Sander‚Äù. I tried to get the battery powered Ryobi version, because I have a lot of those Ryobi batteries‚Ä¶ https://t.co/5FFnfLBX62|
|June 20th I‚Äôm (@KomedianKG) hopping back on the stage after a long awaited Coronavirus Lockdown. Saturday 11pm (cst) LIVE! at The Worlds Famous @addisonimprov Addison Improv Comedy Club. Seating limited and the show‚Ä¶ https://t.co/IMk8tlnBTX|
|Happy 5th anniversary to my beautiful, smart, and amazing wife kindy1225  You are my rock and always have my back...you are the best mom to Maddox and Corona...you have fulfilled my dreams‚Ä¶ https://t.co/zcAJF7TYX1|
|Can we GIVE IT UPPP for this lady‚Äôs BIRFDAYYY today???! Happy Birthday, Maggie!!!üéÇüëèüéâüéâ She‚Äôs been working hard taking care of pandemic lyfe in NYC since she is nurse LYFE. She scores high on many points of the‚Ä¶ https://t.co/99VVzSf3A2|
|#Turnthepage official video !!! Now on YouTube !!! Link in bio!! This is my best video yet!!shoutout to my shooter @lxgikj !!!!!.
.
.
.

#covid_19 #covid19 #covid #coronavirus #corona #mask #facemask #stayhome #rona‚Ä¶ https://t.co/CGWQZZVnLf|
|So it turns out that our social summer calendar may be not be as full as we may have hoped ‚Äì thanks Corona. However, that doesn‚Äôt mean you cannot stylish this summer.‚Ä¶ https://t.co/wZabo39RrO|
|#wearamask #covid19 #glowinthedark #mask #stuartfreeman @stuartvision @ New York, New York https://t.co/kLFxfQQCYV|
|COVID-19 update 
Company policy just no seating @ Starbucks https://t.co/hmpOQ1KFbi|
|I want to get back to #Florida this summer.
I had fun even on my 3hr #layover in #FortLauderdale this #spring #2020 #Corona #Police 
Round-trip for $35 right now ü§î @ Las Olas https://t.co/pjwQMtqvgb|
|Chronic Disease Coalition

@ChronicRights

Risk of privacy breach exists at #coronavirus test sites - South Florida‚Ä¶ https://t.co/jkDYkX4NJI|
|Me and my first grand baby seeing each other for the first time since the COVID19  pandemic. #winterpaige #gerberbabiesofinstagram #reunitedanditfeelssogood @ Ripon, California https://t.co/sROCGYOAKB|
|DialysisSaves

@DialysisSaves

Experts offer advice on how to save on health care bills, seek financial assistance during COVID-19 pandemic - ABC7‚Ä¶ https://t.co/ad5fyyLTK1|
|In #rome #georgia #visitRome #northeast #covid @ Downtown Broad Street https://t.co/hzW1w4wfkY|
|ü•ÇBrunching with the girlsü•Ç

#sundayfunday #brunch #cheers @ TAPS Fish House &amp; Brewery Corona https://t.co/P1dEW1Op94|
|Lunch at #jeffersons In #rome #georgia #visitRome #northeast #covid @ Jefferson's Restaurant https://t.co/ILaPDq1UdC|
|Lunch with my #mami at #jeffersons In #rome #georgia #visitRome #northeast #covid @ Jefferson's Restaurant https://t.co/MmHuSGGlNi|
|HoopSmart üèÄ Schedule:
June 15-20
T- 4 pm Girls, 5 pm Boys
Th- 4 pm Girls, 5 pm Boys
Sat- 9 am Girls, 10 am Boys

*Please remember to bring own water bottle, per Covid 19. Message to reserve time slot! #HoopSmart #AFA‚Ä¶ https://t.co/IPHPwP8wLA|
|PANDEMIC SETLIST SINGLE 
6/19/20 @ Paterson Great Falls https://t.co/6j8G0pQFUZ|
|COVID-19 update 
At work??? @ Gristedes Supermarkets #059 https://t.co/mvloxfqh0V|
|In #rome #georgia #visitRome #northeast #covid #mami @ Rome, Georgia https://t.co/JfMbGHePym|
|Social distanced visit with Dad yesterday. Oh how I missed sitting and talking with him. ‚ù§Ô∏è He was happy as a clam eating that Big Mac, people. üòÜ Grateful for this visit, ONLY AFTER REGULAR COVID TESTING!!! Filling‚Ä¶ https://t.co/Z5giNjqpLx|
|After Covid-19 lockdown our 10u Pride DFW is ready for next weekend tournament #usssapridedfw #usssafastpitch #usssapride @USSSAPride @usssafastpitch @USSSA @ Arlington, Texas https://t.co/rrOmG63Ehf|
|What kind of flowers and colors would you like to see in this mason jar? Comment below...
‚Ä¢
üö®Covid 19 Update. Pls Read Below &amp; Share.üö®
‚Ä¢
Only 1 employee &amp; 1 driver will be working. We‚Äôll be following all the CDC‚Ä¶ https://t.co/qbWaV04pDD|
|Happy Pandemic Worldwide Uprising Birthday to Me!
Please donate to one of the links in my linktree (in bio) to help rebuild Minneapolis... or donate to one of the funds that are helping to bring justice to families‚Ä¶ https://t.co/QsLNoj9h7p|
|#outdoor #walk at the #pier #chicago in the age of #covid (@ Navy Pier in Chicago, IL) https://t.co/GGRrZ8PHxa|
|Really glad my son and nephew love hanging out together. And the last photo is the result of covid weight gain and a folding chair ripping and collapsing while in mid-conversation üòÇ @ Oxnard, California https://t.co/Ozyw5hh2cz|
|Welcome back Austin! We‚Äôre excited to start sports today. Everyone should continue Covid19 safe practices, and with diligence, we‚Äôll be able to play through this pandemic in safety! #varsitygayleague #vgl #vglaustin‚Ä¶ https://t.co/FClLSRK1PO|
|Roadtrip sights and sounds to Rome, Georgia USA - first trip post #covid19 #selfquarantine #coronavirus #blacklivesmatter #maga #blm @ Downtown Broad Street https://t.co/O8fD9mdNbN|
|Once again, on Sunday as of 3:44, Florida and North Carolina are number 1 and #2 in the nation for new cases of #covid19  üòë Sundays are normally lower reporting days üò¨ Hospitalizations in NC holding right ~800. Both‚Ä¶ https://t.co/rLHdotgMun|
|thrilled to be featured in @MarieDennise @alisoncook‚Äôs round up of pandemic essentials. online sales have soared, even in our own home town - thanks, friends! #preservingtexas @ Confituras https://t.co/4WBhj3m9D8|
|LET‚ÄôS LEARN ABOUT ANOSMIA... ‚Å£
‚Å£
COVID-19 is still wreaking havoc on our country but it is hard to stay social distant in these current times. To be safe, it‚Äôs good to learn about anosmia, the loss of smell. This is‚Ä¶ https://t.co/c8pTatiRwz|
|Create something everyday. // üì∑: shademadecreative 

Those are the words I‚Äôve been swearing by. Even on the hardest of days, in the darkest of times, I get so much joy from creating. It didn‚Äôt take a pandemic for me‚Ä¶ https://t.co/wsLdwxzQXk|
|‚ÄúJourney and faith‚Äù with Dr. Nweke
‚Ä¢
Me and @michofalltrades did a thing. She is so wonderful and an incredible creative. Also she is a nurse. Coronavirus wasn‚Äôt all bad given that it helped me consolidate major‚Ä¶ https://t.co/eWmujCkt6W|
|These flowers will pair well on your dinner table &amp; not to mention it smells amazing with the addition of these stargazer lilies. üå∏
‚Ä¢
Custom galvanized vase for jbeautyandskin
‚Ä¢
üö®Covid 19 Update. Pls Read Below &amp;‚Ä¶ https://t.co/DHvneVjTG6|
|Before #Covid19 Memories, Special Dinner At Neiman Marcus neimanmarcusnorthpark in #Dallas , menu with pastadimartino pastadimartino_usa and Defile @dolcegabbana , i had the pleasure to cook with beautiful‚Ä¶ https://t.co/35vCB5e1Sk|
|Nice to be part of civilization again - #trivinostrong safe outing #coronavirus #covid19 - be safe kittens üê± üò∑üëΩ‚ù§Ô∏èü§°üå∏üá∫üá∏ #maga #blacklivesmatter #blm @ Rome, Georgia https://t.co/45IEAUiuE0|
|Up next mass #evictions #eviction Stay woke! People really think/thought they didn't have to pay #rent during this #pandemic #coronavirus THE COURTS ARE OPENING! #Landlords #landlord can't wait to start filing! #ijs‚Ä¶ https://t.co/unt6cCWens|
|ERA NOWüëäüèΩüí•
Despite loads of coloring (my first virtual coloring retreat is going even better than I hoped!üñç), writing (I've never worked on 3 different blog posts in one week, ever - score another pandemic silver‚Ä¶ https://t.co/DD0e9VfMl5|
|Today would‚Äôve been the National Puerto Rican Day Parade in NYC but it was cancelled this year because of the pandemic.  This was the best times riding on the Capricu float with my friends last year. @capicuculture‚Ä¶ https://t.co/88qtpXnIne|
|First day I get use my pool (w/t drink in hand üçπ) ... feels damn good .... kids section is still closed due to Covid? wtf?? Poor little guys :( @ Summerlin South, Nevada https://t.co/BxDdsCFWA8|
|Another COVID19 project finished. Tool Bag. Orange Icelandic Wolffish from @atlanticleather with Old Town Coyote from acadialeather. Handstitched with 0.8 mm Tiger Thread. Simple adjustable strap. Handcut. Handmade.‚Ä¶ https://t.co/ASDExPJoEF|
|Corona Refresca Coconut Lime cans now available. https://t.co/TK3JRL5MQf @Grupo_Modelo #BeerMenus|
|Who‚Äôs ready for outdoor seating üí∫ tomorrow! Tables will be wiped continuously throughout the day for your safety with hard surface sanitizer. We want to thank everyone who stuck with us through this pandemic.‚Ä¶ https://t.co/QbYSyJUxL4|
|Duck (wings and grilled breasts) or coktel de camarones (Mexican shrimp cocktail)? This is gonna be a tuff decision @ Corona del Mar, California https://t.co/bs9qKLg1M7|
|365+ Days of Strength: (Sound On)

Hot Todd Lincoln‚Äôs COVID-19 Capers: Volume 29

Handcuffed Triple Deck Tear

Slow is smooth, smooth is fast. Get into better habits, and keep at them until they become second nature.‚Ä¶ https://t.co/GSgBimrQ7P|
|Pods. #sheepsmeadow #centralpark #people #socialdistancing #latespring #spring #perfectday #covid #covid19 #coronavirus #manhattan #nyc @ Sheep's Meadow https://t.co/iNhA3Ph8UD|
|Demented Store is now open! Stop by to get your merchandise. Make sure to wear a mask #safetyfirst #dementedshop #demented11 #covid #staysafe #facemaskselfie #facemask @ Demented https://t.co/3Q4XiuGwCd|
|#new #normal #covid19 #world #travel #business #trip #dallas #texas #facemask @gosafr #syed #gilani #ceo @ Hotel Crescent Court https://t.co/jNLbPBXOxJ|
|Love during a pandemic. Umm..I don't think they're 6 feet apart but I appreciate the mask and gloves ü§£ü§£ #pandemic #pandemiclove #nyc @ Manhattan, New York https://t.co/QyGnZgQye3|
|The May issue of @vanityfair contained a haunting black and white photo essay about life in Covid 19 quarantined Italy by photographer alexmajoliphoto - each photo tells an amazing story of hope and hopelessness and‚Ä¶ https://t.co/Hlfp7qhf3C|
|It's still going down! Of course the current pandemic put a damper on the event but that doesn't mean the amazing people behind the #cruiseofthrones has given up on putting together an AMAZING cruise experience.‚Ä¶ https://t.co/rdMKUsliuM|
|I wasn't able to march today because of covid and the ppl I work with and care care for, I don't want them to get it from me...but they found a black man lynched in Palmdale.  They are claiming suicide (?) 2 more‚Ä¶ https://t.co/04YYQv8TVl|
|My clients and I feel so gangsta after a good workout...LOL üòÜ #TeamWorkMakesTheDreamWork 

#toningbyteddy #workout #teddy #activewear #workoutoftheday #instahealth #athlete #fitness #covid19 #coronavirus #gym @‚Ä¶ https://t.co/BvUJGwk3Wr|
|Covid-19 has taken a toll alright, wow. @ Miami International Mall https://t.co/REbFsIT9cw|
|a trip to Costco = must have Costco pizza üçïüëç just didbt expect to spend close to $430.00 on one Costco trip... lol Covid19 @ Diamond Bar, California https://t.co/8Fe5JNcqVz|
|Drinking a F**k Coronavirus IPA by @ScofflawBrewing at @ScofflawBrewing ‚Äî https://t.co/wJ7ZjK7rlP|
|A worldwide pandemic couldn‚Äôt stop us from celebrating our bride and watching Joelle and Anissa become ‚Äúthe Robitaille‚Äôs‚Äù! Had the best time with these girls üíïüë∞üèªüéâ #robitailletheknot #loveislove @ Seekonk, Massachusetts https://t.co/AbG61lCOBv|
|HKS members @RadioW9LW &amp; @farlow_peggy flew kites today at Schoaff Park in Fort Wayne, IN in honor of front-line #COVID19 workers. @frontlinekites #frontlinekites https://t.co/FKSL30lizA https://t.co/ARmP7DIjev|
|Except of a new piece i created during #COVID19 #stayhome. Thank you hubby #lucarigger for being production crew and cameraman #newact #virtual #aerials #perrormingarts #choreographer @ Ruby Karen Project - Aerial‚Ä¶ https://t.co/RGvIKmdPNw|
|So which character would you use for the after covid... I will continue to be Sparrow and u? #jhonydeep üí≠ ü§î @ Washington D.C. https://t.co/bT86uSJWOm|
|Summer traffic heading home.  Thanks for visiting!  #jerseyshore #nj #beach #vacation #covid19 #staysafe #summer @ Garden State Parkway https://t.co/gNABVm2JhI|
|2020 Coronavirus House Arrest Day 90 - A relaxing day all around while I listened to music, read, and wrote while more people ventured out with continuing less restrictions (face masks no longer mandatory in Orange‚Ä¶ https://t.co/6gXROgEUWC|
|Unbothered.
‚Ä¢
‚Ä¢
‚Ä¢
‚Ä¢
‚Ä¢
#blacklivesmatter #protest #staysafe #covid19 #coronavirus #director #black #art #queer #lgbt #mentalhealthawarenesss #blackgirlsrock  #naturalhair #curlyhair #afro #blackgirlmagic‚Ä¶ https://t.co/dgpygf27pn|
|Here are some of the rules for COVID-19 in case some of you are confused! #adleystump #covidrules #coronavirusfunny #quarantinefunny @ Beverly Hills, California https://t.co/ZnjEGPwMey|
|‚≠ê ‚≠ê ‚≠ê ‚≠ê ‚≠ê ‚≠ê bcnlegendz it's the next level. #bcnlegends #urbangraffitisbcn #artdengroundmoviment #blegends #ACABose #coronavirus #covid_19 #cuarentena #desescalada #fase2 en Breaking Bad Albuquerque https://t.co/mHIwsEeiwr|
|Shelter in Place (Day 89).
#crisis #america #americanflag #blm #coronavirus #covid19 #covid_19 #usa #usaüá∫üá∏ #upsidedown #icantbreathe #justiceforgeorgefloyd #justice #shelterinplace #reopening #justiceforahmaud‚Ä¶ https://t.co/gELe2bvVhx|
|Finally back after taking a break due to COVID-19. Great session...full body massage with hot stones ‚ö´Ô∏è‚ö´Ô∏è‚ö´Ô∏è
.
.
DM me to book you appointment! @clinksmassage .
.
.
#clinkscalesmassageandbodywork #clinkscales‚Ä¶ https://t.co/Q6PLWKQvta|
|‚Äúif‚Äù u have to go out, be wise n consider the risks #covid19 #quarantineisnotover @ Hialeah, Florida https://t.co/Cv8C6kXpYZ|
|We get to be a part of some pretty great things. Today, ntrmadison , Night to Remember has transformed their annual prom night into Day to Remember. With Covid among us, this team has transformed the event to send‚Ä¶ https://t.co/Wb1CdPNKGY|
|Due to üó£ü¶†, our 9/26/20 üë∞üèªü§µüèº wedding has been canceled. But ‚ù§Ô∏è is not cancelled. #COVID-19 #Wedding #Love #ZoomWeddinginthefuture @ Roseville, California https://t.co/DGBk7nmoB3|
|This is my official COVID-19 hair length before getting a haircut today. üíáüèª‚Äç‚ôÇÔ∏èThe last time I got a haircut was on the Ides of March. @ Makiki, Honolulu https://t.co/zesFoavRIT|
|Sometimes you have to make your own duck broth to get it right. Little juniper berries some cloves and star anise. It‚Äôs a party @ Corona del Mar, California https://t.co/kRmxf7Rc3k|
|"Jai Reed" - Greatest Hits üôè - Available on ALL streaming platforms!¬†üî• #repost copy share leave comments.. #secretplace @jai_pastor ft. @lesterlove #moneymikewillis #COVID19 #Coronavirus #cityofyes #weallwegot @ New‚Ä¶ https://t.co/vC0cU58ydo|
|Corona NY Sun Jun 14th PM Forecast: TONIGHT Partly Cloudy Lo 31 SATURDAY Sunny Hi 41|
|‚ÄúBuild up Emotional Muscle at this time‚Äù 
DrAkira helps you to survive and thrive amid COVID19. Check out my website-blog and articles@Medium for details! #drakira #resilience #exercise #medium #spreadhope‚Ä¶ https://t.co/yZN4YfgpKw|
|If y‚Äôall know me, you know that I don‚Äôt have a good workout unless I have my @gymmolly pre-workout!! Use my code ‚ÄúMakenna20‚Äù for 20% off of your purchase!!!!ü§©üí™üèº
-
-
-
-
#gymmollycollege #corona #stayhome‚Ä¶ https://t.co/J83ikIjAAR|
|Another new piece of Battle Armor in this war against COVID19, the new reality, mask are now a part of our daily wardrobe.

Otra nueva pieza de Battle Armor en esta guerra contra COVID19, la nueva‚Ä¶ https://t.co/8WYNAviL91|
|Sunday June 14, 2020: after 6 weeks of reopening

Total +COVID19 cases:
World: 7.84 M
USA: 2.12 M
Texas: 83,680
Houston/Harris County: 16,188

After six weeks of steadily and strategically providing eyecare slowly &amp;‚Ä¶ https://t.co/QMZsAtCcki|
|America's entire system is broken. The failure of how America handles COVID-19 and systemic injustices demonstrate this to be self-evident. America is fractured because too many of its citizens refuse to get the‚Ä¶ https://t.co/lL3OsHRH8c|
|Come Get Tatted This Week üíâüí¶
         Artwork By: @therealkizchapo 

            ü¶†Corona Virus Specials ü¶†

Come Thru And Get A Customized Piece For Only üí≤1Ô∏è‚É£0Ô∏è‚É£0Ô∏è‚É£  

-you get to choose from +100 designs 
-give me‚Ä¶ https://t.co/6wOEfPn1Ay|
|Loved the escape with the family. Sounds of the beach and campfires over COVID and the media. #warriorgrit #camplife @ Hardy Lake https://t.co/vTOMfskhPs|
|Great dialog today with this group. Join the conversation next week
Zoom Mtg ID#9517574269
See attached flier:What to do when stopped by law enforcement? @ Corona, California https://t.co/rVHwIr9FAl|
|beware of the covid  eating polar bear @ Rock Fantasy https://t.co/OhoOsWFviW|
|As our current global pandemic  situation continues, coupled with on-going systematic oppressive racism we are going to need to take care of our #mentalhealth. #stopsuicide #youarenotalone
Thank you to‚Ä¶ https://t.co/7M1RNDWuXC|
|Congrats UCSD grad! I‚Äôm proud of your hard work balancing school, a job, pandemic and more üíôüî±üéì @ UC San Diego https://t.co/bkVjZ5sG0n|
|Me looking into next week......sigh! Between racial inequality issues,  covid19, work, and trying to live ... I will attempt to stay positive... geesh!üòî

#sunday #mondayblues #racism #janetjackson #dallas #vachick‚Ä¶ https://t.co/in8ITgPuK0|
|This year 26 bazaar stands were going to be set up a week early so that they could enjoy a fresh coat of paint. Coronavirus COVID 19 had a different thought. With the bazaar stage serving a different purpose this‚Ä¶ https://t.co/uVfT2cEilX|
|I keep hearing, "We need to live our lives" and that is very true! Just don't let your guard down, hang out at huge parties/gatherings or act live Covid has been magically "cured" because‚Ä¶ https://t.co/4QYk9SLJAZ|
|Deeply cleaned. Spiritually energized. I am ready for you!

With Covid cases still rising, we are reopening slowly. Check our website for details. Our classes will be offered at the studio and will be streamed‚Ä¶ https://t.co/vxBPyNyyU2|
|Basketball is coming back! https://t.co/q4P4ieg31v #NBA #Basketball #Disney #Orlando #NBAPlayoffs #NBAFinals @ Orlando, Florida https://t.co/Wxh2EkZstl|
|Americans saying ‚Äúthis could‚Äôve been us‚Äù obviously don‚Äôt know any Americans...üôÑ https://t.co/rWmPHvzSyK|
|New #facemasks in my #Etsy store!  I have #rainbow #bugs #bling and #whale fabrics!  #stpeteway #wearamask #covid19 @ Saint Petersburg, Florida https://t.co/fqB0ZKmXWk|
|I thought they said ü¶† would come back after the summer...

(CNN) - The number of coronavirus cases and hospitalizations have gone up in some states, a bleak reminder that the pandemic‚Ä¶ https://t.co/JxjBnIDhZh|
|The truth is I really don‚Äôt ever have to order out again! Covid has upped the food game at The Culver‚Äôs.  Kitchen gizmos and gadgets are taking over the place! #woodfirepizza 
Have you literally become a junior chef‚Ä¶ https://t.co/XMsd4iv1RH|
|#covid19 testing on Sunday.... @ Embarcadero N Bryant https://t.co/nR1jr7dnPL|
|Post Flushing Meadows Corona Park Cleanup following #runforjustice organized by 1runtoeat yesterday. #qdrsaturday #itsinqueens #hashtagletsclean #flushingmeadowscoronapark @ Flushing Meadows-Corona Park https://t.co/0VDzaZvKVF|
|payroc  stephaniezirklepuerto  THANK YOU  from the bottom of our  hearts ‚ù§‚ù§‚ù§  we are grateful for the COVID-19:Grant to help keep our doors open in our community!

#grateful #shoplocal #notgoinganywhere #NWstrong @‚Ä¶ https://t.co/A580U6qnpa|
|shhoulda been at da PR Parade today, but instead covid-19 put me on punishhment and told me i cant go outside lol üò© its lit for next year thho!  #PuertoRicanDayParade #PuertoRican #Parade #PuertoRico‚Ä¶ https://t.co/CsvFZzLK0B|
|Super fun Sunday hanging with our favorite future kindgardener! &amp; maybe his folks too... #sundaybumday #friendsinperson #covid_19 #laughingisgoodforthesoul #thankfulüôè @ Upper Allen‚Ä¶ https://t.co/mcbCSZmnSU|
|... I know what your thinking. It‚Äôll make sense soon. LOL #covid19 #alternatives #sunday @ New Orleans, Louisiana https://t.co/lFdcWVmLe3|
|Come Get Tatted This Week üíâüí¶
         Artwork By: @therealkizchapo 

            ü¶†Corona Virus Specials ü¶†

Come Thru And Get A Customized Piece For Only üí≤1Ô∏è‚É£0Ô∏è‚É£0Ô∏è‚É£  

-you get to choose from +100 designs 
-give me‚Ä¶ https://t.co/NXtMbiSJpJ|
|These are some photos to chronicle our sometimes after-church antics. We haven't been able to do many photo shoots during this pandemic (thanks, #COVID19!). So it was nice to do a little clowning with our Band‚Ä¶ https://t.co/3SVolL8HlL|
|First socially distant &amp; COVID conscious meal with friends! üòò
.
.
.
#thewharf #dc #summerindc #summerduringcovid #covid19 #sociallydistant #patiosonly #dcig #instadc #instadc #mydccool #summerinthecity‚Ä¶ https://t.co/4dPPlZkBqF|
|Please join us tonight and every 2nd Sunday at 7:30 pm via Facebook Live in District Elder Mark Avery‚Äôs profile for a Live COVID discussion. We hope to see you there!
‚Ä¢
‚Ä¢
#kennettsquare #kennettsquarepa‚Ä¶ https://t.co/SyUtu0Cj51|
|Chilling at home, drinking #kombucha while waiting for the next #zoommeeting .
.
.
.
.
.
.
.
#realestate #coronavirus #covid19 #beer #home #florida #jacksonville #staugustine #beach #beachlife #strength #fitness‚Ä¶ https://t.co/Q3w1s7vkl8|
|FROM CORONA TO CORONA DEL MAR: Birthday weekend starts now at an idyllic escape to a Spa Resort located in Newport Beach, CA, perfectly located near the shops and restaurants of Fashion Island and easy access to‚Ä¶ https://t.co/DGtIPAmE10|
|sacsix üíô @oprah #soho #westvillage #art #pandemic #streetartist  #ny1pic @ West Village https://t.co/VHwIlivyhe|
|The montereypeninsula and carmelbythesea yesterday... what better place 2spend a pandemic ;) 

#yup
#quarantinechronciles 
#pandemic2020üò∑ 
#blessed
#jwcomposer
#composer4life
#composerlife
#jw @ Carmel by the Sea https://t.co/uA4pbAxG4A|
|Fake govt-issued COVID-19 contact tracing apps spread spyware https://t.co/1ZXP0teDgE #security #data #hacking #hacker|
|The montereypeninsula and carmelbythesea yesterday... what better place 2spend a pandemic ;) 

#yup
#quarantinechronciles 
#pandemic2020üò∑ 
#blessed
#jwcomposer
#composer4life
#composerlife
#jw @ Carmel by the Sea https://t.co/6bOfYuPYur|
|TOMORROW IS OPENING DAY AND WE'RE EXCITED TO WELCOME OUR CLIENTS BACK!! Catch BABS Salon &amp; Wellness Spa on WDIV Local 4 / ClickOnDetroit News as we share our new Covid-19 Guidelines we're implementing to keep our‚Ä¶ https://t.co/79uvEr4aIC|
|BLACK LIVES MATTER !!
@tedcars2000  #thelotautosales @ Corona del Mar, California https://t.co/8XtjsLD9fN|
|Another wonderful piece of art in the making in the mission #art #streetart #communityart #covid19 @ Mission District https://t.co/T8qnZhjSf9|
|I just finished this. This is a painting of my kids eating pizza in the trunk of our van a few weeks ago. It‚Äôs the middle of a pandemic and everything has kind of stopped around them, leaving them suspended in time‚Ä¶ https://t.co/MiX8MepmEf|
|If there is anything constant in life, it‚Äôs change. And change pisolinoitalianmarket did when the whole restaurant industry took a hit during this COVID-19 pandemic hit. Recognizing that it as a trattoria would not‚Ä¶ https://t.co/LJWIdDgNPX|
|Needed to sort through some things in mah head so I took a walk down to a house in our neighborhood that sells wine a few days a week! (Because I need some ros√© in my life). Turns out it's a pandemic/neighborhood‚Ä¶ https://t.co/sK6w7wB3E9|
|Showed my support of the All Black Lives Matter march from the sidelines at a safe distance (due to coronavirus). @ Los Angeles/Hollywood California https://t.co/LdxmDMJ0IE|
|What say you, @BOKCenter? ü§® https://t.co/XhOfDxdszy|
|Your #whitefriends silent ? #silenceisviolence #stopracism #pandemic #soho #evolve #movement #fuckfoxnews #ny1pic @ SoHo https://t.co/lwVCXd8opg|
|Go checkout the Lowe‚Äôs-LISC Partnership. They have partnered to give small businesses an additional 10K grant for economic relief due to COVID-19. I filled out my application this morning.

Remember to subscribe to‚Ä¶ https://t.co/vRNrdmRWwU|
|New episode of ‚ÄúThe Road Less Traveled‚Äù has been released (LINK IN BIO). My featured guest is @raywalkerjoshua. He talks about live pre-Covid and what he‚Äôs doing to regain all the momentum that he had.  Like all the‚Ä¶ https://t.co/wOIOaGuqGB|
|Monday June 15th represents a beginning and an end since the COVID-19 shutdown occurred.  On Monday June 15 we begin opening our outdoor seating at noon.  This will be a transition week as we return to our normal‚Ä¶ https://t.co/XHQh7breD6|
|We‚Äôre cute, nature is great, and coronavirus sucks. What a year so far! #covid19 #nyc @ Fort Tryon Park https://t.co/7iBpyjvnav|
|Open since one month and successfully navigating the #covid19 precautions without decreasing an ounce of passion in delivering vision üëÄ.
                                                          I was interviewed in‚Ä¶ https://t.co/WWD4Tsy1BP|
|Masks for everyone! #covid19 @ Bel Air https://t.co/DEchxtDsId|
|Please keep a safe social distance from others #default #covid19 #newnormal @ Times Square, New York City https://t.co/8RQzk7X1xu|
|Frozen in time since the start of the pandemic. (@ Regal Fox 4DX &amp; IMAX - @regalmovies in Ashburn, VA) https://t.co/f9TmWJyUV7 https://t.co/UWQgF9h0tA|
|Bayonne Riders Sunday Ride. 
First group ride of the pandemic
 üò∑üö¥‚Äç‚ôÇÔ∏èüö¥‚Äç‚ôÄÔ∏è
.
.
.
#Bayonne #NJ #HudsonCounty #cycling #cyclinglife #bike @ Bayonne, New Jersey https://t.co/N0a52F1D85|
|OMG, Just I came here @ ZAC Cafe just reopened after ends of 4Ô∏è‚É£ months closed since Covid-1Ô∏è‚É£9Ô∏è‚É£, Here's my orders a 3Ô∏è‚É£ Taquito w avocado sauce, Shredded chicken, includes w everythin', Chips w hot salsas and a‚Ä¶ https://t.co/nUxySXI0mW|
|English translation: 
‚Ä¢
When you're a cow = Mooooo
‚Ä¢
When you're a sheep = Baaaah
‚Ä¢
When you're a Jackass = COVID-19 doesn't exist, it's made up by the government. It's the New World Order.
‚Ä¢
Moral of the story is,‚Ä¶ https://t.co/vzYaQT7mns|
|üç∑The 3rd phase of Illinois reopeningüçæ Our family first dinner out since the pandemic quarantineüò∑üëè @ Wildfire Glenview https://t.co/pm6pNRBz8O|
|Who says I don‚Äôt practice what I teach?! Well even though I still haven‚Äôt gotten official #covid19 test results back, I have self-cared myself back into 88% perfect whole and complete! 

And ready to schedule you for‚Ä¶ https://t.co/i7GepZ6lDB|
|Can‚Äôt wait for our 4th annual summer camp this year in Middletown. We still have some room for sign ups . 
If camp does not happen due to COVID-19 we will give a FULL REFUND ! 
See everyone soon . #soccersummercamps‚Ä¶ https://t.co/luPTyXBAUi|
|If you ever fooled around on The Old Mill you are immune to #covid19 #coronavirus .   Re-opening in 3 weeks might need a vaccine.  #kennywood #kennywoodpark #pittsburgh #pa @ Kennywood Park https://t.co/Vw20iJh7mJ|
|This is my happy place! I love being on stage. I feel free and powerful. What about you?

I was just thinking back to the last concert I had before the pandemic started and found this photo of myself on March 8th at‚Ä¶ https://t.co/SU2nepN1ZC|
|Beautiful day for the #ADA5K run during the COVID era! üèÉ‚Äç‚ôÄÔ∏è #ada2020 @ Brookline Reservoir https://t.co/JQvbPJ9rCY|
|Can‚Äôt wait to get back on the field for our summer camps . We still have some room for sign ups . Full refund if camp does not happen due to Covid-19 ! 
#soccercamps #soccersummercamps #youthsoccer @ Edison, New Jersey https://t.co/Cq9BniIrvs|
|Dec. 29th 2017, at 389 lbs, 
I took back my life and I embarked on healthy lifestyle change, I dropped 137 lbs by the Fall of 2018 to 252. Since then I gained about 30 lbs back (282lbs) before Covid-19 and since‚Ä¶ https://t.co/9D3UnK8N6M|
|When you ain‚Äôt got no #muppets nor #puppets to play with but #tennis #voiceover anyway #VO #sizzlereel #thankyounext #meetBawly #pandemic #domesticabuse #sports @ NoHo Arts District https://t.co/3PAiLJ9O8U|
|#Revelers on a #SaturdayNightFever in #HellsKitchen in the first weekend of #Reopening in New York that have been devastated by #COVID-19. #SocialDistance? In the time of #CoronaVirus, nytimes is providing‚Ä¶ https://t.co/0LdCsdrs5L|
|The Frienipede (not safe for COVID times). I love my friends so very much. #frienipede #candyrock @ Candy Rock https://t.co/KDZvXz4icX|
|Weekly Corona supply run bitches! (@ ShopRite of Forest &amp; Richmond in Staten Island, NY) https://t.co/gTjNIcHv60|
|Even Corona couldn‚Äôt stop us from celebrating this girl getting married ‚ù§Ô∏è @ Tybee Island, Georgia https://t.co/tf8J9TuM5S|
|We had another great virtual meeting this week, featuring Town of Victor Supervisor Jack Marren. Supervisor Marren filled our club members in on what‚Äôs been going on in town since the COVID pandemic began, his role‚Ä¶ https://t.co/Ij17tPku0G|
|I Don‚Äôt Mind Shopping &amp; Being Social Distance; But Eating. . .üò© 
#Covid19 #Vegas #OpeningPhase2 #MyLife #Me #SocialDistancing #History @ Casa Don Juan Mexican Restaurant  - Henderson https://t.co/azeaoH2ytG|
|Refreshingly hydrating after a day of prospecting. - Drinking a Corona Premier by @GrupoModelo_MX @ Guffey Colorado Post Office  ‚Äî https://t.co/P1lc2U8gww|
|üé∫ This was the best quarantine meal I‚Äôve had! üé∫‚†Ä‚†Ä‚†Ä‚†Ä‚†Ä‚†Ä‚†Ä‚†Ä‚†Ä
‚†Ä‚†Ä‚†Ä‚†Ä‚†Ä‚†Ä‚†Ä‚†Ä‚†Ä
Prior to COVID, @urokoaustin omakase was my favorite dining experience of the year and now it‚Äôs my favorite dining experience during COVID! You can‚Ä¶ https://t.co/uF2Wu9iJY0|
|‚í∑‚ìõ‚ìî‚ìê‚ìí‚ìó ‚ìë‚ìõ‚ìû‚ìù‚ìì‚ìî to ùîªùïöùïûùïñùïüùï§ùïöùï†ùïüùïíùïù ùïìùïùùï†ùïüùïïùïñ
.
.
I love how this turned out! Some over due roots thanks to Covid? No problem. üßöüèº‚Äç‚ôÄÔ∏è
..
redken GI for the win. 
.
.
#dallas #dallashair #dfwhair #dfw #dallasmidtown‚Ä¶ https://t.co/RZWaIQXIgL|
|#SUNDAYFUNDAY #GORGEOUSDAY #FAMILY #BBQ 
Covid-19 factory delays have temporarily killed our pool liner project, but no need to get upset about things you can‚Äôt control. Hopefully this week...ü§ûü§ûü§ûüôèüôèüôè @ Mundelein,‚Ä¶ https://t.co/OU4AMsLqZ4|
|Yippie! Animal Biome Doggy and Kitty Gut Restoration Caps are back in stock &amp; plenty of their test kits in stock, too! Promo for $25 tests ongoing!! Take advantage of this special #covid19 discount offer while you‚Ä¶ https://t.co/CsFpRJEL9d|
|That one time before COVID when life was normal....#softball #seniorsoftball #bomb #hop #23 #powerlifting #simmonsstrength @ Orlando, Florida https://t.co/tDqb8KNsc2|
|Changes with events post COVID-19...food will be served differently  to protect you and your guests.  Prior to COVID-19 food was freely passed (like picture) or openly displayed on stations/buffets - not anymore!‚Ä¶ https://t.co/k3qx9AzBBl|
|The perfect way to stay #covid and still compete! Legs will be the first to fall! 68 tug of war! @ Long Beach, California https://t.co/i35oeEVJhe|
|Pandemic Cooking School Week 14 with under 20 recipes left to finish thedefineddish cookbook! Best part is we‚Äôve identified some new favorites for every day and others that we can‚Äôt wait to share with friends - at an‚Ä¶ https://t.co/aLUexmaJPH|
|Well...Its all about getting Tested. Shout out to the Black Doctors COVID-19 Consortium. Taken it to the streets and meeting the needs of our community! Thank you Dr. Ala Stanford, Pastor Marshall Mitchell &amp; all the‚Ä¶ https://t.co/uOo4BaJoHB|
|Beautiful hot pink phalaenopsis on a bed of black stones üì≤https://t.co/rM1BFaXssc
.
.
#manhattan #nyc #newyorkcity #newyork #sweet16 #covid #instadaily #instagood #instagram #instamood #photography #flowers #flower‚Ä¶ https://t.co/vrW2oC1msO|
|I was interviewed on ABC7 Eyewitness News Los Angeles Saturday. Here‚Äôs the very brief result. It was part of a COVID-19  package about our beaches reopening. @ Will Rogers State Beach https://t.co/tUtITcQ9Hm|
|Let‚Äôs enjoy the summer without regrets tomorrow. #covid19 #health #happy #summertime #summer #summervibes #mask #lifestyle #life @ New York City, N.Y. https://t.co/ByHBy7jzhj|
|Pan Seared Asian Dumplings in a Sambol Oelek Lime Sauce
Learn how to make a batch and freeze them by following my IG highlights! They are a great last minute appetizers for upcoming post covid get togethers‚Ä¶ https://t.co/32UrfSdRbC|
|Happiness is a hair cut after 4 months. Miracles Hair Salon in Roslyn is Covid-19 certified. No blow drying allowed. I washed and dried my hair before sitting in the chair.‚Ä¶ https://t.co/gsQDC3QmIE|
|No beach? I'll bring the beach to me. #socialdistancing #brownsville #olmito #rgv #southpadreisland #covid19 #coronavirus @ Brownsville, Texas https://t.co/STa2LIjDpQ|
|All ceramic crowns can look very life-like.

This patient was in mid-treatment when the pandemic hit.  So she had a TEMPORARY crown in her mouth for 3 months.

Since we use the best dental materials, she had NO pain,‚Ä¶ https://t.co/TcLnbh7lPc|
|What pandemic?! #traffic #notwinning @ Cheapeake Bay Bridge https://t.co/3JWpkmF7W5|
|We will be reopening on July 14th 2020.
We are so happy to see you again!
We will be working by appointment only and we‚Äôll be following COVID-19 protocols.  #hairstylist #hairsanfrancisco #mission #sfhairsalon @ Omar‚Ä¶ https://t.co/aalXZvv9LY|
|2 hrs after family pictures today. 2 hrs after a small panic attack. 13+ months since I've put lip color on. I will survive this. We will survive this. #covid19 #pnwpandemic @ South Hill,‚Ä¶ https://t.co/2fPVtsbYmP|
|https://t.co/q1bIRBjDj8 A record 30 new COVID-19 hospital admissions was reported in the Austin area Sunday evening. The seven-day moving average of new admissions increased to 20 https://t.co/MJPW8wPp80 #atx #austin #all512|
|Memorable day for the Kumble‚Äôs to express their First Amendment rights, followed by post marching CoVid burning of clothes and bleach injections.  #allblacklivesmatter #pride2020üè≥Ô∏è‚Äçüåà @ West Hollywood, California https://t.co/578FFD7ecP|
|Today was a great day...yeah this just happened miketyson was super cool. I think the ice cream was cotton candy. #MikeTyson @ Corona del Mar, California https://t.co/MK5xIpRiUP|
|Beautiful Hermit Falls

https://t.co/C9btk0VIlz
üëÜüôå‚õ∞
Hike this trail once Corona is gone. 
#hermitfalls 
#hikeforfunandfitness 
#socalhiking

#hikinglife #hikelife #hikingday #ilovehiking‚Ä¶ https://t.co/XUocwdjciv|
|Get over yourself. #Covid19 #AntiRacism #BlackLivesMatter #ReformthePolice #WhitePrivilege @ Audubon Plantation Ridge https://t.co/maOFFbzHeU|
|2009 Mercedes Benz titles are coming but they are coming slow due to COVID 19  and the DMV not allowing walk in transaction please be patient and just like this customer you will receive your title soon‚Ä¶ https://t.co/cpubfcjvyD|
|Thought I would finally share the result of my weeding project at the beginning of the pandemic. I have now covered most of the former weed patch with artificial grass so it‚Äôs not just dirt. And I just planted some‚Ä¶ https://t.co/WwY91nQayr|
|COVID19 is still here. Numbers are up. Both my wife and I Working in Hospital with great exposure on front lines for last 3 months. When you think it's over and still don't let down your guard and test negative 3‚Ä¶ https://t.co/bDw1d44jDd|
|Escaped for a little bit this weekend. Sunshine, stars, rivers, fires, mountains!! My pandemic hair is gettin wild. Thanks for being my adventure partner, @CateyeErin @ Independence Pass https://t.co/1WZ3LFlns5|
|Health Experts Link Rise In Arizona Coronavirus Cases To End Of Stay-At-Home Order : NPR
https://t.co/uxzkDQjMps|
|Covid beating Texas ass right now üòë|
|things to do during covid: drink @ El Paso Mexican Grill https://t.co/ipTMRKXDVC|
|#robstory 166/366: the pandemic of 2020 will also be remembered as the summer of amazing walks down sporting fandom memory lane thx to espn ‚ù§Ô∏èüëçüèª first Jordan &amp; the Bulls, now the incredible home-run summer of 1998‚Ä¶ https://t.co/xu2KqOoi2W|
|First time eating inside a #restaurant since the #quarantine #covid19 @eatnorthitalia #goodtimes with gregg858 üòòüêªüê∂ @ North Italia https://t.co/0BVD78yWK5|
|Is the pandemic over in China, Europe, Japan and the U.S./Canada? Is the much-anticipated V-Shaped economic recovery already baked in, i.e. already gathering momentum? The consensus, as reflected by the stock market‚Ä¶ https://t.co/p1niUbRq3N|
|In many ways it really sucks that so much of the Adirondacks were devestated by the October 31, 2019 storm and have yet to fully rebuild. The pandemic and resulting economic tax revenue crash has really slowed these projects down.

I am just hoping that...
https://t.co/bfQqxEZ5y9|
|Tomorrow June 15th on Covid-19 &amp; Company: Conversations from the epicenter across the globe!
I will have a short #covid-19 update, Charlotte newsmaker/ named local hero #Stephenmcmickens and Mr LP of @enlivengm‚Ä¶ https://t.co/bHEyhQ98QU|
|Pandemic? What pandemic? @ Seaside Beach - Cardiff by the Sea https://t.co/BDsRmKK5mU|
|#Pride can't be stopped by a pandemic. #prideisnotaparade #prideisariot #bisexual #bipride #bidad #lgbt @ Lacassine, Louisiana https://t.co/NU1RZmq9Bt|
|Lock me in a house for 3 months and look what happens. #AllDone #ThoseRedXsMakeMeHappy #HomeGym #HomeWorkout #Quarantine #COVID19 #Corona 
#Be100 #ImGoingToMissIt 
#morningmeltdown100 #mm100 #BeachBodyOnDemand @‚Ä¶ https://t.co/2O1mjqCMcs|
|BREAKING: MARIA RESSA, GUILTY AS CHARGED!

Source: https://t.co/7143jV75vF @ Corona del Mar, California https://t.co/PM0oMuxNEj|
|Sundays are for picnics in the park üò∑‚ù§Ô∏èüòò
.
.
.
.
.
.
.
.
#music #dj #housemusic #photooftheday #goodvibes #techno #covid19 #coronavirus #loveyou #followforfollowback #thankful #motivation #sundayfunday #likeforlikes‚Ä¶ https://t.co/eiw39stxN5|
|Corona Del Mar on a beautiful Saturday afternoon @ Corona del Mar, California https://t.co/CD7dg21fZe|
|Stacking rocks 101 use bigger rocks! #vegas #stones #rainbow #colove #covid19 #rocks @ Seven Color Stones, Jean Nevada https://t.co/oFUMcTRkSR|
|Tried holding on to the #LEG #GAINZ during #Covid ü¶† But tomorrow it‚Äôs back to being a #Sicko üíØ _________________________________________________ #SickoMode #LegDay #Quarantine #GameOver #GymTime #BackToNormal #Glutes‚Ä¶ https://t.co/Wz0MSRGqxZ|
|CORONAVIRUS UPDATE: JUNE 14, 2020
__________________
#Osceola #backtowork #noticias #news #Orlando #kissimmee #poinciana #buenaventuralakes #campbell #stcloud #celebration #yeehawjunction #orlando #ocoee #winterpark #doctorphillips #osceolastar
__________________ https://t.co/ufkss3wv1V|
|We hope to be a successful example of this new Covid norm. We are adding to our outdoor ambiance though the week (stay tuned); beautiful planters arrived today which enhance the setting. We are offering outdoor‚Ä¶ https://t.co/q6fmdFUoDH|
|‚ÄúTurning 28 during a pandemic‚Äù Thank you all for the love and wishes for my birthday ‚ô•Ô∏è It truly means a lot, especially during this time when things have been rough all around. A special‚Ä¶ https://t.co/4BmHfCrpOB|
|it took me 5 long years to graduate from college and all i got was corona virus....at least i got these cute pictures to prove it üì∏ the_ethanbailey nature_boiiiii @ Western Kentucky University https://t.co/orYcx3QNko|
|I've been so cooped up I wanna run out into the streets like this üò≥ü§£
#quarantineeffect #covid19 #cabinfever 
#bustingloose @ Oakland, California https://t.co/l83E3at7bJ|
|Before #Covid19 ... Sunday's were for playing ü•Å at church but then it all changed So now, it's just #therapy at home to get things off my chest üíØüñ§ üé∂ "Calling Out" @AcousticMinds #music #drums #drummer #life‚Ä¶ https://t.co/qnqMSK1nrf|
|Racial Healing: How To Talk About the COVID-19, BLM Protests &amp; Systemic Racism with White People

So excited to have my sister-friend Mel  Robbins on Quarantine Talks with me tomorrow morning at 10:00 am. This is‚Ä¶ https://t.co/ozuNQapkdZ|
|Remember to ALWAYS wash your hands! #covid19 #pandemic2020 #buttercream #handwashingchallenge #handsome #handwashingstation #buttercup #soapandglory #safetyfirst #shelterinplace @ Lower‚Ä¶ https://t.co/nYQQpuFkS3|
|My brother has lived overseas for 14 years.  Had to come back with visa issues during COVID.  Been with us for the last three months.  Tonight.... a last shot of jeppsonsmalort before he jumps out of town again @ The‚Ä¶ https://t.co/tUvAaNFFKl|
|Here is my addition to the #Essence Challenge. I had fun doing this. This is a shot from my first personal photoshoot since the pandemic started. Black Lives Matter #Vote #essencechallenge #blacklivesmatter #BLM @‚Ä¶ https://t.co/nAhwYmVpwN|
|We had our first family dinner out in months since the #covid19 #quarantine lockdown began. It was fantastic... plenty of social distancing outside at parthenoncclounge on a gorgeous evening in DC. #dinner #eatingout‚Ä¶ https://t.co/X5fL5fDlcz|
|Close of day reminder that COVID is still out there and most numbers are going in the wrong direction. Social distancing, good hygiene, and masks (to protect others and especially in‚Ä¶ https://t.co/ek8D5Fptgc|
|Yesterday, a member of the Le Coucou team reached out and let us know that the restaurant will be closing due to the slow down during the Covid outbreak. Le Coucou was one of my favorite French restaurants in NYC,‚Ä¶ https://t.co/YJuPYZDAvA|
|1st thought was that this pandemic turned me into a humanitarian &amp; an activist, but ACTUALLY, growing up in a country &amp; world that is crippled by racism turned me into a humanitarian &amp; activist. Go march, sign‚Ä¶ https://t.co/NNwdooOrYN|
|@RevGracey is pleased to partner with Oakland County Commissioner @angelapowell12 and McLaren Hospital to offer FREE COVID-19 Testing June 23rd 8AM-Noon. Please register https://t.co/C9wanGeLWd @‚Ä¶ https://t.co/FQGk772N78|
|Okay Mother Nature, You Win üíïüíï

#mysdphoto #sunset #sandiego #lajolla #torreypines #torreypinesbeach #covid_19 #hope #findyourpark @ Torrey Pines State Natural Reserve https://t.co/roI9N3BuEk|
|#NationalEatingDisorderAssociation #Neda #NEDAWalk #EatingDisorder #StressEating #Stress #Houston #Htx #Covid #Covid19 #Covid_19 #Coronavirus #Rona #Charity #Donation #Nonprofit @ National Eating Disorders‚Ä¶ https://t.co/anKYX8p0ul|
|I may not be picking up any new hobbies during this quarantine, but I‚Äôm definitely improving my golf game!üèåüèª‚Äç‚ôÄÔ∏è #COVID19 @ Interbay Golf Center https://t.co/srTImRVEu5|
|Week 13 was a mixed bag of peaceful protest and waiting on the world to change. COVID cases predictably going up as communities reopen (many too soon). People getting organized, people talking about a revolution.‚Ä¶ https://t.co/5AX1KwNZ0H|
|The strong SWFL market surrounding the coronavirus has ushered in virtual and video tours into the spotlight as ‚Äúessential‚Äù tools for buying and selling. This Marco Island dream home was selected by my‚Ä¶ https://t.co/UAwS52EmE7|
|I'm gonna start using "corona" as a unit of measurement. Who's with me?

"I was at the grocery store and this guy came within one corona of me!"

"The protests stretched for like 200 coronas!"|
|LIMITED RELAXED üöóüöô
PARKING ENFORCEMENT WILL 
REMAIN IN PLACE UNTIL JULY 6
FOR MORE  INFORMATION 
https://t.co/9yH34TVemd 
#ladot #lacity #parkingenforcement #coronavirus @ San Pedro, California https://t.co/w5gznsguMx|
|So nice! Love the sunset! #quarantinelife #quarantineandchill #coronavirus #sunday #sundaze @ University Heights, San Diego https://t.co/ANTwAmOYl2|
|A year deployed &amp; COVID19 aftermath ... finally some time to catch up with this awesome guy Gerard Berthelot Jr!!! Thank you my friend for for giving us a great family time... missing my litle girl. 

ü•∞ ‚õµÔ∏è üåä üëô ‚òÄÔ∏è‚Ä¶ https://t.co/W6vHos3sMJ|
|Outfield seats to some city baseball! I'm happy these kids were able to play one last time with their teammates despite their seasons being canceled due to COVID. @ City Park https://t.co/ls9uy0VU6C|
|Had an opportunity to celebrate these individuals for graduating seminary. In this Covid-19 era it was fun to make this a special night, thanks to  stephies_cakes for a wonderful cake and scottandpaulette for the‚Ä¶ https://t.co/V9FxZem4bp|
|Have you seen the pop-up food banks in SF lately? The lines are 4 blocks long and food banks have seen a 60% surge in the food insecure since Covid-19 started. Many of the people you see are single moms, seniors and‚Ä¶ https://t.co/7ZaphU7Gfc|
|Goodnight from Fawn island! 
#islandlife #islandtime #orcasisland #deerharbor #summer2020 #covid19 #jackotto #jackottorealtor #islandrealtor #sanjuanislands #sunset #fawnisland #exprealty @ Orcas Island Homes &amp; Real‚Ä¶ https://t.co/XwKKsAWebw|
|Today our Strategic Alliance partner, Central San Diego Black Chamber of Commerce sdblackchamber , announced the launch of a fund dedicated to assisting minority-owned businesses recovering from the COVID-19‚Ä¶ https://t.co/zGLHQBthfZ|
|When will things really change?
For months now many of us have quarantined and (hopefully) practiced social distancing due to COVID-19, we had to change.
Within those months millions, including myself, faced layoffs‚Ä¶ https://t.co/EOSFgmtH6R|
|@csmorehouse Hiii :) 

Thanks for joining the appropriate redirection team ;) covid safe hugs!|
|I have these four children-size masks that need a home. Message me if you‚Äôre interested in any of these. @ Corona, California https://t.co/FG27Rfchgq|
|We‚Äôre still in the first wave of Covid-19. Our Black brothers and sisters are still getting killed for who they are. Flint still doesn‚Äôt have water. Our frontline workers are still not getting adequate PPE.‚Ä¶ https://t.co/RYmdIEsUa3|
|#LOGANSQUARESTRONG  https://t.co/qaVYrgP2qS #logansquare #chicago #igerschicago #mychicagopix #streetphotography #street #kevinklimaphoto #logantheatre #blackandwhite #covid19 #blacklivesmatter @ The Logan Theatre https://t.co/WbnWK1uARu|
|The Iconic 29 was inducted on March 14, 2020, the last week before COVID19 hit.  #KappaLeague #MadeIt #MKL #alwayskameraready @ Mobile, Alabama https://t.co/dMaOU6Umvy|
|This is one way to cover up for coronavirus. üò∑‚ò£ @ Austin, Texas https://t.co/xsByiuUuE4|
|‚ÄúLittle Boo Peeps Lost Her Sheeple‚Äù #covid_19art #covid_19 #riotart  #oilpainting #revolution #policebrutality #yellowvestsusa #yellowvest #amazon @ Sebastopol, California https://t.co/cB69WSdrB9|
|Our participation in the Social Forum of the Rapid and Integrated Response Coordination Unit to the pandemic of COVID-19 (SACROI COVID-19) #OEA #CIDH Inter-American Commission on Human Rights Organization of‚Ä¶ https://t.co/msEr85Gitb|
|Trying to lose that COVID 19lbs I caught during quarantine... @ St. Louis, Missouri https://t.co/1WWmcRZaQV|
