|SOCIAL DISTANCE 

LOL

â€”â€”â€”â€”â€”â€”â€”â€”â€”â€”â€”â€”â€”â€”â€”â€”â€”â€”â€”â€”â€”â€”â€”â€”â€”â€”â€” .
.
.
.
.
.
.
.
#corona #virus #work #quarantine #dog #pet #party
 #whiteparty #hug #atitude #love #designer #fashion #style #stylist #bulge  #safe #socialdistancingâ€¦ https://t.co/f0kD58cu4W|
|I really need limes - Drinking a Corona Extra by @GrupoModelo_MX @ Death Star  â€” https://t.co/frJlirvojo|
|COVID-19 corona virus with style!! @ Everett, Washington https://t.co/oR1rFmsgUa|
|DEVELOPED MY 1ST ROLL OF FILM!! 
â€¢
â€¢
#turtlewuzhere #nyphotographer #nyc #photographer #pentax #film #filmphotography #potd #quarantine #series #corona #virus #blackandwhite #instapic #photography #instadaily #kodakâ€¦ https://t.co/yNNZT8BEqg|
|Corona Virus got me like.  Bandana by misterbandana #wildwildwest #maskedman #coronatimes #coronavirusgotmelike #crazytown #safe @ Gulf Shores, Alabama https://t.co/WUpbt4Dsf4|
|Nothing can stop the #EasterBunny The job is done! Happy ğŸ° Day #quarantine #corona #virus #2020 @ Walnut Creek, California https://t.co/gVtoZp8niG|
|If you up yall know the motto. 
Evolver 5000 is out now.
(link in bio)

Also add me to your playlist. 
Yall know the EP has 5 songs.... 

Just giving yall a update. Due to the corona virus. Have to remain safe.
Butâ€¦ https://t.co/k95hMadPa3|
|There are signs everywhere #postbrand #ads #lajolla #california #corona @ La Jolla https://t.co/dYmvFebXDt|
|Once you get past the photoshoot of our post-project Coronaâ€™s... I couldnâ€™t resist ğŸ˜‚ ğŸ‘ğŸ¼ We ğŸ‘ğŸ¼ Made ğŸ‘ğŸ¼ Giant ğŸ‘ğŸ¼ğŸ‘ğŸ¼Planters! This project has been a labor of love and while itâ€™s not completely done yet, we areâ€¦ https://t.co/EOt2fToC8I|
|Friday Night Rona
.
.
.
.
.
.
.
.
.
.
.
#corona #flagstaff #orpheumtheatre #arizona #blackandwhite #photography #amateurphotography #friday #stayhome #stayhealthy #staysafe @ Flagstaff, Arizona https://t.co/6U6WTmbV8F|
|I was wondering why the grocery store shelf was full of those #corona #chocolate #ilovechocolate ğŸ˜†ğŸ˜†ğŸ˜†ğŸ˜† #covid19 #staysafestayhome #staysafe #stopeating ğŸ¤ªğŸ¤ªğŸ¤ª @ South Pasadena, California https://t.co/zTEC0kaGCh|
|We are staying at work for you, please stay at home for us. We do have curb pickup, takeout , togo order and free delivery 8.30am to midnight #stayathome #LoveLA #savelives #coviÌ‡d19 #corona #mask #coverfaceâ€¦ https://t.co/3XLoJ6oYDk|
|Corona got the world like, atreyu fighting the nothing! @ San Diego, California https://t.co/odupQZulqZ|
|Meanwhile in Philly. A
man not wearing a face mask was dragged off #Philadelphia bus. How would you had handled it??                 Bbbb#corona #stayhome #quarantine #quarantineandchill @ Philadelphia, Pennsylvania https://t.co/y0avIIDEjq|
|The Corona Journals have begun (bit of a late start, but now or never).
Took a moment after a long post - work bike ride on the Waterfront. Plenty of healthy folks out, exercising while maintaining social distance.â€¦ https://t.co/qo1mkSBKds|
|ğŸ‡ºğŸ‡¸ US

10 day forecast of 50,483 dead. This wave may last 123 days and see 9,376,156 cases and 131,266 deaths. Cases double every 5.6 days.

â¤ï¸ Every Life Counts, Pls #StayAtHome

ğŸ¥: https://t.co/an5Q5LWRAu
ğŸ“ˆ: https://t.co/c0cjARzST8|
|__DesTinY unChanGed â€¢â€¢UNLESSâ€¢â€¢ i'M The ChanGE___

#friends #photoshoot #master #corona #summer #instafashion #indianfashionblogger #cool #black #followme #cristianoronaldogoals #success #Family #art  #photoofthedayâ€¦ https://t.co/ryekbXN5Es|
|Incident on #7Line from 103rd Street-Corona Plaza Station to 42nd Street-Times Square Station https://t.co/jdRRJ4jUIR|
|Incident on #7Line from 103rd Street-Corona Plaza Station to 42nd Street-Times Square Station https://t.co/FPzWEC7Ckt|
|Incident on #7Line from 103rd Street-Corona Plaza Station to 42nd Street-Times Square Station https://t.co/POkh9I5jUo|
|HOPE: A much-needed taste of home! Recipe testing freshly made simple syrup &amp; almond milk with our favorite coffee from https://t.co/4Fp71KldBm. #SurvivalMode at #BlackCatsCafe never tasted better... 
ğŸƒâ €
Corona Norâ€™easter day 3â€¦ https://t.co/Fno1Wgl5ED|
|Dave Moreno â¤ï¸ğŸ¶ğŸ¤˜ğŸ»ğŸ”¥ #puddleofmudd #davemorenodrums #drums #drummers #drummerlife #drummer #drummersofinstagram #easter #corona #coronavid19 #coronavirus #family #love #supporteachother #rock #alternativerock @ Yourâ€¦ https://t.co/DLfmyB68of|
|#XUUX â€œWhen #divine #good is #practiced, #life is #bliss. Bliss #is the #normal #condition of the goodâ€. âšœï¸ğŸ¤º#InGodWeTrust #Easter #access #racist #racism #reparations #covid #corona #rona2020 #brooklyn #litdifferentâ€¦ https://t.co/3fn4DCwie4|
|Happy Easter from my family to yours!! 
Hopefully next year the world will celebrate  under better circumstances ğŸ™ğŸ¼ğŸ’“ğŸ°
.
.
.
.
.
.
.
.
.
.
.
.
.
.
.
.
.
.
.
.
.
.
.
.
.
.
.
.
.
.
.
.
#corona #coronavirus #momsofigâ€¦ https://t.co/9VwVEMCUIJ|
|Corona NY Sun Apr 12th AM Forecast: TODAY Mostly Cloudy Hi 45 TONIGHT Partly Cloudy Lo 31|
|#Corona holds no sway when I'm in my kitchen especially on #eastermorning Happy Easter everyone!  #quarantinekitchen #southernboyeating #southerncooking #chickenwings #grits #sundaybreakfast #sundaymorningâ€¦ https://t.co/89oLHaboNM|
|May not have been much with Corona messing everything up, but the Easter Bunny made an appearance ğŸ°ğŸ°ğŸ° #happyeasterğŸ° @ Coal Hollow, Pennsylvania https://t.co/gjRI6468FX|
|Sortez couvert ğŸ™ğŸ¼.                                         Face mask by samandlavi #covid #corona #virus #protection #safety #humanity #pandamic #mouradzaoui @ Los Angeles, California https://t.co/nDogAQdqxx|
|#ã‚¢ãƒ¼ãƒ†ã‚£ã‚¹ãƒˆã®æ–¹ã€…ã‚‚ä»Šå¤§å¤‰ãªæ€ã„ã‚’ã•ã‚Œã¦ã„ã‚‹äº‹ã¨æ€ã„ã¾ã™ #artists are another one hit by corona #seattle #reasontogooutside #butoh #butohdance #sleepingbeauty #cultureday #èˆè¸ #ã‚·ã‚¢ãƒˆãƒ« #ã‚¢ãƒ¡ãƒªã‚«ç”Ÿæ´» @ Seattle, Washington https://t.co/bvV6yTozhF|
|They finally released my mother @drdlandscape1 from a month quarantine. I am not going lie this month was the scariest time in my life. To find out your mother caught Corona and watch her in a life threatening fightâ€¦ https://t.co/HiiPVkbxsi|
|9AM, On my first day: MADONNAMAHABARATA 
https://t.co/hBddN2G2i5 #CONSCIOUS #consciousdaily #corona #theatricalemergency #emergencymirthresponder @ Hell'sâ€¦ https://t.co/XOcU1Ndb3Z|
|Corona girl @ Westminster, Massachusetts https://t.co/Kj97oYOPs7|
|Between a loss of a loved one or Corona, Easter is a little different this year. We all are making adjustments so however you choose to spend it, please cherish every second of it.â€¦ https://t.co/ubE9X8x3Kk|
|How you keep #kids from playing #basketball ğŸ€ğŸ™…ğŸ»â€â™‚ï¸.
.
.

#morning #walk #corona #shutdown #lockdown #quarantine @ Chicago metropolitan area https://t.co/BAOIshWBoK|
|Hello girls and boys,

I made the promised Easter puzzle,
Time to take off your Corona muzzle,
You can look on the World Wide Web,
Or do it after painting an Easter egg.
The bunny is the only one you may nuzzle.

PS:â€¦ https://t.co/oFHrJiFfA7|
|Happy Easter, Teddy!!! Unfortunately due to the Corona Lockdown weâ€™re closed ! I had to improvise on the basket this year. Once he got the treats he was happy. As soon as the lockdown is over he will be spoiledâ€¦ https://t.co/38SSAwgLAF|
|Catch me if you can but donâ€™t get burned. #charmander #pokemon #socialdistancing #corona #onesie @ Hyde Park, Chicago https://t.co/V2vqUJHTCq|
|'s post
.
.
F for fictional 
.
Thanks to corona we can't go out and hunt for some Easter eggs! Or can we? Easter hunting VR is the new thing in 2020. Ê…(ï½¥à¸´Ğ”ï½¥à¸´)Êƒ
.
Also finally played the VR Kingdom Hearts experienceâ€¦ https://t.co/S3ZxTu3imi|
|Easter breakfast #quarantine #corona #easter @ Indian Fishin' Lake https://t.co/bC7D1Uj3fd|
|Hello girls and boys,

I made the promised Easter puzzle,
Time to take off your Corona muzzle,
You can look on the World Wide Web,
Or do it after painting an Easter egg.
The bunny is the only one you mayâ€¦ https://t.co/GKIVYM83m3|
|He is risen!
He is not dead, 
For the Stone has rolled away. 
Stay at home and have a safe, 
Corona-free Easter Day. 
Amen. 

Happy Easter, Easter Bunny! 
ğŸ°ğŸ£ğŸ°ğŸ£ğŸ°ğŸ£ğŸ°ğŸ£ğŸ° @ Cedar Park, Texas https://t.co/LbJBvMN6v3|
|FUCK CORONA VIRUS!! ğŸ–•ğŸ¼ğŸ¦  @ Harlem https://t.co/a7055cVQ2k|
|Corona CA Sun Apr 12th AM Forecast: TODAY Chance Of Showers Hi 62 TONIGHT Chance Of Showers Lo 50|
|Watched Cardinal Dolan this morning. He is such a beautiful person. Reminds us we can still feel full when life brings emptiness. #corona #covid #fox #cardinal #church @foxandfriends foxnews cardinaltimothymdolan @â€¦ https://t.co/4UUTJyXjef|
|Happy birthday my homie, my broski.  Brother from another mother. With you Iâ€™ve shared some of the most wonderful memories, and most of them we shall not talk about out loud.  I know this whole corona shit ruined aâ€¦ https://t.co/n5CiOV2n6z|
|Wear your mask! We have PPE in stock and ready to ship, proceeds go to Global Giving, Corona Virus Relief Fund, link in bio to order ğŸ™ @ Los Angeles, California https://t.co/XSqmAd6eei|
|Happy Easter . We are staying at work for you, please stay at home for us. We do have curb pickup, takeout , togo order and free delivery 8.30am to midnight #stayathome #LoveLA #savelives #coviÌ‡d19 #corona #maskâ€¦ https://t.co/SE9xnXxLXH|
|I am the resurrection and the life. (John 11:25) @ Corona, California https://t.co/FOZoEyYNZr|
|From #hermosabeach all the way to #venicebeach not a single person on the beach or in the water. LA doing itâ€™s part. #pacificocean #flattenthecurve #lockdown #corona #socialdistancing #manhattanbeachâ€¦ https://t.co/is2QfOKB4S|
|Rainy, stormy weather in San Diego this weekâ€¦ caught this sunrise early April. Health and happiness to our friends &amp; family this Easter, and prayers for all affected by corona. @ San Diego, California https://t.co/QbU41Bawc7|
|Covid-19 boosts surveillance of society. 

#corona #covid19 #washingtondc #bnw #washingtonmonument #bnwphoto #bw #joggers #joggerpants #surveillance #blackandwhitephotography #blackandwhite #themall #homelandâ€¦ https://t.co/gweh3HSruQ|
|Bringing some of the outdoors inside since, you know, corona.  #happyeaster #corona #forsythia #hyacinth #flowers #flowersinstagram @ Lincoln, Rhode Island https://t.co/y3TngDwwYn|
|The last person on planet earth.
.
.
.
#OculusNYC #oculus #freedomtower #wtc #manhattan #coronavirus #corona #virus #isolation #COVID19 #emptystreets #emptynyc #nycshutdown #quarantine #quarantinelife #staysafeâ€¦ https://t.co/ZXoToMfIyM|
|Not smiling during this Corona time ğŸ˜·ğŸ˜¢ @ Bend, Oregon https://t.co/8xGmuZTkhK|
|Yall hungry and want sum to eat after ya get high nd corona done closed everything go holla at G he gone hook yall up fasho âœŠğŸ¾ğŸ—£ğŸ’¯ğŸ”¥ğŸ”¥ğŸ”¥ğŸ—ğŸ–ğŸ›ğŸ² HAPPY EASTER DAY EVERYONE!!! 
#cheflife 
#easter 
#sunday 
#foodforthoughtâ€¦ https://t.co/aHn0cHcmBl|
|New tattoo designs by Zach Taylor z_taylor come on stupid corona!! Go the fuck away! Zach is gonna Tattoo these amazing designs on you so fucking hard. Contact Zach or the shop to set up your post apocalyptic tats,â€¦ https://t.co/R4tQSp1ETn|
|Happy Easter &amp; Happy Corona Victory Workout!!!  Anybody else struggling to keep a fitness schedule????  Try doing 2-3 exercises or stretches at different times during the day.  This seems to be helping keep someâ€¦ https://t.co/zDxVQJeMxA|
|QUARANTINED 
â€¢
â€¢
#turtlewuzhere #photographer #nyc #bw #film #photography #kodak #portrait #dad #potd #bwphotography #pentax  #streetphotography #quarantine #series #covid19 #stayhome #corona #virus #flattenthecurveâ€¦ https://t.co/rwkYLNUEVK|
|A sign of the times. #corona #coronavirus #mask #bikeride #denver #Colorado @ Cherry Creek Trail https://t.co/tfgJeKRl2O|
|Corona Club: JYM Style with @vonstroke banging in the big screen! The best part of quarantine is that you can mix your training with your clubbing. Happy Easter yaâ€™ll! @ Des Moines, Washington https://t.co/wUIZr7gwm2|
|Happy Easter from our couch to yours!
.
.
.
.
.
#couchcuddles #easter #covid19support #sunday #heisrisen #indeed #poetry #photography #family #love #celebration #isolation #socialdistancing #corona #healing #truthâ€¦ https://t.co/UKmMUg6JxS|
|2020 Easter got me like.....
Happy Easter friends.
Better times are ahead.  
#covid19 #corona #quarantinelife #quarantined @ Ormond Beach, Florida https://t.co/P8sG9rFSnr|
|The Adventures of Corona the donkey on Easter 2020! #boxcrafts #corona #stayhome #easter @ Fort Lauderdale, Florida https://t.co/E52HunmYpF|
|ğŸ‡ºğŸ‡¸ US

10 day forecast of 50,483 dead. This wave may last 123 days and see 9,376,156 cases and 131,266 deaths. Cases double every 5.6 days.

â¤ï¸ Every Life Counts, Pls #StayAtHome

ğŸ¥: https://t.co/an5Q5LWRAu
ğŸ“ˆ: https://t.co/c0cjARzST8|
|Easter 2020 be safe out there people.
Play it safe &amp; stay home.this Corona Virus is real.Dont forget the true meaning of Easter #quarantine #easter2020 #stayhome #heisrisen @ Little Falls, New Jersey https://t.co/wEKt5QB2QY|
|Another photo from Loc Lov LA's grand opening. I'm standing with Chastity cheszymagicfingerz, a Loc Lov LA staff who traveled pre-corona twice monthly to Loc Lov LA from Philly/NJ. 
If you know my story you know Iâ€¦ https://t.co/rnrBo0qizf|
|How do you explain to a 8 year old he can't have a party for birthday due to Corona Virus? After he seen the gifts his eyes lite up and ğŸ‘€ his cousins and friends he was ğŸ˜. Thanks for all my family &amp; friends.â€¦ https://t.co/PlMmzSOUCG|
|"Fried Onions, Anyone?" - For April I wanted to showcase some of my photos of one of my favorite subject... FOOD - I frequent the Counter in Toluca Lake (pre-corona) - because #burger #TheCounterBurgerâ€¦ https://t.co/Q2VeoxF9Y4|
|Happy Easter ğŸ£ğŸ‡ğŸ’Everyone!!! meetshannonlee is rocking her Feel Good hoodie and comfy yoga pants from @EmpireStreetSty while enjoying and fun spring walk at Corona Park!!! https://t.co/vUmegbG15J @EmpireStreetStyâ€¦ https://t.co/gETcbcBNiD|
|ğŸ° #HappyEaster #corona #quarantine #2020 ğŸ£ğŸ‡ @ Downtown West Palm Beach https://t.co/flTKddALWx|
|Happy Easter Everyone!! #Easter #happyeaster #quarantine #corona #virus #abnormalattraction #comedy #getfuzzy #stayhome #staysafe @bobbypriv  @Leavs16 @ New York, New York https://t.co/AUPd6lYNIH|
|happy holiday #easter #easterweekend #iso #sundays #vibe #family #corona #rona #rillogangactivityâ›” #bundyâ›” #rillogangâ›” #vibes #eastereggs #smile #clean #besafe #world #selfquarantine #life #lifestyle #gangshitğŸ’¯â€¦ https://t.co/GOuQbDZ15C|
|This doesnâ€™t happen every Easter!!! #corona #covid @ New York, New York https://t.co/Sf9BCutzaX|
|Corona deaths projections are in!
#1 ğŸ‡¸ğŸ‡ªSweden "just do nothing" strategy
#2 ğŸ‡³ğŸ‡± Netherlands "intelligent lockdown" 
#3 ğŸ‡¬ğŸ‡§ UK "take it in the chin! oh shit the PM got it. Do something! Wayâ€¦ https://t.co/m4fhBVgR00|
|Todayâ€™s family Easter Zoom call is brought to you by @corona Nothing says celebrating the resurrection of Baby Jesus like quarantine #easter #covid #zoom #coronabeer #beneestomnibus @ Floral Park, New York https://t.co/w4nt16tweE|
|#covid19 #corona #2020 #quarantine #stayhome #stayhealthy @ Charlotte, North Carolina https://t.co/JdBv7IDOWl|
|ğŸ¤£ğŸ¤£ğŸ¤£
.
.
.
.
.
.
.
.
.
#religious #joke #easter #covid #corona #coronameme #laughter #humor #ressurection #paganism #polytheism @ Los Angeles, California https://t.co/fT7wUic8B1|
|#throwback to a more glamorous time!
SWIPE â¡ï¸ for corona times ğŸ¤ª @ New York Public Library https://t.co/XGfk4Nxh8Z|
|â›½ ,, ğŸ˜ˆ slight work â›½ new hobby ğŸ”‹#indooractivities #rillogangactivityâ›” #bundyâ›” #rona #corona #weedğŸ #life #lifestyle #gangshitğŸ’¯ #rillogangâ›” #iso #isolation #sundays #vibe #vibes #grow #goodvibesonly #cleanâ€¦ https://t.co/03A5pcyTJh|
|Need I say more than whatâ€™s posted on the photo?ğŸ¤¨ .. ALL FACTS. #theartofthinkingoutloud #billgates #vaccines #virus #pandemic #socialdistancing #devil #evil #corona #life #usa @ Cincinnati https://t.co/0aswZRQnl2|
|Easter Lamp Chop!!! #easter #corona #lambchops #FHJerk @ Island Vybes Kitchen by FH Jerk https://t.co/umGmCCEi26|
|WHO WANT THIS VIRTUAL WORK THIS WEEK?  ONLY $15pp for the week.  Monday, Wednesday, &amp; Thursday 7pm.  Cash app $FitMoLiving. ZOOM ID on the Ad.  Donâ€™t let Corona hold you back from your health &amp; fitness goals!  WEâ€¦ https://t.co/jqy10iLlHP|
|Another photo from Loc Lov LA's grand opening. I'm standing with Chastity cheszymagicfingerz, a Loc Lov LA staff who traveled pre-corona twice monthly to Loc Lov LA from Philly/NJ. 
If you know my story you know Iâ€¦ https://t.co/h44gtfn9mJ|
|||4.12.2020|| Jesus paid it all, all to Him I owe. Happy (Corona) Easter from our family to yours. @ Mount Dora, Florida https://t.co/igC9rDpNFZ|
|I went for a bit of a walk. I somehow still have a million podcasts. @ Flushing Meadows - Corona Park https://t.co/2ezf9thCK7|
|Don't judge me.  
Champagne taste, beer pocket book. 

#home #beer #corona #heineken #redstripe #greenmount #guilford #greenacresinguilford #eastersunday #easter #easterbunny @ Green Acres in Guilford https://t.co/6wUrYtaKUz|
|Happy Easter to all my family and friends ğŸ°ğŸ‡ 
â˜ï¸ 909.860.2606

#corona #Norco #Jurupa #Valley #Cerritos #Norwalk #OrangeCounty #Tustin #Anaheim #SantaAna #LongBeach #AnaheimHill #Covina #WestCovina #Fullertonâ€¦ https://t.co/S6RADSBfJc|
|Easter flowers to brighten up the house.  Happy Easter!  #flowers #flower #daffodils #tulips #easter #home @ Corona, California https://t.co/akOoswFL2M|
|From Our Family to Yours!
He Is Risen!
#easter #heisrisen #resurrectionday #covid #corona #quarantine @ Montana https://t.co/ux2FuAmjLM|
|THE FEDERAL RESTAURANT &amp; BAR Due to Massachusetts Corona Virus Mandate will close temporarily! Consider purchasing gift cards https://t.co/DQBp3oLgMX to help them sustain this time! Plan Events hereâ€¦ https://t.co/rVTlfCbmHJ|
|"My Latest Post'

#utilitypole #rust #green #staples #corona #pixel3xl #pixel #iger #instagram #gram #nature @ New Orleans, Louisiana https://t.co/g7h4a6jubT|
|Corona Blues #jazz #funk #rnb #grownfolkmusic @ Smithsonian National Museum of African American History and Culture https://t.co/eX9tVuS3Vs|
|Rocky is all about stairs @ Corona del Mar State Beach https://t.co/udGhmC1eHb|
|Corona 2020, Spanish Flu 1920, Cholera 1820, Bubonic Plague in 1720 ğŸ¤” Population Control Every 100 Years ğŸ¤”#CoincidenceOrPattern #coincidenceithinknot ğŸ¤” @ Lows' Kitchen https://t.co/iybmsy2Dxj|
|Covid-19: Life goes on. Slooooowly. #corona #covid #washyourhands #washingtondc #blackandwhite #bnw #blackandwhitephotography #bnwstreet #bnwstreetphotography #streetphotography #streetphoto #streetphotographerâ€¦ https://t.co/ZPGHq1LJdk|
|ONE NATION UNDER A GROOVE #stayinghome FOR THE FUNK OF IT #alonetogether  #onenation #corona @ Pennsylvania https://t.co/jFD9YjHxho|
|Corona Virus wonâ€™t stop me from speaking and encouraging the Body of Christ. 

I have all of the Inâ€™s and Outâ€™s to host your â€œMotivating Your Circle Eventâ€. Does your circle need a recharge from someone new? I haveâ€¦ https://t.co/BncYsZmKRR|
|Corona Virus wonâ€™t stop me from speaking and encouraging the Body of Christ. 

I have all of the Inâ€™s and Outâ€™s to host your â€œMotivating Your Circle Eventâ€. Does your circle need a recharge from someone new? I haveâ€¦ https://t.co/qydc8Eivc5|
|ONE NATION UNDER A GROOVE #STAYINGHOME FOR THE FUNK OF IT #ALONETOGETHER due Da #corona #covid_19 @ North Carolina https://t.co/oBQIb3xMKU|
|Happy Easter ğŸ‡ğŸ°ğŸ£ @ Corona, California https://t.co/ixgopgVSs5|
|ONE NATION UNDER A GROOVE #STAYINGHOME FOR THE FUNK OF IT #ALONETOGETHER due Da #corona #covid_19 @ Pennsylvania https://t.co/USpxADYeL4|
|Happy Easter to my Familia and Friends. Thank God for this blessed day we have! #happyeaster2020 #familiaarmas #armasfamily #chiltonohana @ Corona, California https://t.co/5nw3Dfqs7z|
|A little Easter fun this morning with the boys.

#easter #easteregghunt #confetti @ Corona de Tucson, Arizona https://t.co/kObEXHNX6B|
|Follow @DaddyDaughterTi for #DailyFunnies
ğŸ‘†ğŸ¾ClickFollow &amp;/or a â€œğŸ˜‚â€ğŸ‘†ğŸ¾ 
.
#imagine #imagination #imagines #imaginaryfriend #imaginaryfriends 
.
Upcoming Shows:
-They are normally posted here but #TheRona #aka #Coronaâ€¦ https://t.co/Msjja17QTn|
|Lunaâ€™s ğŸŒ™ 1st Easter ğŸ£and Resurrection âœï¸Sunday. Nothing can stop her praise ğŸ™ŒğŸ½ not even Corona!
.
.
.
SWIPEğŸ‘‰ğŸ½ For more bunny hopping cuteness.
.
.
#heisrisen
#theblessedlife
#ressurectionsundayâ€¦ https://t.co/D5Tw5uUMrU|
|God blessed me &amp; hopefully this contributes to your health journey. No worries but I am virus paranoid about 13,000+ people dying around me in the US. #Corona #Immune #Health #Mindfullness #AntiVirus #Bodyhealthâ€¦ https://t.co/eNPuUsx14Q|
|The pigeons and the cops are the only ones roaming free the streets of New York City.
.
.
.
#pigeons #nypd #nycpolice #timessquare #timessquarenyc #coronavirus #corona #virus #isolation #COVID19 #emptystreetsâ€¦ https://t.co/JCkH7R6zk0|
|Hell yeahâ€¼ï¸â€¼ï¸â€¼ï¸I been looking high &amp; low. Yet not a roll to be found ğŸ¤¦ğŸ½â€â™€ï¸ğŸ’…ğŸ½ğŸ˜­
Ijsâ€¼ï¸ Can yâ€™all please stop buying up ALL the damn tissue? Geeshâ€¼ï¸â€¼ï¸â€¼ï¸
#coronamemes #tissue #charmin #melaninpoppin #corona #coronavid19â€¦ https://t.co/pJhQxi0l4Y|
|Fresh Air in the Park #artmuseum #corona #art #covid_19 #outside #staysafe @ Nassau County Museum of Art https://t.co/ZHCZTN3GyD|
|Happy Easter!  Our Redeemer Lives. #easter #easterdecor #easterathome #corona #prospecthillinn #quarantinelife #tablescapechallenge @ Prospect Hill Inn &amp; Restaurant https://t.co/INKrVKd4Iq|
|QUEEN CORONA 
#Goth #Glam with riconasty x thescottedit ğŸ¦ ğŸ§ğŸ¼â€â™€ï¸ @ Los Angeles, California https://t.co/ut6BMNAcPa|
|Had a visit from the Easter Bunny today! @ Corona, California https://t.co/boB5zjyb7L|
|Current situation: Mason is 100% over my excessive corona dog walks (as are the non-fur children)...currently still on the side of the road.  Send a tent? ğŸ¤¦ğŸ»â€â™€ï¸ğŸ¶ğŸ¤ª @ Summit, New Jersey https://t.co/JQCDPKquvT|
|Happy Easter #BunnyYoga ğŸ°

This is when we did #Bunny #FaceYoga ğŸ˜† before corona 

The bunny is chilling while humans are working out ğŸ˜‚ @ Mirai Clinical https://t.co/quc29T2hjs|
|While visiting USP Alcatraz I bought a harmonica not knowing that it will entertain my son so much... #keepingHimBusy #USPAlcatraz #harmonica @ Corona, New York https://t.co/bIy2CrRCLb|
|@vinnie_orcel eat your heart out!!  Whoâ€™s jealous? #eastersunday #family #daughtertime #dadlife #lovemyfamily #quarantine #corona #covid @ Cranston, Rhode Island https://t.co/3iHthTCvrP|
|Four mile #EasterSunday run through #JacksonHeights, #Elmhurst and #Corona.  #keeprunning #covid19 lgbtqiarunners #instagay #gayrunner #gayrunners #gayathletes #gayfitness #gayfit #lgbtqrunners #lgbtqrunnerâ€¦ https://t.co/Vfeynx5cJ9|
|WHICH PROFITSTYLE YALL FUKKIN WITH ON THE EP?????? 1 2 3 4 5 Or 6 LEAVE COMMENTS. IF U AINT HEARD IT YET LINK IN BIO AND ITS AVAILABLE EVERYWHERE.......  #corona #profitg #viral #explore #unsigned #indie #majorâ€¦ https://t.co/7LJkgfq077|
|Corona NY Sun Apr 12th PM Forecast: TONIGHT Partly Cloudy Lo 31 SATURDAY Sunny Hi 41|
|Grilling it up before the weather gets rough. - Drinking a Corona Premier by @GrupoModelo_MX @ Halligan Bar South  â€” https://t.co/tnBU2l5Q5G|
|Celebrating Easter Corona Virus style @ Lakeview East, Chicago https://t.co/pAyaMFZZM9|
|Content #iparkmusic #oobang #love #family #fun #hope #love #smile #corona #coronavirus @ IPARK MUSIC CO. https://t.co/aX9mTmFxS7|
|We sure are missing baseball, thank you to Firelands Athletic Boosters .... #seniors2020 #baseball #corona #nothowthiswassupposedtogo @ Firelands High School https://t.co/wWomXhV7IP|
|He is Risen! Risen indeed. Weâ€™ve already gotten through this!  #covÄ±d19 #corona #churchstreeteast #downtownmobile #mobilealabama #downtownmobileal #ukulele #ukulelecover #ukulelecovers #banjolele #banjolelecoverâ€¦ https://t.co/LsyTFCp34v|
|â€œi told u to stop playin wit me!â€ğŸ”« ğŸ˜‚ #FuckCorona #FuckCovid19 #Outside #StayAtHome #Corona #CoronaVirus #Queens #NewYork #Covid_19 #Knight #Caption #StopPlayin #Findiddy #FindiddyDaDon #SleezyFinBeezly #EwokHefnerâ€¦ https://t.co/rhUNbacK4M|
|#LiveStreamMusic FrankB attempting a show, corona https://t.co/TxsLh9zctE #Rock #Folk|
|Me and My Sexy Baes Took A Trip To The Beach BEFORE Corona Took Over Our Lives. ğŸ’¦ ğŸ ğŸ–ğŸ§œğŸ¾â€â™€ï¸ ğŸ§œğŸ¾â€â™€ï¸ ğŸ§œğŸ¾â€â™€ï¸ ğŸŒºğŸŒ´ğŸŒˆâ˜€ï¸ @ WonderWorks Myrtle Beach https://t.co/MgqUoMroMX|
|Grandma V and Aunt B always made stuffed celery.  Sometimes using the pimento cheese in a jar.  I added some spring radishes with kosher salt to go on the side. @ Corona, California https://t.co/JYsHBNw7LX|
|â€œI got my shooters about to renovate the roomâ€ 
New music!!
Just dropped!!! 
#SoundCloud 
#adoeverse #adoe #ghe #zuut #reapa #broward #control #miami #florida #new #explore #corona #chicago #nbayoungboyâ€¦ https://t.co/w9mVkM9J3R|
|This whole corona thing has only added more fuel â›½ï¸ to my fire ğŸ”¥ Making that chip on my shoulder just a little bit bigger! ğŸ’ªğŸ¼ Puttinâ€™ in the work on this speed bag, Iâ€™m just getting started! ğŸ¥Š #RightHere #RightNowâ€¦ https://t.co/EShKGGtgFP|
|The 4yr old fetched me a beer. It's a good day. I'll remember it forever. Happy Easter. 

#Easter2020 #VictoriasWay #Corona #Quarantine @ Badstreet, Philadelphia, Pa https://t.co/8KoHaoNix9|
|Corona doesnâ€™t stand a chance against Easter....
#easterdinner  #easter2020 #posole  #texasismystate @ Austin, Texas https://t.co/H6TV33ePX5|
|Be still keep calm so we can heal #bestill #lockdown #keepfaith #besafe #heal #stayhome #corona #coronachronicles #happysunday #sundayvibes #Sunday #eastersunday #happyeaster  #pastel #pastelcolors #lolifeâ€¦ https://t.co/4z0Xw7jEWc|
|Tucson corona holidazapocalypse proper @ Robles Pass https://t.co/yDzFIZlb4L|
|Easter 2020
Mahi, tuna, brussel sprouts ... and wine, not Corona @ Parkland, Florida https://t.co/ITkcAo1deJ|
|Sandal Sale! Donâ€™t track in what should be left outside! Especially now! #corona #covid19 #vampirediaries #originals #legacies available in our online store! @ Vampire Stalkers/Mystic Falls Tours https://t.co/EjDhJ6PGb8|
|Jesus, stay inside! Social distancing means everyone! #easter #corona #coviÌ‡d19 #repost #socialdistancing @ Midlothian, Illinois https://t.co/z9yDxaIGAY|
|Easter 2020. One that will live forever in our memories. At least the Easter Bunny could make his appointed rounds. #Quarantine #Easter #Easter2020 #Corona #QuarantineEaster #HeIsRisen #HeIsRisenIndeed #EasterBasketâ€¦ https://t.co/wcSciypLXn|
|Donâ€™t let the Corona Get You! Stay Safe and Happy Easter .... @ Ewa Beach, Hawaii https://t.co/oVL502jJVU|
|Donâ€™t let the Corona Get You! Stay Safe and Happy Easter .... @ Ewa Beach, Hawaii https://t.co/Z5jAkHVfp0|
|ğŸ‡ºğŸ‡¸ US

10 day forecast of 50,483 dead. This wave may last 123 days and see 9,376,156 cases and 131,266 deaths. Cases double every 5.6 days.

â¤ï¸ Every Life Counts, Pls #StayAtHome

ğŸ¥: https://t.co/an5Q5LWRAu
ğŸ“ˆ: https://t.co/c0cjARzST8|
|Talking to the hand because it is always good to be around someone you know you can trust for real. #wilson #corona #castaway #tomhanks #solo #trust #conversation @ Atlanta, Georgia https://t.co/ArpyI1xqN6|
|Corona 28 - Another great week! Letâ€™s see those videos!#hippoquaranteams @ CrossFit Hippo https://t.co/Hgs4KezP3h|
|Cheers with coronausa ğŸº
Happy Easter Sunday!!!ğŸ¥•ğŸ°ğŸ£ğŸ¥
#coronaextra #corona #cervezacoronaextra @ San Pedro, California https://t.co/CjykBKqMN1|
|Mr. Markâ€™s private tap lesson is looking and sounding amazingğŸ¤ªğŸ¤ª Even a video to prove!!ğŸ¤©ğŸ¤¯ğŸ¤¯ #tap #lesson #private #class #look #sound #amazing #video #stayhome #stayhealthy #staysafe #corona #covid19 #explorepageâ€¦ https://t.co/Hdm4SnCs0B|
|Happy Easter! Sending you all the love and hugsğŸ°ğŸ’•

â€¢How are you spending your Easter? Iâ€™m baking ğŸ˜…â˜ºï¸
.
.
.
.
.
.
.
.

.
.
#corona #quarentine #photography #selfportrait #canon #camera #indoorphotography #modelâ€¦ https://t.co/gukTmWjmHI|
|Celebrating Easter with the family from, Corona, Riverside, Foothills Ranch. Mission Viejo, Hermosa Beach, Utha, Colombia: Bogota, Buga.ğŸŒ„ğŸ°ğŸ’–
#happyeaster #felicespascuas
#family #familia
#quarentine
#quarentinefun @â€¦ https://t.co/3vsYF8cG37|
|Corona CA Sun Apr 12th PM Forecast: TONIGHT Chance Of Showers Lo 48 MONDAY Chance Of Showers Hi 64|
|Happy Easter! Sending you all the love and hugsğŸ°ğŸ’• â€¢How are you spending your Easter? Iâ€™m baking ğŸ˜…â˜ºï¸
.
.
.
.
.
.
.
. .
.
#corona #quarentine #photography #selfportrait #canon #camera #indoorphotography #modelâ€¦ https://t.co/n9wLTLkgTA|
|Nobody can say for sure exactly what our return to normalcy will look like, or how long it will take to get there.
.
.
.
#brooklynbridge #brooklynbridgepark #coronavirus #corona #virus #isolation #COVID19â€¦ https://t.co/vLDdpky9lZ|
|Current Corona Bookclub...only a tiny bit ambitious ğŸ˜ğŸ‘±ğŸ½â€â™€ï¸ğŸ“š...what are yâ€™all reading - any recs?? ğŸ’›ğŸ™ğŸ½ #ownyourvoice #quarantinebookclub #topknotturnup @ Artists District, Los Angeles https://t.co/ybnnBfxISs|
|#hotnigga #entrepreneur #baltimore #maskup #stayhome #quarantine #betterlife #corona #mask #maryland #livesmart # thebestatit @ Baltimore, Maryland https://t.co/6qXVzTuXV1|
|#Repost scout_barthold
ãƒ»ãƒ»ãƒ»
Doing my best to keep the Rona away. PPE = Papillon Protective Equipment  #facemask #covid19 #corona #PPE
.
.
.
.
.
#papillon #papillons #papillonLove #papillonsofInstagram #papillonDogâ€¦ https://t.co/j6cam8Qx01|
|RIP Yelena Corona  4-10-15ğŸ‘¼ğŸ» You will forever be in our hearts â™¥ï¸ and will never be forgotten. We love you ğŸ˜˜ our sweet angel. @ Carmel, Indiana https://t.co/lIgOWmZdv1|
|This #Corona fina get beat! #PiÃ±ata @ Austin, Texas https://t.co/6HQLlt9PJc|
|My very creative ğŸ˜‰ active ğŸ¤¸ğŸ½â€â™‚ï¸youngest granddaughter, @adabneyy , has had it with 2020! So much so that she has a new name for COVID-19: Corona LaShay DaVirus! ğŸ˜ğŸ’› @ Atlanta, Georgia https://t.co/t6b8pVMlTW|
|Happy Easter corona virus...
ğŸ˜·ğŸ˜¢ğŸ°ğŸ¥ @ Santa Barbara, California https://t.co/NE3g4PrgB6|
|â€œSpring unlocks the flowers to paint the laughing soil.â€
â€” Bishop Reginald Heber @EmpireStreetSty https://t.co/vUmegbG15J ğŸ’ğŸ’
meetshannonlee @ Flushing Meadows - Corona Park https://t.co/MNxX2z9hgu|
|Shop this and more tomorrow at NOON Monday 4/13. Limited quantities on the Vintage Camo Jackets. Retail $98 plus FREE SHIPPING. âœ¨shine on âœ¨ #shineon #sparkleoutloud #supportsmallbusiness #shopsmall #coronaâ€¦ https://t.co/EU6CPfUL08|
|So many masks... #llalladesigns #sewing #corona #handcrafted #embroidery #pfaff #projectbags #pompoms #domore2020 #graceandkindness #masks #stayhome @ Lla Lla Designs https://t.co/K0P4toRdMN|
|Can somebody pretty please bring my baby back cause corona virus is taking all my time away from her. I lovenu #shilohgrace with every part of my heart and soul!
.
.
.
#telosğŸŒ #telopaththtv #realyaadmantv #reggaeâ€¦ https://t.co/RXR9KPO0Pu|
|I'm enjoying the new found time to go through the archives and work on images.  Lots of never before seen images, like this one from traditiongolfclub.  I'm going to name this new assorted collection, the "Coronaâ€¦ https://t.co/6vvvM04k5n|
|CoronaRessurection
#stayhome #homesweethome #lockdown #staycation #corona #covid @ The Holy Land https://t.co/XQrSjieGNu|
|#corona #djtsalt #djtsaltt #tiktokdance @ Memphis, Tennessee https://t.co/IVCR41rhTA|
|I pray you had a blessed Day!  Bunn Bunn picture and drawing by my Lily Raeâ™¥ï¸âœï¸ğŸ’•Happy Easter forever!              #mykindergarten artist @ Sierra Del Oro, Corona https://t.co/slz9TKV6Zc|
|Glazed Easter ham, baby carrots, roasted asparagus with Parmesan. @ Corona, California https://t.co/K9IFP4Q4wq|
|Just posted a photo @ Corona, California https://t.co/B9fxUkWfXl|
|EASTER SUNDAY CORONA 2020 !
THANK GOD FOR BLESSING ME TO BE ABLE TO COOK AND PROVIDE A MEAL FOR MY FAMILY amaeya4 WE DID IT!! ğŸ˜â£ @ Morada, California https://t.co/Wf7pQzfYQk|
|No Traditional Louisiana McDonald Crawfish Easter Boil This Year...ğŸ˜”ğŸ˜”ğŸ˜”ğŸ˜”ğŸ˜”ğŸ˜”ğŸ˜”ğŸ˜”ğŸ˜”ğŸ˜”ğŸ˜”ğŸ˜”ğŸ˜”
I did a little one... it wasnâ€™t Close...!ğŸ˜¢ğŸ˜¢ğŸ˜¢ğŸ˜¢ #DAMNYOU#CORONA
#CoronaEaster
#Easter2020
#HappyEaster
#crawfishboil
#MarriedtoLouisisnaâ€¦ https://t.co/w507v5y0dX|
|Happy Easter from the Amiconeâ€™s! Knowing I get to be with these guys forever makes it much easier to be away from them during all this corona madness. Still miss and love you guys!â€¦ https://t.co/hmqgWRCpmy|
|Goodbye 21! Wow! Happy 22nd Birthday Ryan!!!! #coronabeer lunch at home. Best we can do because of #corona ....still delivering delicious food (is dessert actually food?) in Manhattan! Love you! @ Manhattan, New York https://t.co/hW85ZxmLyL|
|Sole Proprietors Need assistance applying for he PPP or P3 single employee application Dm me ( must be legit CORP with SSN Or EIN please DBA accepted. #iparkmusic #funds #corona #coronavirus #help #love #life @â€¦ https://t.co/dPIikunOUY|
|#april2020 #stayhome #corona #covid19 @ Texana Plantation, Richmond https://t.co/ptekQz5oNQ|
|Happy Easter ğŸ£ @ Corona, California https://t.co/5XItzvJMea|
|This whole Corona Crisis got me really really stress and exhausted. Praying this whole thing ends soon.
.
.
.
#love #frontliners #photooftheday #me #instamood #cute #igers #picoftheday #nurselife #guy #beautifulâ€¦ https://t.co/8LOoDRKKxI|
|Donâ€™t forget to stay clean and safe!! #dbz #clean #corona #virus #covid #dragonballz @ Sarasota, Florida https://t.co/Wemp93OFiM|
|ğŸ  RT @Fresssed: Yo corona Iâ€™m telling you right now thereâ€™s no way Iâ€™m staying inside when itâ€™s July/August and 80 degrees Iâ€™m sorry|
|Lemme see YOURS...
#corona #easter2020 #outfits @ Los Angeles, California https://t.co/BNq7PlYjgp|
|My corona-free activity for today!ğŸ§—ğŸ»â€â™€ï¸ğŸ™ŒğŸ» #sundayhike @ Rattlesnake Mountain https://t.co/xnyQPTHzv4|
|ğŸ‡ºğŸ‡¸ US

10 day forecast of 50,164 dead. This wave may last 122 days and see 8,571,536 cases and 120,002 deaths. Cases double every 6.5 days.

â¤ï¸ Every Life Counts, Pls #StayAtHome

ğŸ¥: https://t.co/an5Q5LWRAu
ğŸ“ˆ: https://t.co/c0cjARzST8|
|Corona Out Every Where ğŸ§‘ğŸ¾â€ğŸ”¬ğŸ˜·ğŸ˜ˆğŸ¤ŸğŸ¾ @ Area 51 https://t.co/zg2CpqaOdv|
|Potato latkes topped with homemade applesauce.
.
.
.
.
#latkas #potato #applesauce #homecooking #easterdinner #easter #food @ Corona, California https://t.co/Okpo25SqT0|
|Fighting COVID 19, Happy Easter ğŸ°ğŸ‡ @ Corona, California https://t.co/D412M2zPt6|
|What many people are feeling during this Quarantineâ€¼ï¸ ğŸ¼ğŸ¶ğŸ¤ğŸ¹#DazzlingDanette #PerformerLife #AEA #CovidCut #Corona #ThanksToHealthCareAndEssentialWorkers #HealingPowerOfMusic @ Jersey City, New Jersey https://t.co/CKzJIw31l1|
