|â€œWalking to beat Corona ass likeâ€
Dope Girl @modelmonalisa 
DM for promo ğŸ“¥
Grab some Merch ğŸ“¦
Link in Bio .
.
.
.
.
.
.
.
.
.
.
.
.
.
.
.
.
.
.
.
.
.
.
.
.
.
.
.
.
.
.
.
.
.
.
.
.
.
.
.
.
.
.
.
.
.
.
.
.
#modelifeâ€¦ https://t.co/EfgZaRfYVr|
|Midnight oatmeal raisin cookies.  I had a craving. Who wants some?
#Cookies #Oatmeal #OatmealRaisin #Baking #Midnight #Quarantine #COVID-19 #Bakerie #Food #FoodPorn #Desserts @ Astoria, New York https://t.co/HK0zEw7WY6|
|#covid19 only highlights what healthcare workers in poor communities already knew. This work has always been essential. We need a president and a federal budget that reflects the sameâ€¦ https://t.co/t6OcOgQPeV|
|#stoop #harlem #memorialdayweekend #memorialday #newyorkcity #coronavirus #corona #covid19 #covid_19 #covid #pianist #vocalist #vocals #composer #musically #lol @ Harlem https://t.co/iYwe9gqfCQ|
|#MondayNiteRawComedy #MondayNiteRaw #HeadlinersOnly #Comedy Streaming LIVE on #YouTube @ 6p pst/9p pst #BoKnow #Quarantine #Lockdown #CoronaVirus #MisAdventuresOfDiazMackie DiazMackie @ Eastpointe, Michigan https://t.co/hQ5hbJWWyp|
|Check point at the Florida state line Friday May 22, 2020 full video on YouTube #florida #floridacheckpoint #stateline #covid19 #virus #westphd @ Orlando, Florida https://t.co/6p9Q6XbPNd|
|COVID -19 Happiness Story 5

There is no joy more than helping people with their real estate needs. Today I had the fortune to help two different families, by writing offers for the homes they absolutely love!!â€¦ https://t.co/5vjb4v99dt|
|One more layout finished over the weekend. @ Corona, California https://t.co/7kIco1gvZk|
|We know COVID-19 has took a toll on a lot of family &amp; friends please letâ€™s continue to keep rules and regulations in place to provide a safe and healthy atmosphere,  we give Love peace blessings to you all stay safeâ€¦ https://t.co/Ftcb6Z1qy0|
|Dayana Maruri-Posada - Number 19 of my digital portraits of our US healthcare, essential workers, and frontline heroes.

Dayana Maruri-Posada is an ER, RN Working Frontline: COVID 19 QUARANTINE &amp; ISOLATION UNIT - Losâ€¦ https://t.co/cfMEcdPrE6|
|Life!   @PashaPhotos #photooftheday #life #nature #love #covid19 #work #plants #hobby #creative #simple #instadaily #instagram #together #family #pashaphotographyinc #newyork #newjersey #music #city #rooftopâ€¦ https://t.co/qfsna2DjbB|
|Couldnâ€™t be happier and feel more proud of maxerba and lilahbeldner Both will be attending college in the fall and both are weathering the Covid quarantine beautifully. Today was a trial run of Maxâ€™s graduation withâ€¦ https://t.co/KkgZB5RgB6|
|I hope you had a wonderful Memorial Day.
.
.
.
.
.
.
.
.
#memorialdayweekend #memorialday #coronavairus #covid19 #usa @ North Hollywood, California https://t.co/itUvbXZYk9|
|Construction on #SouthernStateParkway Both directions from Elmont Road to Exit 15 - North Corona Avenue https://t.co/IOKdGsdk6L|
|Construction on #SouthernStateParkway Both directions from Elmont Road to Exit 15 - North Corona Avenue https://t.co/f2uOuazdiy|
|ğŸ‚ğŸ¥®ğŸ®from pastriologi Like and follow @great_atlanta FOR ALL GREAT THINGS ATLANTA!!! #Like and #follow #greatthingsatlanta #atlanta #ahmedabad food #atlantaclubs #atlantafood #atlantafoodies #covid #blackrightsâ€¦ https://t.co/qSe1NjsDuC|
|Sleepless Corona Nights got me thinking....

#workhard #playharder #vegan #vegans #happy #fit #fitness #dumbo #dÃ©noument
#waterfront #coronavirussafe #goaldigger #Push #debate #Determined #stayhomeâ€¦ https://t.co/KFEcaZPeSO|
|ğŸš—ğŸ’¨NICEğŸ˜ whipsbywade Like and follow @great_atlanta FOR ALL GREAT THINGS ATLANTA!!! #Like and #follow #greatthingsatlanta #atlanta #covid_19 #food #atlantaclubs #atlantafood #atlantafoodies #covid #blackrightsâ€¦ https://t.co/Pr5jdfP1J5|
|After 6 years of being together, I finally get to call him my husband. I know a lot of people weren't able to attend due to COVID, but it was a good turnout on livestream and for those who did attend, it wasâ€¦ https://t.co/QxSJVl1hVm|
|Several years ago when social distancing wasnâ€™t an issue at the Memorial Day lantern lighting ceremony.  #covid19 #socialdistancing #memorialday #lanternlighting @ Ala Moana Beach Park https://t.co/s0Xs3Me6My|
|My wedding cake! #wedding #gaywedding #gay #samelove #weddingcake #lgbtq #coronavirus #coronaviruswedding @ Brooklyn Center, Minnesota https://t.co/MlpiAiBMmQ|
|https://t.co/q1bIRBjDj8 The World Health Organization says it is temporarily halting its clinical trials that use hydroxychloroquine to treat COVID-19 patients over published https://t.co/0G4AyUNxZD #atx #austin #all512|
|Our wedding reception decor. #wedding #gaywedding #weddingreception #gay #lgbtq #coronavirus #coronaviruswedding #mrandmr @ Brooklyn Center, Minnesota https://t.co/uMBszrnpsM|
|Thinking about all the fallen heroes and paying respect to who they were and what they sacrificed for all of us! #Memorial Day #remember #heroes #gratitude #covid19 @ Vardy Orthodontics https://t.co/I5x1mcbLo7|
|Federal government of Africa just got some doctors from China to come and cure the corona in the world musically ğŸ˜‡ @ Corona Nation https://t.co/HaUaB6C3Wl|
|2020 day 146 - beach rules
.
.
.
.
.
#beachrules #memorialday #socialdistancing #covid19 #venice #venicesign #venicebeach #losangeles #losangelesgrammers #dank #dankmedia #dankvenice #366photo #abc7eyewitnessâ€¦ https://t.co/O1mfKfi2Yz|
|#Australia #Masterchef #Coronavirus Social distancing on a reality TV show looks weird, but 'MasterChef Australia' is making it work https://t.co/OrWOlaP2dv https://t.co/U82fnZgqab|
|Rammstein and Guns Nâ€™ Roses Both Call Off European Tours Due to COVID-19 Pandemic - Consequence of Sound https://t.co/9SKNZ5fM2e https://t.co/lJgu3rALfX|
|#Day72 #MyChronicles nothing like a #quaranteen taking in the ocean air with some sunset beach exercise and helping with the planting of our #covid19 herb garden. Itâ€™s starting to look and feel like more phases andâ€¦ https://t.co/dD1WdXePMO|
|#Chicago #Illinois #covid19 #covid_19 #covid #coronavirus #corona #liberal #quarantine #liberallogic #liberalismisamentaldisorder #liberalsnowflakes #trump #trump2020 @ Chicago City Hall: Mayor's Offic https://t.co/oeAYC9oNhi|
|365+ Days of Strength: (Sound On)

Hot Todd Lincolnâ€™s COVID-19 Capers: Volume 24

Card Tearing: An â€œUntestedâ€ 54 Card Deck

Hereâ€™s a Memorial Day tribute to everyone that has, quite literally, given everything soâ€¦ https://t.co/uyUREYdSGX|
|Quarantine lifted.... time to get on the water. Beautiful shots on the GH5S.

#Boattime #murica #covid19 #boatlife #saltlife #austintx #boats #gshock #gh5s #panasonic #slowmo #bikini #theviolenceconductor @ Austin,â€¦ https://t.co/YcjU2n77xK|
|Spaceship Earth was supposed to close today for a massive refurbishment before all this covid craziness. Canâ€™t wait to one day get back to Epcot whenever the transformation is completed.

ğŸ“¸ https://t.co/ZdgsuXuGnj via https://t.co/ImDCe5IPJ9 https://t.co/FLUWkaKbOI|
|Creative Balcony Initiatives
Images reminding me of the COVID-19 quarantine 
*
*
*
*
*
*
*
#CreativeBalconyInitiatives
#supergorgeousness #TheBalcony #GirlsInTheWindows #OrmondGigli #BalconyConcerts #BalconySingaLongâ€¦ https://t.co/kBjpKv8Xak|
|Creative Balcony Initiatives
Images reminding me of the COVID-19 quarantine *
*
*
*
*
*
*
#CreativeBalconyInitiatives
#supergorgeousness #TheBalcony #GirlsInTheWindows #OrmondGigli #BalconyConcerts #BalconySingaLongâ€¦ https://t.co/RtHOEyiD4U|
|Tye -  Essential Worker Working.  Tye is a Metro North Railroad Conductor working on Memorial Day 2020 on Covid19 frontlines.   Thank you for valuable service as you continue to risk your health to help us getâ€¦ https://t.co/3Ymo8HCOm6|
|Almond Joy Snack Size Keeps Me Sane During This COVID-19 Pandemic Pandemonium Social Distancing Worldwide Quarantine Mess! ğŸ˜‹ @ Gahanna, Ohio https://t.co/iL4bbws04s|
|Recap of my #MemorialDay 
â€¢
â€¢
Basketball, family, cardio, chef grilled and I gut laughed a lot. I'm not complaining. COVID will not take my summer away, it already took the spring..... I'm not playing out here.â€¦ https://t.co/Rm2Gajkhte|
|Hot damn! Back to work! Lvl 15 moving on up! #covid19 #donthaveityet #donttrusttheweatherman @ Harbor's Edge https://t.co/A9GC9MUoa1|
|Nuther new Corona week bitches! (@ Linden Yard Fleet Operations in Brooklyn, NY) https://t.co/uTQqVw0zH9|
|A 1.9 magnitude earthquake occurred 5.59mi SW of Corona, CA. Details: https://t.co/WgYt28coxU Map: https://t.co/PpoQbU9j6c|
|1.9 magnitude #earthquake. 6 mi from #Corona, CA, United States https://t.co/u5wQ8nxW5s|
|USGS reports a M1.91 #earthquake 9km SW of Corona, CA on 5/26/20 @ 10:45:58 UTC https://t.co/GpGZ17QGmn #quake|
|JOIN us TODAY! Tumbling classes for ages 5-18 start today! Preregistration is required online at https://t.co/LQiXxPKlRd! We canâ€™t wait to see you all! Please be sure to check out our COVID protocol online before class.â€¦ https://t.co/3p5UC5gyOv|
|ğŸ¤¡

As the death toll in the coronavirus pandemic neared 100,000 Americans this Memorial Day weekend, President Trump derided and insulted perceived enemies and promoted a baselessâ€¦ https://t.co/CfYgmR6YfG|
|Economies around the world are slowly reopening from their coronavirus-induced lockdowns, but like limbs starved of nutrients for too long, parts of the global food supply chain may haveâ€¦ https://t.co/MIDCVxhlYC|
|Mexican President Andres Manuel Lopez Obrador says the novel coronavirus could cost up to one million jobs, as many industries considered not essential remain shut.

The Mexican economyâ€¦ https://t.co/ULjlQjojQ6|
|Rise &amp; shine, FTL! â˜•
ï¸#goodmorning #fortlauderdale #morning #coffee #southflorida #florida #may #spring #beach #sun #quarantine #wakeup #love #amazing #beautiful #stayhome #pool #covid19 #photooftheday #coronavirus #tuesday #traveltuesday #friends #photography #smile https://t.co/gmWjmepj5Q|
|Trojan Horse. Virgil famously spoke of his mistrust of the Greeks, even when they arrived bearing gifts. In the time of COVID-19, packed ferries arriving on Nantucket, their bellies full of cars and people, haveâ€¦ https://t.co/TgzpO7zD0C|
|The number of new #coronavirus cases added to the total in #Massachusetts on Monday was the lowest it has been in weeks. Hospitalizations also continued to trend downward, although the number of patients in ICUsâ€¦ https://t.co/dGtC3aQHyR|
|Working on some cool new masks. This is the Biker Girl Pinup design. Will probably end up selling these if there's any interest in them. #covid19 #mask #pinup #bikergirl #facemask @ Ford - Automatic Transmissionsâ€¦ https://t.co/OcN7neKG0b|
|The classroom is set up and ready to teach real estate finance! #realestate #reinstructor #socialdistancing #covid19 #barneyfletcher #atlrealtor #movingforward #buildingrelationships #leadingbyexample @ Alpharetta,â€¦ https://t.co/XpCBn8vdI9|
|Olight Flash Sale Friday. ---  3 Day Early Special for Fan Club......but shipping 2 weeks due to Covid19,  normally 2 to 5 daysğŸ˜¥ğŸ˜« @ Wauwatosa, Wisconsin https://t.co/EvDU6UxfiI|
|Dind it here ğŸ‘‰ https://t.co/0oSftjF1I1
.
.
.
.
.
#covid19 #covid_19 #covid #covid19 #covÄ±d19 #covid19italia #coviÌ‡d19 #covÄ±dâ€¦ https://t.co/n5YSHIIIo3|
|Due to unexpected maintenance issues (unrelated to COVID-19), our Grubb St. operations will cease after this week. Effective Monday, 6/1/20, we will offer basic to go meals behind the Parish Center. All volunteer andâ€¦ https://t.co/LUjkUohGfc|
|Happy Customer ğŸ’œğŸ´ 
.
.
.
#swiddlesinc #beadedservingpieces #appetizerset #cocktailfork #demispoon #spreaderknife #partyideas #tablesetting #happycustomers #smallbusinessowner #covid19 #stayhome #madewithloveâ€¦ https://t.co/3uxFLVy23Q|
|Good Morning. During the current Coronavirus (COVID-19) outbreak, the Township of Ocean Historical Museum will be closed.  We are currently closed through Saturday, June 6, 2020.  Please continue to check with us to see if that date has changed. https://t.co/EhhAXnxucc https://t.co/eBDdGG477I|
|Reasons for optimism! #covid19 #iowa #needtoknow @ Downtown Des Moines, Des Moines https://t.co/LxMwBmq4CA|
|Corona NY Tue May 26th AM Forecast: TODAY Mostly Cloudy Hi 45 TONIGHT Partly Cloudy Lo 31|
|Check our my new face Masks inspired by my Keith Haring Tattoo ğŸ™ŒğŸ½ğŸ™ŒğŸ½â¤ï¸
Designs by: @ryosuke1987  #masks #facemasks #keithharing #covid19 @ Los Angeles, California https://t.co/BXlZzZYwBB|
|Education is looking different for everyone these days due to COVID-19. The American Modeling Teachers Association has been putting on teacher trainings for years that are face to face well this year we have to doâ€¦ https://t.co/dvltOiymfs|
|We are here to help! Ask us questions, place orders ask for todayâ€™s joke! The Compleat Sculptor values your needs. #compleatsculptor #covid #business #covidart #quarantine #quarantinelife #nyc #newyork @ Theâ€¦ https://t.co/vRqkXwNk4f|
|Epoxy Flakes, Quartz Epoxy Ceramic Carpet, and 100% solids. These are all seamless floors are fantastic coatings from nearly anything especially the times our country is facing right now with COVID19. AntiMicrobial,â€¦ https://t.co/8otQlar8ZT|
|Networking continues as an essential part of success during #COVID19. Join us #tonight for tips on virtual networking from our @womenwerk #CEO Nekpen Osuan and partners at @EllevateNtwk and @bealuminary!

See you atâ€¦ https://t.co/p6iSPCqRRz|
|Memorial Day is the unofficial start of summer and usually our official start of summer fun! While COVID might be putting some of those plans on hold right now, I hope weâ€™ll be back visiting our favorite localâ€¦ https://t.co/yl1vCP1YyE|
|SUBSCRIBE NOW /// VIA TWITCH
â€”
Link in bio
.
.
.

#LegendariNight #LegendaeriMinds #LegendariBrand #LegendariCause #Legendari #TheCause #SupportNow #SupportTheCause #CommunityLove #GivingBack #Covid19 #LiveStreamâ€¦ https://t.co/WAxd0RhuXZ|
|Albany, itâ€™s good to be back in town to help our fellow New Yorkers through the #covid19 crisis. @ New York State Capitol https://t.co/qPIgm6Kgd5|
|Today I finally got a chance to see how much my body changed, over the past few months.  Just like almost everyone else, my training was limited during COVID-19 time, and I fell very short on my diet.
My whole timeâ€¦ https://t.co/hbD48Zzn9g|
|Do you believe in life after COVID-19ï¼Ÿ
I believe in itğŸ˜‡ğŸ’
I pray that we will become freeğŸ˜‡ğŸ’

#cher #cherilynsarkisian #sonnyandcher 
#classiccher #cherband #cherdancers #chertour #herewegoagaintourâ€¦ https://t.co/xNLc3pNK0L|
|Coronavirus Chronicles... rock creek park, the heart of the city, we are so lucky to have the park near to us, the time we spent walking here is a total gift. Un poco de sol y naturaleza. #washingtonian #dcâ€¦ https://t.co/D5uV0mWrMs|
|Mental health status among health workers in Nepal duringÂ COVID-19Â pandemic (Policy brief) https://t.co/kpn82rT4Dp|
|Cool #neutrals for this stylish basement #familyroom. I love that #Kubracarpet ...and wait until you see the wallpaper accent wall! Itâ€™s taken a bit longer because of the #coronavirus (fewer workers forâ€¦ https://t.co/YOh4LZdlnU|
|You would think with all the covid madness more people would be eating outside.  NOPE they even got extra tables.  Just me as usual, Donâ€™t be a Zoo Animal!  Winchellâ€™s is open reservation only. @ Winchell'sâ€¦ https://t.co/cjiLTtJndq|
|Beach time with some of the best members of our quarinteam!#Beachtrip2020 #30A #covid19 @ 30A Seacrest Beach https://t.co/j6UGngmVi1|
|Nancy Lynn Fox Greenwood transitioned overnight surrounded by family with her wonderful husband Reid by her side.

I have been honored to be a member of the Greenwood clan for over a quarter century.

Due to Covidâ€¦ https://t.co/X3uA9xNMwv|
|The Coronavirus Diaries, Day 75: Cancellation  https://t.co/wHlCMGU9LG|
|Face masks, we need to wear them, here is how to help our skin tolerate them ğŸ˜‰ğŸ‘©ğŸ¾â€âš•ï¸ thelistdaily #askdrvisha #linkinbio  #facemask #dermatologist  #skin #skincare #health #wellness #covid19 @vishaskincareâ€¦ https://t.co/NgqdHYGrol|
|We have not been able to plan our season this year due to Covid-19, as we have not been offered a permit to operate. We are sorry for the inconvenience. Our operations this year are stillâ€¦ https://t.co/GBFNmu3MSR|
|Good morning! Happy Tuesday. Four weeks to Primary Day ğŸ—³ï¸. I wonder if I got my absentee ballot application? I will probably vote absentee with the coronavirus crisis as it's just easier and 90 percent of the time I vote absentee ...
https://t.co/OdmMzCYHhI|
|Face masks, we need to wear them, here is how to help our skin tolerate them ğŸ˜‰ğŸ‘©ğŸ¾â€âš•ï¸ thelistdaily #askdrvisha #linkinbio  #facemask #dermatologist  #skin #skincare #health #wellness #covid19 @vishaskincareâ€¦ https://t.co/Oyz5FFT14N|
|ğŸ‘©â€ğŸ³ENGLISHğŸ‘¨â€ğŸ³ Despite the COVID-19 pandemic, we continue to support our community programs. Reyes Legal, PLLC is ***SO PROUD &amp; EXCITED*** to sponsor "Hearty Tables: Newcomer Storytelling Through Cooking", an onlineâ€¦ https://t.co/437aJaT64a|
|Itâ€™s been 2 years since my bestie moved! I miss her ğŸ˜­ğŸ˜­ğŸ˜­ğŸ˜­ğŸ˜­ I need her to come visit when the corona pandemic dies down! @ Partment https://t.co/enztXdbbBV|
|Thread.  https://t.co/V6rDldz7qu|
|We plan opening nokomistattoo on June 1st. As weâ€™re getting everything ready, installing our new PPE, training our staff about covid-19, and going through the requirements from the state. We have to limit ourâ€¦ https://t.co/afU7VNgYCg|
|Donating toys to bring smiles to the faces of Chai Lifeline chailifeline_njpa children and their families in quarintine.
#worldofgiving #covid19 #stayhome @ Rte 9 Lakewood NJ https://t.co/UE5PI61XHn|
|The main reason Trump wants to keep comparing coronavirus to the 2009 H1N1 pandemic is clearly that he thinks simply contrasting himself with Obama will spur his supporters to defend him. https://t.co/BrrgCF3pjP|
|https://t.co/q1bIRBjDj8 We'll be updating this story throughout the day Tuesday with the latest local news on the coronavirus pandemic. If you'd like to go through a roundup of https://t.co/dfrk3vi4vV #atx #austin #all512|
|Construction on #SouthernStateParkway Both directions from Elmont Road to Exit 15 - North Corona Avenue https://t.co/bM1RUwBEQG|
|There is so much uncertainty in regards to everything during this pandemic. I was tired of wondering whether or not I have/had covid-19, and had to find out. My @citymd in Bed-stuy was so professional, efficient, andâ€¦ https://t.co/9qWys6xL04|
|MRG 3D: Operation Halo Shield - Day 58

Following the Memorial Day weekend, I got back and the lab was back up and printing on Day 58 - on to Day 59 on our end! ğŸ‰ğŸ˜‡ğŸ›¡ğŸ‰ ğŸ‡ºğŸ‡¸ 

This COVID-19 battle we are all fightingâ€¦ https://t.co/fYZ520jk1a|
|COVID cut #2. Thank you mothership95 for a job well done. #quarantinelife @ Shawano, Wisconsin https://t.co/LCXWN2Kc2f|
|Here is a live solo piano version of Monday In Londonâ€™s â€Leaving And Wavingâ€ from the Monday In London EP recorded for our Coronavirus Facebook Live performances we do every other week. This was filmed 5/18/20. Whatâ€¦ https://t.co/8R4pTXvGuD|
|WFH Day 45: @WeAreTheUsed 

#workingfromhome #quarantine #coronavirus @ Perry Hall, Maryland https://t.co/f8cbJTSIBq|
|COVID-19 update 
Home???
100-15 204th St, Queens, NY 11423
 Landlord problems saying roaches come out because of showers???
âš ï¸HRA CityFHEPS 311NYC home base housing Connect I want my own apartment NOW âš ï¸ @ Queens,â€¦ https://t.co/FYvL3wm7AL|
|Also, wash you hands! https://t.co/N1jjpEuYYi|
|Time ta ditch the Covid mask" ! @ Huntington Beach, California https://t.co/4sUJfldaOs|
|Underrated Beauty is still accepting Brides during COVID19 but with precaution! Weâ€™d love to assist you in any engagement, bridal, or day of! â£
â£
Feel free to send us a message or chat via our website! (Follow theâ€¦ https://t.co/oNuLiwLkEF|
|We're doing some container gardening in DAY'S COVID KITCHEN too! Learn how to start your raised bed or container garden in just a few easy steps! Subscribe to my youtube channel using the link in my bio! 
Don'tâ€¦ https://t.co/QoLHNvkV2K|
|It succumbed to covid-19 also! @ Brooklyn, New York https://t.co/k4ChiTZouv|
|Maggie is an RN who works caring for Covid-19+ patients in an ICU setting.â£
â£
"Transitioning to the covid unit was definitely challenging/scary in the beginning. We went from being able to easily access ourâ€¦ https://t.co/17Ce2k8h4h|
|ğŸ¾ #Bacardi #BacardiRum #CartaBlanca #Rum #WhiteRum @ Corona, New York https://t.co/OoBOWs8dIx|
|â€What counts in making a happy marriage is not so much how compatible you are but how you deal with incompatibility.â€ â€” Leo Tolstoy

Living through isolation and the #covid19 pandemic has honestly been a great stressâ€¦ https://t.co/FVqoArZyNI|
|Look good while doing good! By buying this super soft we.are.philly t-shirt you are also buying a food care package from https://t.co/fzIR3ExgOp.groceries helping a Philadelphian in need. ğŸ’™ğŸ’šâ¤ï¸ #philly #covid19 #food #donateâ€¦ https://t.co/BBGtyEOiMO|
|Tuesdayâ€™s COVID Kicks: @nike Vapor Street PEG SPs in Cargo Khaki and Spruce Aura colorway. I hope your Memorial Day weekend was a blast! @ Des Moines, Washington https://t.co/gGMoxztS6R|
|Tomorrow will mark our 7th consecutive week distributing groceries to hundreds of families in need. If youâ€™ve been affected by Covid19 but havenâ€™t been able to successfully register online for a spot in ourâ€¦ https://t.co/QxlHHxxYXQ|
|Like many others Iâ€™ve been dealing with the covid-15, so Iâ€™m really recommitting to eating healthier; I came across a new innovative diet called the â€˜seefood dietâ€™, so now whenever I see food, I eat it ğŸ˜‚ğŸ 
â€¢
Iâ€¦ https://t.co/2VKW0GFSdi|
|Nervous about Covid-19? Weâ€™ve got you covered! Our agents are continuing to serve you by all means necessary!! Contact us today! ğŸ“²

ğŸ”‘Local ExpertsğŸ”‘
ğŸ¡Boutique BrokerageğŸ¡
â¤ï¸People Before Propertyâ¤ï¸ @ Danville, Indiana https://t.co/Fy6qbzANCy|
|Hello from the RTD Blue Bus! We are here and working hard to keep you and the communities we serve safe. ğŸ˜·

How are all of you doing out there? Give us a ğŸ‘‹ğŸ‘‹
#covid19 #newmexicotrue #505 #northernewmexicoâ€¦ https://t.co/jhVRoSMPRN|
|Our PRAYER list for today!!!! 

We are praying for our front line employees and also all essential employees .Bishop D.C Thomas &amp; Pastor Thomas , And to all the covid-19 survivors, Those in nursing homes and assistedâ€¦ https://t.co/6m4ONLjydO|
|#coronavirus is deadliest (blue) Democrats live -NY Times- Counties won by Trump 27% of virus infections 21% deaths https://t.co/qDiRempAUJ|
|Years ago we converted part of our tandem garage to a home office.  With kids on the way we converted it to a guest/laundry.  As the kids got older it became our guest/laundry/playroom.  Now thanks to Covid- itâ€™s nowâ€¦ https://t.co/UaIGI0kXkf|
|Corona CA Tue May 26th AM Forecast: TODAY Mostly Sunny Hi 97 TONIGHT Mostly Clear Lo 63|
|Corona Kurt... The Boom has NOT left the room. Miss you Jackie! @ East Rochester, Town of https://t.co/LGvf591I5p|
|"Maybe we've been assigned this mountain to show others it can be moved." -- unknown.
â€¢
I hope everyone's Memorial Day was gorgeous and memorable.ğŸ¤ŸğŸ¼
Even with Corona, we gotta make the best of what we can.
I am soâ€¦ https://t.co/9hSkHLLnzQ|
|ğŸ—½ N Y C . 2 0 2 0 . PHOTOGRAPHERS ğŸ“¸ ğŸ—½#tindalvisions #nyc #covid19 #stayhome #soho #buildings #photographer #graffiti #culture #2020 #canonphotography #canon @ Quarantine NYC https://t.co/jjnU9NPIdW|
|We've posted new videos on our YouTube page! Our COVID-19 Conquerors has fought and by the grace of God overcame this disease. It wasn't easy as we know they are many that has lost their lives to this horrificâ€¦ https://t.co/vUB6Miv6Ed|
|Supporting Teenagers and Young Adults During the Coronavirus Crisis || Tips for parents with older children at home: https://t.co/PptW2t1jJg #Parenting #Teens #TransformingLives #Teletherapy https://t.co/ylaWhhUaUR|
|Comptroller Offers Council Support to Extend COVID-19 Alcohol Provisions https://t.co/wXa8s7ZEAk https://t.co/6CcRE9vic6|
|You and your family members can be tested for COVID-19 beginning , Today May 26th - May 27th at VIET 13435 Granville St (8am until test have maximized) YOU can DRIVE UP and PARKâ€¦BIKEâ€¦ or WALK â€¢ Resources will alsoâ€¦ https://t.co/JV0hb8ExCq|
|Open 3PM-2AM 7 Days a week
ğŸš¨Outdoor PATIO with AC
ğŸ“ US @ 614-429-3694 
Press.
ğŸš¨1 Our Store hours during (covid19)
ğŸš¨2 Our address.
ğŸš¨3 To speak with a sales associate.
ğŸš¨4 To Speak with the store manager.
ğŸš¨5 Happy Hourâ€¦ https://t.co/nEZxWe3uQY|
|DONAHOO-CONSULTING, LLCÂ® is REOPENING 06/12/2020!

Today (05/26/2020), Phase I - NY un-PAUSE has happened in the Mid-Hudson COVID-19 Region. The Phase II - NY un-PAUSE is supposed to happen two weeks later. Phaseâ€¦ https://t.co/PpTSr8lq3v|
|ğŸ™ˆğŸ™ˆğŸ™ˆğŸ™ˆğŸ˜‚ğŸ¤·â€â™‚ï¸ #coronavirus  #coronavirusmemesğŸ˜‚ğŸ˜‚ğŸ˜‚ #teerizo #teerizoofficial #spotify @ South Side Phoenix https://t.co/AzDf5SwvXL|
|Census data is vitally important for the development of treatments and recovery from COVID19. Help your community to continue the fight and be counted in the census. To find out how the outbreak has impacted yourâ€¦ https://t.co/qrHEqV6BkB|
|COVID quarantine and #workfromhome...day 75...with massive love and gratitude to my wonderful wife dmgeoffroy...the home office is coming together nicely. @ Grafton, Massachusetts https://t.co/u5doDAs00p|
|COVID-19 Healthcare Workers Booklet https://t.co/xfgkrlpf5r|
|This is the first mini ramp ive been able to skate in like 2 months. Anyone know of a good one either in Corona area or Costa Mesa area thats skate able right now? @ Seaside, California https://t.co/kAzYF6EiTy|
|Covid free @ Children's Hospital of The King's Daughters https://t.co/fu57lrT2yJ|
|#haircare #hairstyles #kidshaircuts #kidshairstyles #kidssalon #kidsspa #uppereastside #stayhome #quarantine #covid19 #milkandcookieskidsspa #spaday @ Milk &amp; Cookies Kids Spa &amp; Salon https://t.co/1lGM9MW52I|
|Social distancing ... literally ğŸ˜œğŸ‘™ Covid can kiss my ğŸ‘ #beachlife #beachgirl #imbackbaby #northwildwood #njbeaches #summervibes @ North Wildwood, New Jersey https://t.co/vas27hycgo|
|A Brief History of Corona Time by Puppicasso. 5.25.2020 Game Day Edition. 

Puppicasso has a member of TGMBITU drives it triumphantly on the way to the LA Coliseum for Game Day â€” The USC Trojans vs. The Corona Virus.â€¦ https://t.co/23DRaFFK35|
|That Memorial Day Cook out was some thing else yesterday. May God bless the fallen soldiers of war, COVID 19, and their families. #dbgbg @ Rowlett, Texas https://t.co/8WcijGvX2H|
|Join us for a COVID-19 update today at 1pm. @ El Centro Regional Medical Center https://t.co/NdVlkz3B7n|
|Please circulate the attached English- and Spanish-languageÂ flyer.  Help for domestic violence and&amp;nbsp;sexual&amp;nbsp;assault&amp;nbsp;victims during COVID-19  https://t.co/HRJMttRTtA|
|This observational Lancet study compared ~96,000 COVID-19 positive patients across 671 international hospitals who received hydroxychloroquine (HCQ) +/- a macrolide (ie, azithro) or chloroquine +/- a macrolide (fourâ€¦ https://t.co/7na8GXCJSa|
|Last year we gathered over 800 Black &amp; Brown men at our rooftop mixer in NYC. Although we will not be having it this year due to COVID-19. We plan to host events around the country next year. What cities should weâ€¦ https://t.co/buGRb8ETNm|
|Fuck you coronavirus. You ainâ€™t keeping me from my happy place. @ Presque Isle State Park https://t.co/AVOgsg8RaS|
|Refrigerated trucks serve as a temporary morgue in NYC. So far 29,310 people died from Coronavirus in New York, which made these trucks necessary for storing bodies until burial. The trucks are spread around theâ€¦ https://t.co/Oi2DkrcH0s|
|Black Market is partnering with Joined Health to provide them with operating space to help to fight COVID-19 in our Community! 

https://t.co/lE4DdGdakq is a cloud-based platform founded in Roxbury by Harvard Doctoral Studentâ€¦ https://t.co/TzACwC0Z25|
|We donâ€™t run from covid19 
We run to keep our body healthy so #covid19 has no home for it ğŸ’ªğŸ¼ğŸ‘ˆğŸ¼â¤ï¸ğŸ™ğŸ¼
#beginnersmind #barumjiujitsu #allages
#bodyawareness #beginnersmindmethod #balance #agility #brazilianjiujitsuâ€¦ https://t.co/BqAqOjQ0iX|
|Really really feeling @garycruzstudioâ€™s new works lately. Made at Cherry Grove in Covid times, theyâ€™re engaging with internal/external cosmologies and utilize his signature process of digital distortion from anâ€¦ https://t.co/dYYwDEU71C|
|TRAINING NEVER STOPS 
Has Covid-19 slowed your firearms training down?  Well it doesn't have to!  From SIRT pistols to green gas and co2 pistol options, there are plenty of ways to get your trigger time in. Trainingâ€¦ https://t.co/ibC9b7bcBX|
|When America started its shutdown due to the #COVID19 pandemic, #colleges and universities gave #students 24-48 hours to vacate their dorms. For Kalief Metellus, a former resident at our Chelsea Foyer home andâ€¦ https://t.co/XPJ3WxVMJN|
|Tune in tonight at 6 pm - 7 pm EST. #covid19 #hotmusicmixes #Biggietributemix #AndreHarrelltributemix #besafeandtunein @ Baltimore, Maryland https://t.co/g7EIcyWebx|
|My son running around in his yard on FaceTime. What covid has done to visitation. ğŸ˜ğŸ¤¦â€â™‚ï¸ğŸ¤¦â€â™‚ï¸ğŸ¤¦â€â™‚ï¸ğŸ¤¦â€â™‚ï¸ @ Pawtucket, Rhode Island https://t.co/VBCLJClHyK|
|Enjoying the nice weather!

#lilbusybs #burleighathome #sunny #quarantine #covid19 #coronavirus @ Brookfield, Wisconsin https://t.co/TosSBnVu7Q|
|#MMDW2020 Indian Jewish Wedding Covid19 style.. 15 family guests and 100 people on Zoom.. new reality!!   Grooms Baraat &amp; Brides Entrance still a fun &amp; beautiful experience..
#indianjewishwedding #hinjewweddingâ€¦ https://t.co/Jqm4MwBNlO|
|The United States has passed 100,000 confirmed COVID-19 deaths|
|Star Gazing and really taking in how big our world really is.

Perhaps we use Covid19 as an exercise to tackle some other global problems that require us all to come together....

#wecandothis @ Tempe, Arizona https://t.co/c5OJPX1ShM|
|Back at our again. After testing negative twice for the #COVID19, I'm back showing properties. Wearing the mask is really not for my protection, but rather it's out of an abundance of caution. It's a beautiful dayâ€¦ https://t.co/kpVT5gz6mZ|
|The Coronavirus ruined my plans to go back to New York for my birthday month this year, but we randomly found a Central Park in San Mateo!! Discovering new places with this amazing woman God blessed me with, is oneâ€¦ https://t.co/DstXKlAkEi|
|Coronavirus Is Creating A Financial Crisis For American Schools : NPR
https://t.co/maZ7KAnPei|
|Wear a mask or bandana to show others you care about them and their struggles or losses to the pandemic. ğŸ¦‹ğŸ˜·ğŸ‡²ğŸ‡½ğŸ¤·â€â™‚ï¸
â€¢
â€¢
â€¢
â€¢
#covid_19 #corona #coronavirus #musician #musiciansofinstagram #artist #musicproducerâ€¦ https://t.co/X1kAY8IQLx|
|So did yâ€™all know the Covid19 virus was a handmade virus? Literally somebody went in the lab and created this virus thatâ€™s killing people all over the world. And then there goes Bill Gates coming out of nowhere to beâ€¦ https://t.co/s1QtxGtytC|
|ğŸš¨NOW ACCEPTING APPOINTMENTSğŸš¨ 

Due to Covid -19 the spa has cut down on services and temporarily relocated inside of Lorettaâ€™s Hair Port!

4106 S. Plaza Dr. Memphis, TN 38116. 

There are new rules we must follow perâ€¦ https://t.co/EAi1zeRTDj|
|Music videos during COVID be like...
PipoBeats â€œIâ€™m thinking Whenâ€ ft. @carolinekole dropping soon! 
Video director: @nickmanterola @ Nashville, Tennessee https://t.co/6CFk2dRPr4|
|Pruebas COVID-19: Condado de Hanover 28 de mayor de 2020: 9am-11:30am. Por favor, registrese antes del 27 de mayo a las 12pm llamando al 804-365-3340.

Ashland Church of God 407 Myrtle St, Ashland, VA 23005. @ Townâ€¦ https://t.co/giwjeQz0wQ|
|Corona or not !!! Chocolate gotta be ate, Incense gotta be made.  
  "INHALE THE KINDNESS OF NATURE " @ Kobey's Swap Meet https://t.co/J8iLTUBfYt|
|In less than four months, COVID-19 has upended almost all expectations for 2020. Beyond the loss of life and the fear caused by the pandemic, businesses around the world have faced disruptions at a speed and scaleâ€¦ https://t.co/evxAUszwyu|
|Walking into Tuesday Like...
#tittytwister ğŸ‘‡ #readbelow ğŸ‘‡
.
SALE ENDS SOON!
https://t.co/e9JO6ip4JS
SALE! 15% OFF All Inventory!
We Ship WorldWide.
#lamortexiii .
.
Help Us #makeadifference to those Affected by #covid19â€¦ https://t.co/MubN9kS9s0|
|S T A Y   1  M I L L I O N
â€¢â€¢â€¢â€¢â€¢â€¢1MCâ€¢â€¢â€¢â€¢â€¢â€¢â€¢
#juneteenth
 Merc #comingsoon 
#1Million #1MCThaCompany #soufside #covid19 #collegeparkga #explorepage #blackexcellence #melanin #leader #unsignedartist #bhfyp #worldstarâ€¦ https://t.co/AHbiQd7bBS|
|May 26, 2020,   "Say Tell Us Children's TALK IT OUT TV Show"  with co-host Cam Maxwell &amp; Emanuel Kilpatrick Jr. ğŸ˜ are discussing the CORONA VIRUS &amp; how it has impacted their lives &amp; socialization ğŸ™ğŸ™

Callâ€¦ https://t.co/YnZfyAQZQ2|
|Third card lost this covid ğŸ˜‚ (@ San Diego County Credit Union - @sdccu in San Diego, CA) https://t.co/r1UDSVahS3|
|The Louisiana Department of Health has reported 34 new COVID-19 cases &amp; 1 new death in Jefferson Parish since yesterday. Updated Parish totals: 7,332 cases; 438 deaths.

LDH includes data on their website that showsâ€¦ https://t.co/52mP3vKa1M|
|that sobering moment that you realize your covid hair is so long you look pickfordâ€™s dad on #dazedandconfused... @ Mesa del Sol https://t.co/uV0BlJYlXC|
|It is so exciting to see a new shop opening up as the lockdown from COVID-19 starts to loosen up.  Tomizo is focusing on Hokkaido style miso ramen. On this particular visit I was interested in trying the miso butterâ€¦ https://t.co/NBRqyrVos0|
|https://t.co/90R9TekV26 @ New Orleans, Louisiana https://t.co/IOtLD47g5w|
|Mask On or Mask Off? What team are you on? ğŸ’• #femfatl #staysafe #itaintovertillthefatladysings #covid19 @ Atlanta, Georgia https://t.co/uSiKqgcOd3|
|Kim McNair Productions presents... Masterclass: How to plan your LIVE Events Post COVID-19. 
This three (3) part webinar series will help you to plan your live events with detailed coordination involving attendees,â€¦ https://t.co/q0R1xL4k2A|
|#Repost.....Please Share And Support The Culture !!!  
â€œGreetings, New Orleans has been hit hard by COVID-19 and amid the crisis the Wild Magnolias have lost many gigs like festivals, concerts, recordings andâ€¦ https://t.co/deKUDPMuqZ|
|ğŸ“ğŸ‹ğŸ§€ğŸ‚from highlandbakeryptc Like and follow @great_atlanta FOR ALL GREAT THINGS ATLANTA!!! #Like and #follow #greatthingsatlanta #atlanta #covid_19 #food #atlantaclubs #atlantafood #atlantafoodies #covid #blackrightsâ€¦ https://t.co/uWa0pUcWqJ|
|We'd like to give a HUGE shout out to our incredible friends at americanair!
â€¢
Even through COVID-19, life goes on. The children in our care still need clothing and personal care items, they still need toys, games,â€¦ https://t.co/6aG5ueWduf|
|#TheStruggleIsReal #COVID-19 #Coronavirus  #WeightGain @ Oakland Park, Florida https://t.co/fuWk7b0py8|
|The figures are only there to define the negative space. Distance â€” opens Friday 6/5 at Smalter Gallery Kansas City.  Virtual artistâ€™s walk through 6pm CT.  smalterart #kcpride #pride kansascity #pandemic #covid19â€¦ https://t.co/Gm8M9pWxGg|
|Now the for wait .  Coronavirus ğŸ¦ 2020 @ Brighton Beach https://t.co/nnKc3DWg0z|
|Make sure to log on to https://t.co/sfF9Np4wnk to give blood and give back! 

#redcross #covid19 #giveback
#giveblood
#StepInYourWarRoom

#watchgodwork ğŸ™
#baptism
#faith #renewed #restored #humble
#warrior #purposeâ€¦ https://t.co/XRNh4OofAl|
|COVID-19 update @ New York, New York https://t.co/ylYJUWYjib|
|Did you? 

#memorialdayguilt #covid @ Idyllwild, California https://t.co/f6Al7aC2tW|
|COVID-19 update 
At work??? @ Gristedes Supermarkets #059 https://t.co/O8FPHUvs77|
|#happynaijablog + Joe Biden has made his first public appearance for 10 weeks after going into isolation because of the coronavirus pandemic. 
.
Wearing a black mask and dark glasses, the presumptive Democraticâ€¦ https://t.co/cUUjJfdY5d|
|AP:  Yellowstone County woman in 80's is state's 17th COVID death https://t.co/CIPm4nDaEP|
|Did you know your whole family can get tested for COVID-19 at Lemon Playground today (1307 Causeway Blvd. Jefferson LA 70121)? Free testing at this site is available to children, age 2 and older. There are currentlyâ€¦ https://t.co/PQAjsMsAiS|
|We are open!!! Come in!!!

Thatâ€™s right baby, the store is OPEN!! Come in today! We are open Tues-Sat 10-6! The store is open under strict covid guidelines:
1. All staff and customers must wear masks at all times
2.â€¦ https://t.co/CengSaW10k|
|Eye exam - COVID-19 STYLE @ Combs EyeCare &amp; EyeWear, LTD https://t.co/rE5SyCYgtX|
|Corona officially kicked my ass last week. Though Iâ€™m believer that an attitude of gratitude makes all the difference, it felt extra hard last week. I spent most of my time being sad, scared, angry and incrediblyâ€¦ https://t.co/4xobAJY0Wg|
|8 Tips on Boosting Well-Being During the COVID-19 Pandemic  https://t.co/AOGVyGMtM8|
|ğŸ¥¨ I have to figure out how to make Keto pretzels! #ketolifestyle #ketofood #ketorecipes #keto #cyclinglife #bikelife #bike #skateboard #skatergirl #skaterboy #rollerskating #running #covid19 #coronavirusâ€¦ https://t.co/b9R9DQg16H|
|The Transformation House Health and Wellness Moment 

20 Prayers to Pray During This Pandemic
thank 

â€œAs COVID-19 sends the globe into crisis, it also sends us to our knees.

COVID-19 has been declared a globalâ€¦ https://t.co/9iyKDlPyPA|
|Cleared: Construction on #SouthernStateParkway Both directions from Elmont Road to Exit 15 - North Corona Avenue|
|Cleared: Construction on #SouthernStateParkway Both directions from Elmont Road to Exit 15 - North Corona Avenue|
|Coronavirus cut complete - before and after! Thanks Patricia at The Dogspaw Freehold! @ The Dog Spaw of Freehold https://t.co/HsWfden62f|
|If you have any questions about our COVID-19 cleaning and disinfection process please contact us. We would like to be your cleaning company.

#cleaning #clean #cleaningservice #home #cleaningmotivationâ€¦ https://t.co/CayL9KlODO|
|Sooooo freaking happy to be back in the gym! ğŸ’š
Even more happy to kill day 1 with faithpatrick9060 ğŸ˜ğŸ’ªğŸ¼
â€¢
â€¢
â€¢ ğŸ“¸: jrob.82
â€¢
â€¢
â€¢
â€¢
â€¢
â€¢
â€¢
â€¢
â€¢
â€¢
â€¢
â€¢
â€¢
â€¢
â€¢
â€¢
#crossfit #socialdistancing #corona #athlete #health #fitnessâ€¦ https://t.co/9cDzASceJc|
|BREAK FROM YOUR DAILY COVID-19 ROUTINEâ€¦
Please join ATC for our 8th virtual Raffle TEAx (Talk Enhance Advance) Series:
Please join us on Facebook and Instagram @ashfordteaco for our live Virtual Raffle Series VIIIâ€¦ https://t.co/nz2zICMG0Y|
|Night 71, poke night #2. I have finally started to make things I have already made during this time of Covid. While not exactly the same as the last poke I made, this is pretty similar, albeit with a few moreâ€¦ https://t.co/poOnYzu6Nn|
|So thrilled to get my gear from @BrimmingHorn  ! I'm ready to RAID! And not catch Covid. And because I don't have enough black T-shirts I had to buy this amazing design that represents one of my Bolverk and one of myâ€¦ https://t.co/kuf3udKBg9|
|Almost right before this whole #covid19 chaos a "new kid" emerged on the #Austinrestaurant scene and we fell in love with it!! dropkickatx **ğ‘²ğ’†ğ’†ğ’‘ ğ’“ğ’†ğ’‚ğ’…ğ’Šğ’ğ’ˆ ğ’šğ’ğ’– ğ’…ğ’ğ’'ğ’• ğ’˜ğ’‚ğ’ğ’• ğ’•ğ’ ğ’ğ’Šğ’”ğ’” ğ’‚ğ’ğ’šğ’•ğ’‰ğ’Šğ’ğ’ˆ**
.
#DropKickatx became one ofâ€¦ https://t.co/lMSLtYsJHG|
|IMPORTANT UPDATE:

PUBLIC ACCESS TO CITY OFFICES &amp; FACILITIES TEMPORARILY SUSPENDED and STAFF WILL TELEWORK NOW THROUGH 5/29/2020

 ------------------------------------------------

 As a COVID-19 precaution, allâ€¦ https://t.co/JCE2PbMOAo|
|Day 71 of lockdown. My kid is painting a paint stick. #bored #boredom #lockdown #day71 #quarantine #covid19 #alwaysanartist @ Lake Hopatcong, New Jersey https://t.co/rKTTo1Sj2X|
|Ahaha currently #11 ğŸ™ˆğŸ¤£ you donâ€™t have to vote, this is just for fun! Iâ€™ll let you know if I win ! From the cover lol 

FYI this house with Chandelier is SOLD .. in 5 days .. during #coronavirus pandemic. Iâ€™m good!â€¦ https://t.co/pSAyh2ECur|
|check out the ultimate #coronavirus mask in this uber from mercedesbenzusa #torrance to #RedondoBeach 
.....
#southbay #southbaylife #southbayphotos @ South Redondo Beach, Redondo Beach https://t.co/OhidwkQ0sV|
|My godson canâ€™t wait to hug u and carry you waiting for covid to@go@away @ Fabens, Texas https://t.co/Dxw44lxy50|
|Renal &amp; Urology News

@renalandurology

Factors linked to COVID-19 in-hospital mortality identified inâ€¦ https://t.co/T4I6j1eIfp|
|ğ‘«ğ’‚ğ’šğ’…ğ’“ğ’†ğ’‚ğ’ğ’Šğ’ğ’ˆ...
This photo was taken at our last all-company meeting before COVID-19 changed our lives forever. After 2+ months of limited interactions with other members of our work family, it is safe to say weâ€¦ https://t.co/4FRkOo62Zc|
|Good Afternoon My Family Members &amp; Friends 

Be Wise, Not Deceived ğŸ˜¥ 100,000+ Died as of Today  Victims of #coronavirus2020 COVID-19.  It's imperative that you #stayhome if possible and #staysafe.  Why?  Because,â€¦ https://t.co/HdF39Hjla6|
|She a water baby, even though sheâ€™s a fire sign. #penelopejane #swimming  #babyswimming #covid19 #lakelife #shelterinplace #shelterinplacewithfamily #lucky #lakechautauqua #lakegirl @ Chautauqua Lake https://t.co/1pV6vKFQej|
|Sounds easy enoughâ€”Keep on the sunny side of life!  #covÄ±d19 #corona #churchstreeteast #downtownmobile #mobilealabama #downtownmobileal #ukulele #ukulelecover #ukulelecovers #banjolele #banjolelecover #bowlerhatâ€¦ https://t.co/4wALVbiCTr|
|Tomorrow @1:30 on Facebook Live we will be doing a Coronavirus update as well as talking about Gemini stones! You can check out Shopify site to see the Gemini Zodiac Collection as well as come by our store locationâ€¦ https://t.co/u9h0TK2cQf|
|Selling houses in the time of Covid.  Nothing is status quo.  Weâ€™ve never stopped innovating or advocating for our clients.  #realestate #realtors #realtorsofinstagram #quarantine #birmingham #birminghammiâ€¦ https://t.co/yktVQeZRai|
|We are still out working with Covid-19. We are cleaning tile and grout today! Call us if it is time for your cleaning of tile, grout, carpet or upholstery. 

#cleaningservice #cleaning #clean #cleaningservicesâ€¦ https://t.co/1vavI5SAAb|
|We are still out working with Covid-19. We are cleaning tile and grout today! Call us if it is time for your cleaning of tile, grout, carpet or upholstery. 

#cleaningservice #cleaning #clean #cleaningservicesâ€¦ https://t.co/PMGhOwUOFt|
|We are still out working with Covid-19. We are cleaning tile and grout today! Call us if it is time for your cleaning of tile, grout, carpet or upholstery. 

#cleaningservice #cleaning #clean #cleaningservicesâ€¦ https://t.co/cfEsWNxqol|
|We are still out working with Covid-19. We are cleaning tile and grout today! Call us if it is time for your cleaning of tile, grout, carpet or upholstery. 

#cleaningservice #cleaning #clean #cleaningservicesâ€¦ https://t.co/DOPO574yzp|
|Pre-Corona flashback after a closing with my dude man_inthearena getting a great suite. Still closing deals in the pandemic just celebrations are a little Lowe key, for now ğŸ˜œ @ Los Angeles, California https://t.co/TaXgssfia6|
|Send me a message if you would like more info. #radio #broadcasting #socialdistancing #covid19 @ Las Vegas, Nevada https://t.co/Lw9a9ehEsh|
|We are still out working with Covid-19. We are cleaning tile and grout today! Call us if it is time for your cleaning of tile, grout, carpet or upholstery. 

#cleaningservice #cleaning #clean #cleaningservicesâ€¦ https://t.co/TlVzDCtQt3|
|We are still out working with Covid-19. We are cleaning tile and grout today! Call us if it is time for your cleaning of tile, grout, carpet or upholstery. 

#cleaningservice #cleaning #clean #cleaningservicesâ€¦ https://t.co/5S2fRDgwmE|
|My experience with COVID as a kidney patient https://t.co/n98gOG9qiaâ€¦ via 

@nkf @ Hammond, Indiana https://t.co/LxyHu7bwaH|
|Welcome to my life...#essentialemployee #covid #stayathome @ Montana https://t.co/3zUGHZqpk4|
|#ford #fordtrucks #thedriskill #panel #deliverytruck #austin #texas #tbtâ¤ï¸ #covid19 #cars #travel #travelling #traveller_art @ The Driskill https://t.co/8OTdR3lDZ8|
|I will be allowing my 13 year old to trim this two-pronged mullet. Itâ€™s disturbing.
.
.
#quarantine #covid19 #ronahair #quarantinehair #mullet #twopronged #ineedahaircut #homehaircut #nofilter #ew @ Ditmas Park,â€¦ https://t.co/cOpqiHQmEd|
|I dreamt I was with family and everyone was concerned about Covid. Prescient but appropriate, I reckon. (@ City of @FullertonCa in CA w/ @lolly352) https://t.co/9LUYAYOnAG|
|I wonder why my Face ID is not working...  #readytogo #covid19 #newnormal @ New York, New York https://t.co/4EEYu3ERf3|
|My NOLA and Covid Circumstances.
Empty CafÃ© Du Monde.

#nolaphotographer #nolavieuxphotography #cedricellsworth #frenchquarter #covid_19 #whereiseveryone #stayhome #maskup #nolaphotoguild #louisianaphotographerâ€¦ https://t.co/Pn7Riyu1Mg|
|Join us on Wednesday via Facebook Live or YouTube Live as we sit down with area law enforcement leaders to address a myriad of community issues and concerns. #Houston #NAACP #Covid19 #Crime #CommunityRelationsâ€¦ https://t.co/DXs9zkUqAZ|
|Filmmaker: nathanharding #NathanHarding
Artists: #YvonneShortt #JoelEsquite #MayukoFujino
Music: https://t.co/qdk9FLwt3m

#PeaceThroughUnderstanding
#ArtintheParks
#NYCFilmmaking
#NYC
#Filmmaking @ Flushing Meadows - Coronaâ€¦ https://t.co/d6ZC2EZMrY|
|My NOLA and Covid Circumstances. 
French Market.

#nolaphotographer #nolavieuxphotography #cedricellsworth #frenchquarter #covid_19 #whereiseveryone #stayhome #maskup #nolaphotoguild #louisianaphotographerâ€¦ https://t.co/t3Pkdw22Az|
|Haircut finally after 3 monthsâ€¼ï¸ #cleancut #hairstyle #haircut #miami #covid19 #coachmarolipersonaltraining #elitepersonaltrainer #clean #feelinggood #coachmaroli
#startfresh @ MIAMI florida / EE.UU https://t.co/89WiE26YE5|
|DJ CHEF proud to serve the beats for healthcare workers at Park Avenue Extended Care Long Beach! Thank you for all you do during this difficult time!
https://t.co/AMJvdpdT69 
#ThanksHealthHeroes #coronavirus #eventsâ€¦ https://t.co/Vxb00KOgmC|
|â€œA good laugh is sunshine in the house.â€â£â˜€ï¸ğŸ¡
â€” William Thackerayâ£
â£
Quarantine check in: Howâ€™s our EmpowHERment community doing ? #covid19 #summervibes #nonprofitorganization #nonprofitlife #empoweringwomenâ€¦ https://t.co/4BWQo6JzPZ|
|Your local Chesapeake SweetFrog is now hiring! ğŸ¸ğŸ˜Š
Hiring for evening and Day crew members. 
Apply online through https://t.co/8x2tuqwv3l 
Due to covid-19 we will be holding all interviews via video or phone for the safety ofâ€¦ https://t.co/Bqz3efyl2n|
|Chronic Disease Coalition

@ChronicRights

What's the link between the #coronavirus and the #Kawasaki like diseaseâ€¦ https://t.co/wwalFWoL2U|
|Color Chart during COVID-19 /// @tiffanyandco makes my days Turquoise #fashioneditor #editorspick #menfashion #miami @ Miami Beach, Florida https://t.co/WiVruCQdFU|
|#TheScene at #LakeLanier #Cove #memorialdayweekend #MemorialDay #Sunday #Serene #Memorial2020 
Quiet this year due to #Covid19 but #STAYTUNED for a future #Adventure brought to you by #ShowMeTours  @HauteLantaPR @â€¦ https://t.co/r42QDugMPB|
|As the Smoke Clears from the Covid-19 event we come to realize this was a Consciousness Reset, for more information and some predictions please visit https://t.co/DzKNvEpluE @ https://t.co/xKZSCO3Fw0 https://t.co/c66zJk8lQV|
|Neighborhood COVID-19 testing continues tomorrow on 7th Avenue. This site is open to all City of Newark residents. #GetTested! @ Newark, New Jersey https://t.co/sY4NFMF34d|
|Everyday I speak to fathers, mothers, sons and daughters of people who are fighting Corona Virus (COVID-19).  We have laughed, cried and discussed the importance our next election. It is talks with voters just like you that keep me inspired, fired up, and ready to jump in.|
|rockin the Corona hairstyle after driving on the highway with the windows and sunroof wide open. @ North Bethesda, Maryland https://t.co/9FVjQbcp05|
|How to make a no-sew bandana face mask:
New CDC recommendations endorse using face masks when in public to help combat Covid-19. As most outlets no longer have inventory of official face mask products, many designsâ€¦ https://t.co/CpoiV5I5ni|
|Live from the Hot Zone: Living through Covid 19. For some  reason, knowing what  I know, seeing what I have seen it feels strange, but I love seeing traffic. It means that people our outâ€¦ https://t.co/VpQT46YlP2|
|More masks came in today. I like to buy my stuff to see how the printing looks. #mask #facemask #covid19 #staysafe #safetyfirst 

$11.99 at https://t.co/IQNeGxXOrb 
Designed by me, created in London! @ Little House Art Studios https://t.co/RVILhApG6t|
|My zebra finally got #flowers
.
.
.
.
ğŸ¦“â™¿ğŸ¥„â¤ğŸ¥„ğŸ’›ğŸ¥„ğŸ’šğŸ¥„ğŸ’™ğŸ¥„ğŸ’œğŸ¥„â™¿ğŸ¦“ 
.#COVID #COVID19 #CORONAVIRUS #DONATE #zebrastrong #spoonie #togetherwedazzle #riseup #adapt #ableism #fragilebutunbreakable  #ZEBRAFASHIONâ€¦ https://t.co/ud5HAOaeaB|
|back in new york. home. probably not leaving for a while. also this is my official Spring 2020 look. people at the airport were big on the ski goggles. idk just tryna avoid corona droplets landing in my eyes. highlyâ€¦ https://t.co/PSZtGF5G2g|
|If you have European blood or spent too much time in Europe, your blood and COVID antibodies plasma is not good for transfusions in the USA. #covidnyc #blooddonor  #noeuroblood @ NY Blood Center - PORT AUTHORITY https://t.co/SHpysSTay8|
|Join us on Wednesday via Facebook Live or YouTube Live as we sit down with area law enforcement leaders to address a myriad of community issues and concerns. #Houston #NAACP #Covid19 #Crime #CommunityRelationsâ€¦ https://t.co/DVSB4feeDO|
|COVID-19 Bill Of The Month: A Suspicious Cough Leads To ER : Shots - Health News : NPR
https://t.co/B40bqbq3i8|
|This @stacyspoonley is about to get rolling!
Watch out!
#badass is going to be #hellonwheels
ğŸ¦“â™¿ğŸ¥„â¤ğŸ¥„ğŸ’›ğŸ¥„ğŸ’šğŸ¥„ğŸ’™ğŸ¥„ğŸ’œğŸ¥„â™¿ğŸ¦“ #COVID #COVID19 #CORONAVIRUS #DONATE #zebrastrong #spoonie #togetherwedazzle #riseup #adapt #ableismâ€¦ https://t.co/Oa7z1SZCdM|
|Rough but clean nonetheless
expressmen #ExpressPartner #ExpressTogether #ExpressYou
ğŸ“·ğŸ¨ğŸ› ï¸ shot &amp; edited by me #iAmAdrianClarke
advanced.selfie #AdvancedSelfie
Showcasing pieces you can wear now and post-corona
SHIRTâ€¦ https://t.co/5wfx7u1IQV|
|Back at it. @ucla donating #plasma trying to put my drops in the bucket to help #covid19 #antibodies @ UCLA Blood &amp; Platelet Center https://t.co/BFYzawQOaX|
|ğŸŒ´ğŸ‡ºğŸ‡¸ As Floridians return to work, the Aimark family has joined the fight to minimize the spread of #covid19. We have taken the necessary measures to resume our operations while maintaining public health and safety.â€¦ https://t.co/9s9NgfIjY4|
|Graduation Day: Corona Edition ğŸ“ğŸ’™ @ LaPlace, Louisiana https://t.co/VLW7D4poKs|
|@jimmymarks I prefer it to cover my eyes, Jimmy. If I canâ€™t see covid, it canâ€™t see me!|
|Birthday parties during COVID-19 are not possible but it doesn't mean the party can't go on! I met the sweetest 95 year old who will celebrate with her favorite character, Kermit the Frog, along with her family viaâ€¦ https://t.co/aKH6w6cSVv|
|Another bespoke corset from before the end of the world #PCBC (PC before COVID) Beautiful brocade for 18th c. stays, the turquoise will be for the contrast piping. #periodcorsetsbehindtheseams #corsetmakingâ€¦ https://t.co/nmkGz2cvF0|
|Covid canâ€™t stop us from celebrating each other. Celbrated my friend, Alicia with a social distance adventure hike to Thorpe Lake! Pretty spectacular! 
Happy birthday friend! @ Thorp Lookout https://t.co/P24RqgIs7X|
|"The results were unequivocal to implicate diabetes mellitus in higher risk of death and other detrimental outcomes of COVID-19â€

Among those with type 2 diabetes, better glucose control was associated with aâ€¦ https://t.co/hdgJX8cdMU|
|In the age of corona. #coronachronicles @ Baltimore, Maryland https://t.co/PqQzaiOZ7p|
|Get cash on the spot for your current styles you no longer wear. We also buy back shoes, jewelry, accessories &amp; designer handbags!

Due to covid-19 we are limiting 1 bin per customer per day. 
Due to limitedâ€¦ https://t.co/FiACQGii3a|
|Memorial Day during the time of Covid...
â€¢
â€¢
Iâ€™d like to thank our good friends for the invitation to celebrate our soldiers at our own table across the terrace from their table! A most beautiful spot! 
â€¢
â€¢
#covid19â€¦ https://t.co/Bvfw9XX8fe|
|https://t.co/q1bIRBjDj8 We'll be updating this story throughout the day Tuesday with the latest local news on the coronavirus pandemic. If you'd like to go through a roundup of https://t.co/zY3ySagZZf #atx #austin #all512|
|Not everyone is safer at home.

LA County is there for you 24/7 at 1-800-978-3600 orÂ https://t.co/oy671yeGyG

#LACounty #BellGardens #CityOfBellGardens #COVID19 #Coronavirusâ€¦ https://t.co/OnLlVP8z70|
|Mango slices! Sending love to my Measure For Measure and Around The World In 80 Days casts and crews! #denvertheatre #actor #actorslife #covid19 #socialdistancing #gratitude #actorsequity @ Trader Joe's https://t.co/jPeGh2R2rd|
|There have been a lot of new vocabulary words floating about that relate to #COVID-19 and the new novel #coronavirus. To help people better understand common terms associated with the pandemic, we have created an interactive glossary! ğŸ‘©â€ğŸ”¬ğŸ‘¨â€ğŸ”¬ #pacsci

https://t.co/9wAttWzrWI|
|TUESDAY [5:26:2020]
Just been given a lil TLC  some New Wheels,Tires, Handle Tape, brake pads  and a tune up.
It's  called A COVID SPECIAL 
ALL WORK DONE BY THE PROFESSIONALS  ajbikes718 Located at 302 Marcus Garveyâ€¦ https://t.co/gkSvbrUicA|
|#patience #terryribera #remingtintattoo #sandiegotattooartist #covid19 @ Remington Tattoo Parlor https://t.co/mQ2e04ZOy1|
|Join us in asking the cagovernor and the Legislature to ensure CHCs have the ability to provide care thorough virtual visits even after the #COVID19 pandemic ends. #ValueCHCs #DecreaseBarriers #ProtectPatientsâ€¦ https://t.co/pWWVSu9vgx|
|WE'RE #1! WE'RE#1! 
#Covid19 #coronavÃ­rus #presidenttrump @ Trump Tower New York https://t.co/o6pRgWgsIj|
|Thank you Mark Gonzales &amp; everyone at @dlxsf !
â¤ï¸ğŸ‘Šâ¤ï¸
We are totally blown away by the amount of support we have received from #DLX since all this COVID insanity has begun &amp; we love the custom artwork they gifted usâ€¦ https://t.co/0vlU2qmBQ7|
|With sports leagues around the ğŸŒ preparing for a post COVID-19 ğŸ¦ comeback, the entire #SportsMedicine ğŸ‘¨ğŸ»â€âš•ï¸ğŸ©º community will be analyzing ğŸ§ the injury patterns that will surely crop up as a result. If theÂ bundesliga_enâ€¦ https://t.co/iJ2AkKZZEV|
|How will COVID-19 change the future of food? Join us on May 27th as we discuss this topic with solesbarruti @joseluischicoma @ahhyeahhd in a webinar hosted by The Good Society Forum. Itâ€™s going to be a greatâ€¦ https://t.co/L4D8H0qNsR|
|Progress update ğŸ”¨ ğŸš§ of the Delta Sonic project in villageofoswego, Illinois! Dean and his team are doing an incredible job moving this massive project forward, despite challenges from #covid19 ğŸ˜· ğŸ˜Š @ Oswego, Illinois https://t.co/QF1yImQtNt|
|New office vibes #workfromhome #covid19 #realestate #evoboston #buyers #sellers #investors #investments #southboston #rentals #dorchester #bostonwinery #rentals #popejohnpaulpark #neponset #dorchester #southbostonâ€¦ https://t.co/CrENA7bsUn|
|#AntibodyTest ğŸ‘ŒğŸ» (@ Northwell Health-GoHealth Urgent Care - @gohealthuc in Corona, NY) https://t.co/Tv5g1fBMqg|
|Great article about professional laser hair removal vs at home use devices. Thank you @Editorialist for covering such an important subject in these covid19 times. Link in bio to read the full article.â€¦ https://t.co/62PEjjr2rx|
|Gov Ralph Northam says Northern Virginia on track for phase 1; statewide mask order in effect Friday #mandatory #mandatorymask #covid19 #northernvirginia #pwc #ffc #alexandriava #richmondva #princewilliamcounty @â€¦ https://t.co/z7zkAls5AV|
|As we continue to make adjustments to our business due to COVID-19 we are officially rolling out our No Contact Pickups at our Flagship Location in the Historic Marathon Village. If you have any questions please feelâ€¦ https://t.co/OT0iXE12p4|
|Peter Vanderwarker â€œVanderwarker's Citiesâ€ // Online-Only Exhibition: Friday, June 5. Launching at 10 am. View at https://t.co/H3GMW9qRIa. // 10% of all artwork proceeds to be donated to the Massachusetts COVID-19 Reliefâ€¦ https://t.co/wW8YmZtVk6|
|#tuesdaythoughts In the two months since this #coronavirus forced furloughs and closed businesses, other than the normal #groceryshopping or #curbsidepickup the #dentist is the first place I have been too for thatâ€¦ https://t.co/r4OiJTpthZ|
|We sent some wine to Lincoln Hospital in the Bronx to jungggx a resident physician and Team leader to 20 transitional year residents, who are helping out in all parts of the hospital during the COVID-19 crisis,â€¦ https://t.co/KTFwYv3n9p|
|and this chapter just ended! chemo is done âœ…!....thank you everyone for the texts, and or SM messages... thank whoisthis11 for being with me at chemo until covid also your random drop offs and delicious foods!...â€¦ https://t.co/4ZafEH8Ckb|
|I was social distancing before it was cool ğŸ˜· #styleandsocietyâ£
â£
Facemask @veniusturbans â£
Snaps cblank_visual â£

#facemasks #newnormal #flattenthecurve #coronavirus #stayhome #staysafe #introvert #stayathomeâ€¦ https://t.co/N6bfvBakS2|
|I am running my #PerfectMile between May 27th &amp; May 31st in support of COVID-19 Solidarity Response Fund. Responding to the invitation from whoop @ MIAMI florida / EE.UU https://t.co/D0iZNE6JEY|
|Iâ€™ve been wanting to order a custom apron from manahanco for a while. But during Covid, itâ€™s not possible at the moment. Soooo next best thing, I bought these beautiful masks from them. A portion of the proceeds areâ€¦ https://t.co/geuMu4NsC2|
|#New #Normal .  I #always #mask &amp; glove up to get any of my deliveries . Then I #sanitize the surfaces which were possibly touched by the shopper &amp; others.   
ğŸ§ğŸ˜·ğŸ§¤ğŸ§©ğŸ§ğŸ§©ğŸ˜·ğŸ§¤ğŸ§ğŸ˜·ğŸ§©ğŸ§¤
#coronavirus #protect #yourself 
yourâ€¦ https://t.co/foQWiB9JJQ|
|It was 18 #virus before  #covid_19 Watch  what you eat and watch you drink #coronavirus  #thisweekoninstagram  #gm @therealstylesp @buttagoodmusic #dblock  #lox #stylesp  #goust  #instagram  #entertainmentâ€¦ https://t.co/ACugV5yckW|
|Meanwhile, at QAnonHQ https://t.co/9UMxHWw0AV https://t.co/Z82GUhlORD|
|Corona NY Tue May 26th PM Forecast: TONIGHT Partly Cloudy Lo 31 SATURDAY Sunny Hi 41|
|Over 1,300 lawsuits filed against states over COVID-19 restrictions https://t.co/EMKbBWtY8d https://t.co/29s9klq0XD|
|Now available - Liquid Chalk!
Keep your hands to yourself and keep them clean!

#liquidchalk #coronavirus #covid_19 #nogerms #pullups #crossfit #gym #sanitation #dallas #safestworkoutintown #odysseyâ€¦ https://t.co/umnKDquHNB|
|Happy Covid-19 Tuesday!  Yummy cupcakes today!  masksforacause burbankca #wewillsurvive #tuesday #whatweekisit #coronavirÃ¼sÃ¼ @ Verdugo Woodlands, Glendale https://t.co/gmdBNWjyli|
|ITS ABOUT TIME TO REMOVE THE ACCUMULATED JUNK!!ğŸ˜
CALL US TODAY AT (716) 292-9574/(833) 784-2547
#wejunkyourjunk #buffalo #trashremoval #wearelocal #covid19 @ Buffalo, New York https://t.co/H1t6RROQH2|
|It was 18 #virus before  #covid_19 Watch  what you eat and watch you drink #coronavirus  #thisweekoninstagram  #gm @therealstylesp @buttagoodmusic #dblock  #lox #stylesp  #goust  #instagram  #entertainmentâ€¦ https://t.co/UyIJHuB7Xe|
|Thank you to sumaiyazama for presenting with me this afternoon on virtually viral hangouts mededulab #edtech #tlap #mediaeducation #virtuallytogether cairmass #ramadan2020 #covid19 #bettertogether @ Methuen,â€¦ https://t.co/qdixbwHnCR|
|Making an impact everyday! Join us in our mission to make #covid19 testing simple and accessible for all of New York. Text Us @ 9175405842 to bring our Testing RV right to your community. #staysafe #educateâ€¦ https://t.co/fFzvDoy0SA|
|#Privacy #Coronavirus #ContactTracing Major vulnerability shows dangers of mandatory contact-tracing apps https://t.co/GFpfSlgktB https://t.co/lqEwwHDb0k|
|Have a  wonderful week and hang in there. Grwat thing will come out of this Covid19 @ Scottsdale, Arizona https://t.co/YOWZ2XeYCX|
|Enjoying a little taste of Italy in Bostonâ€™s NorthEnd â˜•ï¸ğŸ° ğŸ˜·

#Coronavirus #SocialDistancing #COVID19 #FlattenTheCurve #quarantineLife #Boston #WBOP #staypositive #massachusetts #Northend #Moderpastry #reopeningâ€¦ https://t.co/nuX22i99ZF|
|Dinner. Dining inside for the very first time since 3/16, before Covid-19 closures. (at @Outback Steakhouse in South Naples, FL) https://t.co/k5qbf9bPMf|
|Your safety is always our number one concern.  Our staff has completed the COVID-19 certification for the professional beauty industry and ready to serve you!

#safetyfirst #waxingsugarland #waxinghoustonâ€¦ https://t.co/TuJPjdUkgL|
|Nearing 100,000 COVID-19 Deaths, U.S. Is 'Early In This Outbreak' : Shots - Health News : NPR
https://t.co/KPBgIUYp63|
|ğŸ«ğŸ¥œğŸ§ˆğŸ§from sugarrushatlanta Like and follow @great_atlanta FOR ALL GREAT THINGS ATLANTA!!! #Like and #follow #greatthingsatlanta #atlanta #covid_19 #food #atlantafood #atlantafoodies #covid #foodies #fun #yourrightâ€¦ https://t.co/c3I5iB1yvO|
|State election leaders say early voting will be back up and running in two Georgia counties where COVID-19 exposure at the polling place forced them to shut down early voting.

Even with the extra precautionsâ€¦ https://t.co/Sw6ygyGr3L|
|#followme #louisprada #tiktok #havingfun #pablito #videooftheday #yeah #loveit #nyc #humble #latino #lpradastyle #coronavirus #xoxo @ Brooklyn, New York https://t.co/BSHEv2b3pe|
|2020 A.C after corona out now on itunes n @applemusic mixed by @tpbigbeatz NY mofo city @ Manhattan, New York https://t.co/6I0eZjropu|
|Stay fashionable and safe with masks from @lapetiterobemi . Dm or text me to order #instafashion #fashionblogger #personalshopper #covid19 @ Saks Fifth Avenue https://t.co/rbtjMsh0jG|
|Keep on biking a little bit ğŸš´â€â™‚ï¸ğŸš´â€â™‚ï¸ğŸš´â€â™‚ï¸ğŸš´â€â™‚ï¸ğŸš´â€â™‚ï¸.   Nobody seems to care about the pandemic anymore....   #coronavirus #covid19 #stayhome @ Hunters Creek, Florida https://t.co/ZFXGX2bHlf|
|MEET THE CHEF ON INSTAGRAM LIVEğŸ’¯â€¼ï¸ tomorrow on @ccapphl  ğŸ¥˜Scroll over to get the 411 on chef Outlaw. âœ”ï¸ Thanks to all our participating chefs! #virtuallearning #quarantinecooking #covid19 #hanginthere #bethebestyouâ€¦ https://t.co/6fAayf21xH|
|Great news! ğŸ™Œ Governor @dougducey announced a significant investment from the AZ Coronavirus Relief Fund, allocated to organizations that provide out-of-school child care in the state! Read more: https://t.co/RlT62hET7H

@AZDHS @StateOfArizona 
#azstrong #greatfutures #arizona https://t.co/9271VIujCM|
|Did you or a loved one get released from County Jail because of COVID-19? Donâ€™t miss your next court date or a WARRANT will be issued. If you donâ€™t know your next court date, and you want to speak to your attorney,â€¦ https://t.co/6MAEIeM7nx|
|â€¼ï¸Tentative Covid-19 Phase 1 Reopening Plansâ€¼ï¸
Based on the Governorâ€™s guidance, our tentative re-open date is Friday, May 29 (this date is subject to change)

We will operate with the following restrictions for theâ€¦ https://t.co/aHWhzGX5hP|
|Flags are to fly half-staff today from sunrise until noon. ... Last Thursday, Trump ordered flags to fly half-staff for three days (Friday-Sunday) in honor of COVID-19 victims and then on Monday for Memorialâ€¦ https://t.co/KkiqW3i0CU|
|COVID -19 Preparedness Plan

for SALON 10

May 25th, 2020

Our Three Sons, Inc. d/b/a Salon 10 is excited to announce the re-opening of our establishment on June 1st, 2020.  We have developed the following plan forâ€¦ https://t.co/tUqaOALuY9|
|WHAT WE ASK OF EACH STYLIST/BARBER

1. DO NOT come to work if you have been recently diagnosed with COVID-19.  You will be asked to refrain from entering the building for a minimum of 14 days after diagnosis.   Ifâ€¦ https://t.co/G7dmxcuOAK|
|Life. 
.
.
Amidst this whole coronavirus pandemic, Iâ€™ve noticed how life has completely changed.
.
.
With change comes growth, but through change also comes resistance. Itâ€™s easy to question whatâ€™s going on, and theâ€¦ https://t.co/lqtqFKnGvX|
|ğŸš¨WARNINGğŸš¨ 
Coronavirus scams are on the rise. Keep yourself safe and informed with these four tips from the FTC. 

1. Consult licensed medical professionals for all of your testing and treatment needs, and ignoreâ€¦ https://t.co/2gYKovCEPy|
|Lenoir County up to 197 COVID-19 cases, 128 recoveries  https://t.co/PGpGXuExnN|
|#Black doesn't have to mean #basic
If you can't #socialdistance, at least you can be stylish when out and about! The masks are still equipped with the pocket for filters to be added
#TRISHBSTYLIN #FACEMASKS #covid19â€¦ https://t.co/MZiugyHpFM|
|Sold in Tahoe Donner! â£
â£
Congratulations to my clients that trusted me to list their beautiful condo during the onset of the COVID-19 pandemic and 5 days prior to the Shelter in Place order was issued. â£
â£
Luckily,â€¦ https://t.co/nPU2Ay7XLo|
|Masked 2020: A photo essay by Dawn Hoffman 
Masks of the day! (Day 32)
.
.
.
#mask #humanity  #masked #quarantine #eyes #safetyfirst #quarantinelife #covid19 #thankyou #lockdown #coronavirus  #portraitphotographyâ€¦ https://t.co/fszjzpLczf|
|When the pandemic first started 2 months ago #ChooseAorB ğŸ˜‚ğŸ˜‚ğŸ˜‚ #fyp #coronavirus #quarantine #essentialworkers @ Charlotte, North Carolina https://t.co/3UWvUq8iuw|
|Stay tuned for the next giveaway brought to you by @pointnshoot808 &amp; @Mockingbird808. And of course, @corona beer! Coming soon. You better start following us. Who else hooks you up? ğŸ¤™ğŸ¤£ (This is Honolulu onlyâ€¦ https://t.co/fsZb4iPLJP|
|Howard's University (Session 2 of 10) From Katrina to COVID-19  https://t.co/B6juuNOPNM|
|Slow and steady consistency is the most powerful driver of growth.
.
.
.
#empirestatebuilding #esb #americancopperbuildings #coronavirus #corona #virus #isolation #COVID19 #emptystreets #emptynyc #nycshutdownâ€¦ https://t.co/tMIJN1k8Al|
|#TechieTuesday: Missing your visits to your local library during COVID-19? Try an app like Hoopla or Overdrive to borrow books digitally! Go to your library's website to see which app they encourage you to use. #alonetogether #read #educate https://t.co/yZA3ki2lWT|
|Days on market down all over SoCal closer and closer to a sellers market .. some areas are there! Covid what?!?#callmetoday #list #sellers #onyourmark #sellsellsell #realtorlife #socalrealtor #listingrealtorâ€¦ https://t.co/GS8zP6uVgO|
|Now this is my kind of Covid care package thanks bud @PDXnewbie ğŸ ğŸ» @ Normal Heights, San Diego https://t.co/KCdrgPRMeh|
|We presented the @jtownpizza #COVID19 Reopening Training Session to the Team Members of @jtownpizza Today. Here Patricia McGee demonstrates proper + mandatory hand-washing technique to theâ€¦ https://t.co/s2MufNnacJ|
|He's a profound trainer serving miles for lunchâ£ #daddysgirlğŸ’¯ #thankfulness #teamworkmakesthedreamwork #independentprovider #eatclean #essentialbusiness #fitmomover45 #disabilityisnotinability #covid19 @ Huberâ€¦ https://t.co/7tdpXHkFoU|
|Did someone say #transformationtuesday ?!? I LOVED this look! Ugh, take me back! 
Hair: thevenusdoom ğŸ’‡ğŸ¼â€â™€ï¸ğŸ’…ğŸ¼ğŸ’„ğŸ’‹
â¤ï¸ğŸ–¤â¤ï¸ğŸ–¤â¤ï¸ğŸ–¤â¤ï¸
#me #drag #dragqueen #makeup #transformation #love #bored #art #throwback #covid19â€¦ https://t.co/l8ROTeGmiO|
|(In my best Cosmo Castorini voice) EVERYTHING IS TEMPORARY! #covid19 @ Pioneer Square, Seattle https://t.co/dvD8GZSn1B|
|Stay away from Covid, the police and Murder Hornets..... All will kill you !!!!  #murderhornets #coronavirus #ftp @ Atlanta, Georgia https://t.co/ggm35wql9p|
|Howard's University: From Katrina to COVID-19 (Session 2 of 10)  https://t.co/k3IUr38n18|
|Before the pandemic outbreak. 

#reginaedelmanphoto #newyork #winter2020 #covid19 #detected #inchina #then #traveled #in #theair #ofearth #now #quarentinelife #now #future #waiting #virusâ€¦ https://t.co/00BmTVy2hr|
|Covid-19 Business Losses Covered By Insurance: Lawyers And CPAs Advise You To File Claim Now https://t.co/RQXQihz0DR https://t.co/888oWpgDmv|
|Sean Barclay and Patricia McGee present Training information to Team Members of @jtownpizza during #COVID19 Reopening Training. #jtownpizzaco will be opening soon to Hot JtownPizzaCo Signature #Pizzas.â€¦ https://t.co/AJ5OjaASUB|
|Rollerblading through the city...

#rollerblading #skating #newyork #brooklyn #redhook #patinar #rollerskating #tuesday #covid19 #mylostdejavu #blogger @bigwheelblading #nyc #manhattan #rollerblades @ Red Hook,â€¦ https://t.co/jeugWLh7Iw|
|My Herb Garden and blooms #garden #covid19 #quarantinelife #capemaystrong #etsyfinds #2020 @ North Cape May, New Jersey https://t.co/qd4NgV47fO|
|This whole place feels upside down #coronavirus #seattle #usa #quarantine #quarantinelife @ Seattle, Washington https://t.co/ZlZiNNJHAp|
|Coronavirus Chronicles... listen to your body is not easy, but try everyday...#stayathome #besafe #quarantine #washingtonians #coronaviruschronicles #wearthemask #illustration #ilustrationart #illustrationartistsâ€¦ https://t.co/D3VTkswWBl|
|#YES
#BNM #BeautifulNurseMagazine #NewYork #CoronaVirus #Essential #FrontLine #Rona2020 âœŠğŸ¾ @ New York, New York https://t.co/osUcH9mF5F|
|Since this pandemic hit, Iâ€™ve done back to back covid assignments from California to NYC, only seeing my family 6 days out of the last 10 weeks. So after 38 days in NYC (31 12-hour shifts in a row), 2 negative covidâ€¦ https://t.co/6Y6SenqbYr|
|â˜€ï¸ REGISTER TODAY! ğŸ¶ 
Join us for a COVID-19 twist on summer camp - Summer Camp in a Box. You will receive materials for each weekday in the month of July as we create a summer worth remembering. We will engage inâ€¦ https://t.co/QBVTYiMj5O|
|REPOSTED FROM @oneikastyle 
SNIPPET OF TANGEE'S CLOSET VIRTUAL CROCHET FASHION SHOW COVID-19 ğŸ§¶ EDITION ğŸ’œâ¤ï¸ğŸ§¡ğŸ’›ğŸ’šğŸ’™

TO WATCH FULL VIDEO (LINK IN BIO)
DESIGNER: @TangeesCloset1â€¦ https://t.co/QVwR7Tpecr|
|Tuesday 5/26/2020 6pm Itâ€™s 93 Degrees Fahrenheit In Columbus Ohio! Please Hot Sun ğŸŒ Fry That Stupid COVID-19 Coronavirus!ğŸ¦ ğŸ˜·ğŸŒğŸ˜ @ Columbus, Ohio https://t.co/HPXytYeXbv|
|The dogs have not complained once during the quarantine. Not once. #covid19 #quarantinelife #dogslife #labsofinstagram #capemay #capemaystrong @ North Cape May, New Jersey https://t.co/Oo6tbIKE4r|
|Yo, who left they #covid19 by my car? I donâ€™t need this shit! Iâ€™m trying to pack my car!#brooklynheights #mysterious #dryice @ Brooklyn Heights https://t.co/qnVrgzblPl|
|#clapbecausewecarenyc #clapbecausewecare #essentialworkers #newyork #coronavirus #covid19 #covid_19 #openthecountry #chinavirus #chinaflu @ Manhattan, New York https://t.co/MgJcfZSkxr|
|from Redoubt News -&gt; RedoubtNews -=&gt;&gt; Corona Virus Testing Poll: Under any circumstances will you allow yourself to be tested for Corona Virus Antibodies? * Yes * No 2Â votesÂ Â·Â 2Â answersVoteResultsBack to vote Â  The post Corona Virusâ€¦ https://t.co/G7zUD9VvyK #1 #Poll ~RedoubtNews|
|Covid Couture @ Washington D.C. https://t.co/qkRV8VQKIR|
|Not sure if they're naming the or describing me post COVID19ğŸ¤”ğŸ˜‰ğŸ˜€ @ Springboro, Ohio https://t.co/7Z5fBGPvGA|
|Awwww YAY!! Our guest got their sign and left us an amazing â­â­â­â­â­ review!! I am so humbled by all of our amazing guests. Even with delays with carriers due to Covid-19 everyone has been more than understanding andâ€¦ https://t.co/voo1OjAkjA|
|GLOVES2TRASH Pt.3 ğŸ§¤ğŸ‘‰ ğŸ—‘ 
ğŸ—‘ 
ğŸ—‘
If Youâ€™re gonna throw â€˜em on the ground anyway... ğŸ–•ğŸ» 
ğŸ—‘ 
ğŸ—‘ 
ğŸ“¸ @AlisaErmo 
ğŸ—‘ 
ğŸ—‘
#covid19 
#awareness 
#gloves
#trash
#modeling 
#blueeyes 
#Russianâ€¦ https://t.co/VyaYzXqaQD|
|Hey LA. Get well soon. I kinda miss you. #la #dtla #lalife #covid19 #losangeles #travelwell #scottshoemake #sonyrx100 #mastinlabs #ektar100 @ DTLA https://t.co/gI926et2EO|
|Thanks to pbrizo for the recommendation â€¢ @chapmancrafted &amp; @otherhalfnyc â€¢ In March, as bars, restaurants and taprooms closed across the country due to the novel coronavirus pandemic, and millions of hospitalityâ€¦ https://t.co/4MnDNpLQPv|
|Real TalkğŸ‘€ğŸ‘€ğŸ‘€ğŸ‘€........
#photooftheday #coronavirus #smdh #tweetgram #instagood #instadaily #uber #covid19 #haveyourwaylord #stayhomesavelives #likeforlikes #follow4follow #keepwalkingbyfaith #thinkaboutit #repostâ€¦ https://t.co/NM1rCXzrup|
|Granny Meryl made us some new masks. These ones are even better!
.
#masks #covid19 #keepcalm #keepcalmandcarryon #teamdawes #teamdawesome #maketodayanevent @ Glens Falls, New York https://t.co/zdqs1H43tl|
|Feel so privileged to work on this beautiful dior custom mask.  Thank you Stacey for your trust in me!

For bespoke service, please TEXT 917-981-9801.

#fabricmask #premiumfabricmask #clothmask #covid19â€¦ https://t.co/57b2V0MpOM|
|Someone has a bun in the oven!
Due to Covid-19 we will not be able to have a Baby Shower for our first born! For those willing to help or donate here is our registry link! Tatiana &amp; Randyâ€¦ https://t.co/fY6caT5fEb|
|Please go away Corona so we can go back to work with dad and mom will quit giving us baths when she is bored!  Signed-Squeaker and Andee.  #JohnsonsJewelers #mascots #dachshunds #comeseeusweareawesome @ Johnson'sâ€¦ https://t.co/ATThLyqV0k|
|Congrats to my guy for successfully completing middle school! CoVid prevented his graduation but we good ğŸ™ŒğŸ¾ Still trying to figure out where did 2 years go so fast as his maturity level hitting warp speed ğŸ¤£ğŸ¤£...â€¦ https://t.co/upsuOu8AVi|
|Tonight at 6 CBS News watch my approach after we come back to the new normal.              #covid19 #cbs #cbsnews #hairsalon #stylist #sfhairstylist #hairdresser #moratorium @ ArthurSebastian https://t.co/8URQlN3Teg|
|Shear Anointing by Stephanie
New Guidelines (for your safety &amp; mine)

I love all of my clients, but things will be a little different now in light of the Covid-19 pandemic. In order to provide additional safety andâ€¦ https://t.co/Lu0qJJuz08|
|Hard work and dedication paid off this weekend for 12 year old Mihir Roperia. He won his first three day event on the @HJGT by a mere 19 shots playing by himself, without parents on the course because of Covidâ€¦ https://t.co/KJzSQwJI9a|
|In my rearview mirror Asian women in her car alone windows rolled up covid mask n texting" ?
"FUCKING MORON" ! @ San Pedro, California https://t.co/CercLu6UKv|
|Took a walk with Princesses tonight ğŸ‘¸â¤ï¸ #familywalk #avarosepho #anabellepho #quarantinelife #covid19 @ Port Richmond, Pennsylvania https://t.co/Ih6vcLwG3b|
|#RIPMACDRE 
#thizzlamicallyspeaking  

June 7th..... #TheGameIsThickPt3 hitting all platforms the day I was supposed to get released shoutout #COVID19 
EVERY TRACK PRODUCED BY mmmonthabeat  
mmmonthabeatâ€¦ https://t.co/oYfDAsU3qw|
|Junior Nordic gear return - COVID style â˜€ï¸ @ Kincaid Park https://t.co/PLM0QlUxwj|
|Some people just donâ€™t get it!  Donâ€™t let the ignorance of others cause you to not protect yourself.  #coronavirus is no joke and folks are going to find out the hard way real soon! #stayhome #staysafe #demparkers @â€¦ https://t.co/KiWPc3fFaW|
|https://t.co/q1bIRBjDj8 We'll be updating this story throughout the day Tuesday with the latest local news on the coronavirus pandemic. If you'd like to go through a roundup of https://t.co/PXzyWuDSVF #atx #austin #all512|
|â™¥ï¸â™¥ï¸ saw these two ladies after my sister tested COVID-negative. ğŸ™ŒğŸ½ It was nice to see all of my beautiful black people enjoying the great outdoors, safely, wearing masks in common areas. ğŸ˜·ğŸ‘ğŸ½ Keep up the good workâ€¦ https://t.co/AtiyPiwhfc|
|I got a new bed and because of Covid, the old mattress couldnâ€™t be removed. I have it temporarily stored in my living room, where my #rescuecat thinks itâ€™s her new cat tree. #rescuecatsofinstagram #catsâ€¦ https://t.co/OcMvECxsEb|
|ğŸ™ Thank you for planning a visit to Veiled by ChaCha. We value our clients and want to maintain a safe environment during your visit.
 
â¤ï¸Veiled by ChaCha continues to monitor the impact of the COVID-19 (coronavirus)â€¦ https://t.co/PfEFyiHm3C|
|Itâ€™s been pretty quiet over here, thanks to COVID, but that doesnâ€™t mean some routines havenâ€™t continued.
#transgirl #transgender #transvengers @ One Medical https://t.co/sihlWMAVP0|
|Why are Africa's coronavirus successes being overlooked?                                                        Senegal is in a good position because its Covid-19 response planning began in earnest in January, asâ€¦ https://t.co/HihvsAHrgb|
|Covid Campers story for bloomberg bloombergbusiness #covid_19 #rv #photography #photojournalism #minnesota see story in link @ Hilltop Camper and RV https://t.co/BMKraFth44|
|Parishioners, if you test positive with Covid-19 or are told to be quarantined because you have come into contact with someone that has tested positive, please alert the Parish office (phone 256-325-0695/emailâ€¦ https://t.co/klAgPUgI5f|
|Corona CA Tue May 26th PM Forecast: TONIGHT Mostly Clear Lo 63 WEDNESDAY Mostly Sunny Hi 98|
|ğŸ™ Thank you for planning a visit to Veiled by ChaCha. We value our clients and want to maintain a safe environment during your visit. â¤ï¸Veiled by ChaCha continues to monitor the impact of the COVID-19 (coronavirus)â€¦ https://t.co/Z1JkW6SNYv|
|Seen on my walk this evening. #flowers #covid19 #coviddiaries @ Pittsburgh, Pennsylvania https://t.co/HpvEbN9yyr|
|#Repost nbcnews
â€¢ â€¢ â€¢ â€¢ â€¢ â€¢
@NBCNightlyNews' Lester Holt shares some of the stories of those who died from coronavirus.
ğŸ™ğŸ¾ğŸ™ğŸ¾ğŸ™ğŸ¾ğŸ™ğŸ¾ @ Las Vegas, Nevada https://t.co/01FDNGtyEp|
|âœ¨Kustom Face Koversâœ¨
Now taking preordersâ€¼ï¸
kaywaystyles_thebrand ğŸ‘‰ğŸ¾DM to place your ordersğŸ‘ˆğŸ¾
#StyledTheKayWay #coronavirus #facemask #swipeleft @ Atlanta, Georgia https://t.co/DH81aDfKnL|
|Swipe ğŸ‘‰ğŸ» to see ğŸ§¿
Added some gold leaf to my COVID Thangka. Since the reference for the right half of the painting is a White Tara thangka painting, it only seems appropriate to have the halo actually be of 24kâ€¦ https://t.co/KCL69sbHyQ|
|This is how we #quarantine. #COVID19 will not stop us. Boys night camping on our 18th anniversary. I love you mklugs #optoutside #nofilter #camping @ The Treehouse Camp https://t.co/xhroXP0nkb|
|Social Distancing Sunset Walk... Boston Waterfront &amp; Seaport District ! ğŸ˜·ğŸ™ğŸ»  Canâ€™t wait until my Barber Shop Opens ğŸ’ˆ

#SocialDistancing #COVID19 #FlattenTheCurve #quarantineLife #Seaport #Boston #WBOP #spring2020â€¦ https://t.co/cxvU6bQneQ|
|The #sociological aspects of #COVID-19 âœŒï¸#BIKE helmets AND #SEATBELTS were not commonplace when I was a #lad #kids #covid19 #coronavirus #socialdistancing #masks #parenting #humanisticpsychology #therapistâ€¦ https://t.co/B6GVisLuDV|
|Worship on the River is the third Tuesday of the Month at St. Joseph-Downtown where young adults come together for Adoration, Confession, and Fellowship. At this time due to COVID-19 restrictions, Worship on theâ€¦ https://t.co/LeKZLinMuc|
|'They Should Include Us': Vermont's Immigrant Farmworkers Push For Coronavirus Aid || Vermont Public Radio
https://t.co/20X5vZwbDB|
|Stay Home, Make Art
.
Denise Giardullo
.
Work in Progress, 2020, fiber, machine and hand quilted; 
lace embellishments, 31 x 33 in.
Identity, 2020, collage, 7 1/2 x 11 in.
Covid Flowers, 2020, fiber, hand feltedâ€¦ https://t.co/nqJ1W8frdK|
|Worship on the River is the third Tuesday of the Month at St. Joseph-Downtown where young adults come together for Adoration, Confession, and Fellowship. At this time due to COVID-19â€¦ https://t.co/KHF0NCBQSX|
|Thank God! We had the crazy mosquito illness back in the fall, now Coronavirus this later winter into the spring. Now if you live around me and have way more water in the area that has no where to go you now have aâ€¦ https://t.co/hQz71Nihsw|
|Love in times of Corona ğŸ’š @ Los Angeles, California https://t.co/Z8MS8unMWu|
|As part of NYC Open Streets program (opening over 40 miles of streets all across the five boroughs to allow for greater social distancing during the COVID19 crisis), Colonial Road from 83rd to 86th Street is closedâ€¦ https://t.co/LenMd5X8eB|
|machan_sign in zaferia Helping you reopen safely. Floor Decals, Plexiglass Partitions, Custom Covid-19 Signage made especially for your business. We are here for you.  #customesigns #covidsignage #floordecalsâ€¦ https://t.co/RAXGPmh5V2|
|ğŸ”¥ Hot New Listing! â €
â €
304 Poppy Avenue in Corona Del Mar â€¢ 4 beds â€¢ 7 baths â€¢ 4,598/sf â€¢ Offered at: $8,395,000 â €
â €
This coastal masterpiece displaying pristine ocean views is located on a large street-to-streetâ€¦ https://t.co/PZLP3bbWQh|
|I am so excited to be competing in Miss Florida for America in the near future. Our tentative date for the pageant is July 12 but with Covid-19 weâ€™re not sure when that will take place. But I thought Iâ€™d share theseâ€¦ https://t.co/XG3SElfvpy|
|Running into summer and away from Covid-19...

#easthampton #sociallydistant #sociallydistanced #sociallydistancedphotography #sunset #landscape #pandemic2020 #montauk #amagansett #wainscott #southamptonâ€¦ https://t.co/NShVh2A4Eo|
|I got my first post Covid haircut today. @ Tyler, Texas https://t.co/ZT9rYwIoFH|
|Ready to "laugh it up" and "make lemonade out of lemons" "passing time" during Covid Season? 

https://t.co/Yn2jgDeiL5

My #covidsilverlining is time to write with my 90 year young adopted dad Grahamâ€¦ https://t.co/EhoDD6ErjS|
|Osceola County Free Covid-19 Testing:
_____________
#testingsite #osceola #kissimmee #stcloud 
#celebration #sitiodepruebas #florida #orlando
_____________ https://t.co/SsnWfbZ3P3|
|Pat and Dan made us some beautiful vegetable boxes and Pat and Kev finished filling them in today, so we are ready to plant! #gardeningismytherapy #coronavirus #quarantine #summer2020â€¦ https://t.co/MT865uuCvr|
|CORONAVIRUS UPDATE: MAY 26, 2020
__________________
#Osceola #backtowork #noticias #news #Orlando #kissimmee #poinciana #buenaventuralakes #campbell #stcloud #celebration #yeehawjunction #orlando #ocoee #winterpark #doctorphillips #osceolastar
__________________ https://t.co/TMOTghXVvm|
|We were hoping we would not â€œhaveâ€ to have another Covid run... but this time we had a â€œGlovid 5Kâ€ in GH. All decked out in glowing apparel, we hit the streets. First â€œwaterâ€ station wasâ€¦ https://t.co/0jCNrwHN3o|
|Got some reps in today, gotta keep working. #lacrosse #athlete #quarantinelife #sixfeetapart #workhardstayhumble #allfightnoflight #trainhard #workhard #keepgrinding #grinddontstop #coronavirus #westcoastâ€¦ https://t.co/HBrw4eVpai|
|Time for another Covid (or, as the case may be, Covered) Selfie. Is that me under there? Or is it my doppelgÃ¤nger?! Youâ€™ll never know..... #composer #saferathome @ Hollywood https://t.co/cKWNQreuc2|
|Welcome to Las Vegas, honored to have been able to represent the Paez Family in their relentless pursuit to make Las Vegas their homeownership dreams come true even in the midst of a pandemic.Â Â 
During COVID-19 andâ€¦ https://t.co/F31Jqd0Oaj|
|Erie smallmouths put on the covid weight as well!  Calm 33 deg windless day on the lake. Most of our fish came on #jackall rhythm wave swimbaits were the deal today. #fishgloomis #humminbird #360 #geigertecâ€¦ https://t.co/EkOo5gbDiN|
|West bound bridge is a fucking cluster fuck   Door dash and Shake Shack ftw though for very late dinner #endtimes #corona @ Hampton Inn Baltimore-Downtown-Convention Center https://t.co/Pn2AxLQX4O|
|As my wife treats COVID19 patients daily in the emergency dept, if you spent the holiday this weekend not social distancing, if you didnâ€™t wear a mask, if you pretended that the pandemic isnâ€™t real, if you think thatâ€¦ https://t.co/MfsEP6anoH|
|NBC News

nbcnews

Coronavirus "injures" placenta in infected pregnant women, study finds - 

@TODAYShow

https://t.co/jxq5Xu4nUw @ Hammond, Indiana https://t.co/0TkUW7gtfH|
|Just SOLD to my BESTIE family a GORGEOUS house...CongratulationsğŸ¾ğŸ¾ğŸ¾ğŸ¡ğŸ The Harrisonâ€™s â¤ï¸ğŸ â¤ï¸ #coronavirus #sold  #realestate #poppinbottles @ Dellrose Community https://t.co/QwmEZzBYRl|
|Presented without comment.(except these hashtags) #boomermeme #thanksobama #bats #covid19 @ Calvary Community Church https://t.co/85pxAiderr|
|When that first post-corona public beer hits your soul âš¡ï¸
.
.
Thinking about posting some original music this week. Who wants it? @ Nashville, Tennessee https://t.co/oTJqhsxpLt|
|Todayâ€™s adventure. #travel #quarantine #weather #nature #naturephotography #travelphotography #covid19 #selfisolation #6feetapart #mountains #forest @ Caesars Head State Park https://t.co/lYEyWp4yho|
|Ask these dead people if Covid-19 is a fraud @ Los Angeles, California https://t.co/QMsSBOFRj6|
|#Drivebybirthday was such a success for Leaanns #Covid #quarantinebirthday celebration!  Thanks to Dina and Stephanie for coming up with the idea, and to those who came, even her dad and stepmom came fromâ€¦ https://t.co/gaVnI3jvSQ|
|Coronavirus self quarantine day 71: it should feel like summer right about now but it doesn't. The kids have been out of school longer than they would have been for summer break and we haven't had a vacation.  It'sâ€¦ https://t.co/kalS7jZVrV|
|#Flowers in the #rain #travel #quarantine #weather #nature #naturephotography #travelphotography #covid19 #selfisolation #6feetapart #mountains #forest @ Caesars Head State Park https://t.co/QxyPRf4NIa|
|Gettin' #Creative ğŸ§·âœ‚ï¸, by turning my #DishTowels ğŸ½ï¸ into a #COVID19 #FaceCovering ğŸ˜·! ğŸ‘ haha, ugh ğŸ˜‚ Pic: #JamminJo / #JoAnnBush 2020 ğŸ“¸ #LosAngeles #CA #SAGAFTRA #Actress #MaskUp #GloveUp #CoronaMask #CoronaVirus @â€¦ https://t.co/jg740Rm1fy|
|Campbellâ€™s covered bridge and what I suspect used to be #mill stone wall #travel #quarantine #weather #nature #naturephotography #travelphotography #covid19 #selfisolation #6feetapart #mountains #forest @ Campbell'sâ€¦ https://t.co/1eb2ayL3Dw|
|ğŸ‚ğŸ¥›from cartersdelights Like and follow @great_atlanta FOR ALL GREAT THINGS ATLANTA!!! #Like and #follow #greatthingsatlanta #atlanta #covid_19 #food #atlantaclubs #atlantafood #atlantafoodies #covid #blackrightsâ€¦ https://t.co/0F25vXXw5L|
|Life After the Virus: What to do about Policy? 

The coronavirus shock is reinforcing structural trends and introducing new ones, such as the policy revolution, surging sustainability wave and acceleratingâ€¦ https://t.co/MrI9LFtmk2|
|Shame this isnâ€™t lit, we could really use a beacon of hope to light up our town as things finally reopen mid 2020. Again, thanks coronavirus.

 #covid19 #coronovirus #hope #hopewins #lovewins #KeeperofThePlainsâ€¦ https://t.co/YCx3RaKAeN|
|Damn you COVID #GiveUsFree @ Braintree, Massachusetts https://t.co/Scc4OjbqAN|
|#Repost @WhitneyYoungHC ãƒ»ãƒ»ãƒ»
This week Whitney Young Health is COVID-19 testing in Albany, #TroyNY and Watervliet. Call 518-465-4771 to be assessed and schedule an appointment, no walk-ins please. @ Troy, New York https://t.co/uhkQ36DOQ9|
|"Case 12454107 previously reported and marked "resolved". - is still here. The feces covered T-shirt was tossed into the street and the feces is still all over the original defacation point. Covid-19 danger needs hazmat spray and..." (Mission Dolores, D8) https://t.co/eg2AG6T819 https://t.co/r65w0cdLgt|
|Waited to do this until my nieces could visit because of the #coronavirus #uphill #nieces #wearefamily #backyard #tiktok #picrafters @ Grand Prairie, Texas https://t.co/ljEDwmzXiM|
|Supreme Transitions is serving the community during COVID-19 Uber is giving survivors of domestic violence free uber rides, limited amount available.  Contact Supreme Transitions via email supremetransitions@gmail orâ€¦ https://t.co/ZaNwaaEv0e|
|Gee, I wonder why those #states are seeing a spike in #covid19 cases?!? #coronavirus #outbreak2020 #apocalypse #usa @ New York, New York https://t.co/KfyFQjasH1|
|Oh she cute. #nashville #world #class #usa #instagay #45 #liveinthesky #gay #fitness #covid19 @ Nectar: Urban Cantina https://t.co/E16EApLyYi|
|Supreme Transitions is serving the community during COVID-19. Uber is giving survivors of domestic violence free uber rides, limited amount available.  Contact Supreme Transitions via email supremetransitions@gmailâ€¦ https://t.co/zu1BilNhoo|
|As an African American at times it feels as if I've always had to wear a mask, view situations as if they were masked, or covered up. Covid-19 is truly an awakening for African Americans to wise up, because every newâ€¦ https://t.co/4Xddy8Qfol|
|Getting the week started off right.  Nice Hemet home for the clients of nancymarshallrealtor .
ABL is COVID Compliant and we have been open the entire lockdown.  Glad to see things start to open up.  #TEAMABLâ€¦ https://t.co/I6hJMWJX7g|
|Basketball Player, Closed park due to coronavirus on Mar 18, 2020-Portsmouth, NH-Kodak Portra 2011-11- shutter 1/60 f/2.8-Fed5c Industar 61 #film #nikoncoolscan #photography #filmisnotdead #analog #analogphotographyâ€¦ https://t.co/pPJA3l9RIS|
|Hereâ€™s your COVID-19 update in the County of Ventura. The data includes four days of information: Friday, May 22, Saturday, May 23, Sunday, May 24 and Monday, May 25.
 
105 new cases
1,017 total cases
747 recoveredâ€¦ https://t.co/9VU3Jtjrka|
|Congrats to all of this yearâ€™s graduates!! ğŸ“ Many wonâ€™t get to walk across the stage due to Corona but they earned that degree. 
â€¢
â€¢
â€¢
â€¢
#art #illustration #dopeart #supportblackart #drawing #classof2020â€¦ https://t.co/hpQNzAGhvF|
|Back at it ğŸ’ª

First training session since we had to close our doors due to COVID19.

You don't realize how much you love something until it's taken from you.

Tonight we saw a focused group that worked hard andâ€¦ https://t.co/sYZXINUXOl|
|Quick little Memorial Day weekend roadie down to San Diego with Remerâ€”legendary. Surfed our asses off, drank hella @corona + lime, and smashed copious amounts of Mexican takeout. The dawn of an era. Last vidâ€¦ https://t.co/VpT7iugw3V|
|My goto wings place - #nope &amp; we lost pokpokaway chef to COVID-19 #rip @ Whiskey Soda Lounge https://t.co/1eqiViogfE|
|COVID-19 update @ New York, New York https://t.co/ebIS6ILTr1|
|ğŸš¨AS FLORIDA TAKES THE LEAD ON REOPENING, COVID CASES CONTINUE TO RISEğŸš¨Article by Jordan EversleyğŸ”¥ Visit https://t.co/IYFMu6bt1l NOW for your daily culture nourishment. Also, follow @thesource @hersource and sourcelatino ifâ€¦ https://t.co/N98CXZN4MO|
|For your safety and ours, our entire staff is now certified in the barbicide covid-19 Certification. As cosmetologist we are also licensed by our state in the knowledge of infection and infection control andâ€¦ https://t.co/uMvi3mgYbc|
|Good Woman is like a Dirty #Book ğŸ§¨
And a #Dirty Book is Rarely Dusty my friend
â€”â€”â€”â€”â€”â€”â€”â€”â€”â€”â€”â€”â€”â€”â€”â€”â€”â€”â€”â€”
ğŸš¨OnlyFans Link in BioğŸš¨
â€”â€”â€”â€”â€”â€”â€”â€”â€”â€”â€”â€”â€”â€”â€”â€”â€”â€”â€”â€”
#Covid19 #stayhome #happymemorialdayweekend #vibes #Quarantineâ€¦ https://t.co/FqGIe3sIBx|
|Tuesdays are still about the tacos...

Threw a lil something together to complement the main course of Corona and shots...ğŸ¤ª

Missing my regular oceangrooves fam. Just grooves, good moods, pumping  out the choons,â€¦ https://t.co/RTCdCUNwh6|
|Check out mritsmoney "Reposado" (Official Music Video) out now on Youtube. Link in his Bio #Reposado #ItsMoney #Bayarea #Artist #Explore #ExplorePage #Empire #Quarantine #coronavirus #Verzuz #xxlmagazineâ€¦ https://t.co/QxaQgDisWQ|
|This is where we are now. It's hard.  chuckmccarthyart

#rock #art #artist #arts #face #drawing #sculpture #wtf #silly #COVID19 #quarantine #tie #artgalleries #artcollector #life #losangeles #hollywoodâ€¦ https://t.co/hUr2qPpjYZ|
|I am respectfully asking this of all my friends and family. I understand that some of us differ in our beliefs regarding COVID19. I also understand that some of you will be downloading the COVID19 app; however, if Iâ€¦ https://t.co/aHapJ6Gthq|
|Rose Queen Cosmetics is Barbicide COVID-19 Certified!
.
.
.
.
.
.
#RoseQueen ğŸ‘¸ğŸ»ğŸŒ¹#CrueltyFreeMakeup #MUA ğŸ’„ #SmallBusiness #SmallBusinessNYC #OnlineStore #Entrepreneur ğŸ‘©ğŸ»â€ğŸ’¼ #Latina #GlitterEyeshadow #Glitter âœ¨ #Makeupâ€¦ https://t.co/IdAPeaFcy5|
|I'm finally ready for Covid-19
#WHUFC #westhamunited #PremierLeague #football #COVIDãƒ¼19 #coronavirus @ San Diego, California https://t.co/UATxYP3sQH|
|Don't be an ass, just wear a mask. #wearamask #covid19 #bebest @ Kansas City, Missouri https://t.co/ffT4QcW07w|
|#thenewnormal #droffice #covid19 #coronavirus #socialdistancing #wearyourmask #diabetes #notfun 
And no I don't have #covid19  #lol @ Bellefontaine, Ohio https://t.co/0JFbxT5GcR|
|DAY 71: Do you know how good sushi is after not having it for &gt; 10 weeks? OMG you guys. Thanks, @judesb for your recommendation (can't seem to tag Yokohama Alameda).
.
#covid #quarantine #shutdown #sf #bayareaâ€¦ https://t.co/oZ2zoMfjY4|
|#Tuesday  #covid19 #presser #mayor @ Los Angeles City Hall https://t.co/hauWtgixFP|
|Well, when you put it that way... RT @ryanstruyk: Reported US coronavirus deaths on date:

Feb. 26: 0 deaths
Mar. 26: 1,195 deaths
Apr. 26: 54,856 deaths
May 26: 98,913 deaths|
|https://t.co/q1bIRBjDj8 We'll be updating this story throughout the day Tuesday with the latest local news on the coronavirus pandemic. If you'd like to go through a roundup of https://t.co/S6w9pkc01z #atx #austin #all512|
|Still quarantining for all my friends and family out there working in fields where they donâ€™t have a choice to... - #covid19 #qurantinelife #flattenthecurve #shelterinplace #covid #inthistogether #quarantineâ€¦ https://t.co/Uf1zPx15dt|
|I am so thankful to be able to go in a yard every day for some fresh air! I love my view of Mission Valley! #sandiego #quarantineandchill #quarantinelife #coronavirus #sundiego @ Northâ€¦ https://t.co/XwycmN21pQ|
|Thank you to all our #fireman #police and #nurse (#firstresponders ) that have been keeping us all #safe during #Covid19 and ALL YEAR LONG! We are so great cul! Please remember that you receive 10% off withâ€¦ https://t.co/Jb7J3AOGEE|
|#covid_19 #covid19 #covid #eating #qurantine #masks #wearingmask #joedamico #thehostoflasvegas @ Spanish Trail Community https://t.co/jzNlbTCswy|
|So I never thought Iâ€™d make a #PUNKBEAR comic about #covid19 but here we are. Iâ€™m sorry to those that have lost loved ones to this, whom havenâ€™t been able to see friends or loved ones because of distancing or if youâ€¦ https://t.co/Z1SIKuc1v8|
|We are OPEN!  Remember the new Covid19 protocol only allows 5 per class...so sign up quickly!  And a $10 Late Cancel/No Show fee applies.  Please let us know if youâ€™re not going to make it so we can offer your spotâ€¦ https://t.co/8NT5xlsoi2|
|Yes  #dallascounty #truth #life #vida #coronavirus #covid19 #dfw #tx #texas #dallas #mundo #world #usa  #cdc #verdad #unitedstates #china  #health  #salud #masks #flu #death #deaths #lives @ Dallas, Texas https://t.co/y3yrNgX1IS|
|Stills from my newest edit for taydaprince ft. @johnlegend called Love One Another. Theres a shoutout to my all time hero Sammy Sosa in the song.

This video was made to help Coronavirus Relief with all proceedsâ€¦ https://t.co/XxaIgxMaEc|
|5/26/20

Hit the â¤ï¸...

Coronavirus 24 hr real estate market update -

Montgomery County, Md.
.
#Realestate #maryland
#moco #montgomerycounty #montgomerycountymd #washingtondc #dc #realestateagent #remax #successâ€¦ https://t.co/0ZixlSkXSG|
|Drive-in 2020 #covid19 #moviesmoviesmovies #socialdistance #frontrow #shrek @ Skyline Drive-In Theater https://t.co/ZP7soEGmwD|
|TONIGHT itâ€™s certainly a Fitting Night to TUNE Into @foxsoultv tammiemac Show as the Hosts of this past Weekendâ€™s Special COVID 19 Relief Edition of #defpoetryjam discuss the presentation of over 2 dozen poetsâ€¦ https://t.co/2BEGiLk5ZN|
|Check us out Wednesday,  May 27 during the 9 o'clock hour on channel 31! We will share our story of how Covid-19 has impacted us and our plan to move forward.

@gooddaysac @visitlodi downtownbusinessalliancelodiâ€¦ https://t.co/2uazZX3mOv|
|COVID-19 update @ Gristedes Supermarkets #059 https://t.co/K4rEeCV6Xb|
|2020 Coronavirus House Arrest Day 72 - The announcement came that all retail stores (excluding personal grooming) are finally allowed to open for in-store shopping tomorrow albeit face masks, social distancing, andâ€¦ https://t.co/cm2kuqBnko|
